KEY,SubmissionDate,enumerator,deviceid,devicephonenum,starttime,endtime,duration_min,hh_id,village_id,gps,consent,resp_age,resp_sex,resp_hh_head,resp_educ,hh_size,hh_children,hh_watersource,hh_watersource_o,stored_yn,stored_container,stored_container_o,stored_covered,stored_clean,storage_time,stored_chlorine,treat_chlorine,treat_boil,treat_notablets,water_safety,water_satisfaction,child_name_1,child_age_1,diarrhea_2d_1,diarrhea_7d_1,child_name_2,child_age_2,diarrhea_2d_2,diarrhea_7d_2,child_name_3,child_age_3,diarrhea_2d_3,diarrhea_7d_3,enum_comments
uuid:9279b740-a3c4-43a4-8544-759067ea4aa6,"Jul 12, 2026 4:40:20 AM",ENUM08,SCTO-DEV-08,+25672458591,"Jul 12, 2026 4:04:50 AM","Jul 12, 2026 4:29:20 AM",24.5,1304002,1304,0.305885 32.868088 0.0 7.0,1,58,2,0,2,8,3,2,,1,2,,1,1,99,1,0,3,0,3,3,Thabo,17,0,0,Zainab,38,0,1,Aisha,18,0,0,
uuid:e21edd84-15e1-4d7a-8825-1baa63cc70dd,"Jul 6, 2026 8:45:19 AM",ENUM01,SCTO-DEV-01,+25672867825,"Jul 6, 2026 7:02:55 AM","Jul 6, 2026 7:23:19 AM",20.4,1204088,1204,0.202869 32.722005 0.0 13.0,1,46,2,0,2,3,1,4,,0,,,,,,,7,1,0,3,1,Imani,42,0,0,,,,,,,,,
uuid:e08a7eeb-fc10-445c-bdc3-c42587622831,"Jul 14, 2026 6:18:32 AM",ENUM04,SCTO-DEV-04,+25675108603,"Jul 14, 2026 5:14:08 AM","Jul 14, 2026 5:31:32 AM",17.4,1202018,1202,0.196359 32.868591 0.0 14.0,1,50,1,1,2,4,1,1,,0,,,,,,,6,6,0,1,3,Zuri,50,0,0,,,,,,,,,
uuid:c3cabe39-492d-4397-a0e5-8b5813272c28,"Jul 19, 2026 8:40:12 AM",ENUM04,SCTO-DEV-04,+25675108603,"Jul 19, 2026 7:29:12 AM","Jul 19, 2026 7:51:12 AM",22.0,1401012,1401,0.414752 32.455686 0.0 15.0,1,55,1,0,3,8,3,-666,Gobi river,1,2,,1,1,48,0,6,2,1,2,2,Oluwaseun,48,0,0,Aisha,49,0,0,Sekai,11,0,1,
uuid:40eebe81-bb6e-4214-98bd-fe177030abd0,"Jul 2, 2026 6:35:21 PM",ENUM04,SCTO-DEV-04,+25675108603,"Jul 2, 2026 5:28:45 PM","Jul 2, 2026 5:41:21 PM",12.6,1403109,1403,0.425356 32.725768 0.0 6.0,1,50,1,0,2,8,2,1,,0,,,,,,,0,2,1,1,3,Baraka,17,0,0,Imani,12,0,0,,,,,
uuid:faa1e9ed-e978-482e-878d-74d52112d9ca,"Jul 16, 2026 8:45:49 PM",ENUM03,SCTO-DEV-03,+25675614226,"Jul 16, 2026 8:09:37 PM","Jul 16, 2026 8:35:49 PM",26.2,1403067,1403,0.418876 32.721270 0.0 10.0,1,28,2,1,2,8,3,2,,1,2,,0,1,12,0,3,7,0,1,3,Femi,4,0,0,Naledi,23,0,0,Sekai,0,0,0,
uuid:c3c56935-8de6-4f06-8409-eedeed85a232,"Jul 8, 2026 12:31:11 PM",ENUM07,SCTO-DEV-07,+25672719583,"Jul 8, 2026 11:17:35 AM","Jul 8, 2026 11:33:11 AM",15.6,1204081,1204,0.205477 32.729978 0.0 6.0,1,60,1,0,1,5,2,4,,1,1,,1,1,2,0,0,0,1,3,1,Jelani,6,0,0,Sekai,18,0,0,,,,,
uuid:9dc6f51b-869c-4425-af89-17dbeb3f9e7d,"Jul 6, 2026 5:28:51 AM",ENUM06,SCTO-DEV-06,+25673341057,"Jul 6, 2026 4:58:45 AM","Jul 6, 2026 5:02:51 AM",4.1,1302068,1302,0.319777 32.597571 0.0 12.0,1,24,2,1,3,3,1,1,,1,1,,1,1,48,0,4,0,0,3,3,Zainab,28,0,0,,,,,,,,,
uuid:86559c9a-9297-46ce-83e5-984f7a2c4b0f,"Jul 17, 2026 4:14:54 PM",ENUM07,SCTO-DEV-07,+25672719583,"Jul 17, 2026 3:06:48 PM","Jul 17, 2026 3:28:54 PM",22.1,1303025,1303,0.315919 32.735995 0.0 6.0,1,45,2,1,3,4,0,1,,1,3,,0,1,6,1,0,0,0,3,3,,,,,,,,,,,,,
uuid:d7d01fe7-e65b-43a0-922d-48becc9b4383,"Jul 18, 2026 7:53:35 AM",ENUM03,SCTO-DEV-03,+25675614226,"Jul 18, 2026 6:58:17 AM","Jul 18, 2026 7:16:35 AM",18.3,1302070,1302,0.303680 32.588902 0.0 7.0,1,66,1,1,3,4,3,1,,1,-666,Plastic drum,0,1,12,0,1,5,0,1,3,Sekai,32,0,0,Chidi,17,0,0,Oluwaseun,53,0,0,
uuid:c3b0df2f-9292-4a8d-8e2f-a3b9de908271,"Jul 8, 2026 8:51:57 PM",ENUM05,SCTO-DEV-05,+25674744854,"Jul 8, 2026 9:42:03 AM","Jul 8, 2026 10:09:57 AM",27.9,1301095,1301,0.309561 32.445776 0.0 5.0,1,62,1,0,3,5,1,4,,1,2,,1,0,6,0,4,0,1,3,3,Jelani,56,0,0,,,,,,,,,
uuid:ce3f5a74-aca0-432c-bef9-41ab1c225bdb,"Jul 2, 2026 3:35:21 PM",ENUM05,SCTO-DEV-05,+25674744854,"Jul 2, 2026 1:47:45 PM","Jul 2, 2026 2:14:21 PM",26.6,1303029,1303,0.319490 32.734150 0.0 7.0,1,72,2,1,3,7,2,2,,,,,,,,,6,7,0,3,3,Zuri,4,0,0,Chidi,36,1,,,,,,
uuid:5ad96c61-9818-47a5-a918-c73437aa36c5,"Jul 18, 2026 10:39:54 PM",ENUM04,SCTO-DEV-04,+25675108603,"Jul 18, 2026 9:27:30 PM","Jul 18, 2026 9:45:54 PM",18.4,1203087,1203,0.201075 32.597822 0.0 11.0,1,64,1,1,3,9,2,1,,1,1,,1,1,1,0,0,5,0,2,1,Oluwaseun,27,0,1,Femi,52,1,,,,,,
uuid:79f69e8d-ff97-493b-82d2-c53a0f50816b,"Jul 20, 2026 8:08:42 AM",ENUM05,SCTO-DEV-05,+25674744854,"Jul 20, 2026 7:13:12 AM","Jul 20, 2026 7:40:42 AM",27.5,1203108,1203,0.190927 32.585150 0.0 13.0,1,22,2,0,3,3,2,1,,,,,,,,,4,0,0,2,2,Chidi,59,0,1,Naledi,1,0,0,,,,,
uuid:e4fb94cf-39b3-4541-84cf-1b1405c0c3a1,"Jul 8, 2026 3:41:55 PM",ENUM05,SCTO-DEV-05,+25674744854,"Jul 8, 2026 2:24:25 PM","Jul 8, 2026 2:37:55 PM",13.5,1403088,1403,0.419778 32.736841 0.0 15.0,1,60,2,0,0,6,0,1,,,,,,,,,2,2,0,1,3,,,,,,,,,,,,,
uuid:c6bc2dc8-c68d-4754-a3f1-cef07f1a25d2,"Jul 18, 2026 8:40:50 PM",ENUM02,SCTO-DEV-02,+25671419610,"Jul 18, 2026 7:58:20 PM","Jul 18, 2026 8:17:50 PM",19.5,1304011,1304,0.315575 32.878757 0.0 15.0,1,36,2,0,2,9,0,2,,0,,,,,,,6,6,1,3,2,,,,,,,,,,,,,
uuid:d7dac0ce-a8cf-4e5f-8288-e3d664968c8d,"Jul 17, 2026 1:36:32 PM",ENUM02,SCTO-DEV-02,+25671419610,"Jul 17, 2026 12:19:02 PM","Jul 17, 2026 12:42:32 PM",23.5,1203095,1203,0.203147 32.599597 0.0 10.0,1,54,1,0,0,6,1,1,,1,3,,0,1,12,0,4,1,1,3,2,Kofi,32,0,0,,,,,,,,,
uuid:e9e8a2d3-e2b4-4963-918e-80b92f3ac193,"Jul 9, 2026 12:21:11 AM",ENUM02,SCTO-DEV-02,+25671419610,"Jul 8, 2026 10:45:59 PM","Jul 8, 2026 11:05:11 PM",19.2,1303020,1303,0.310631 32.723728 0.0 12.0,1,77,1,1,1,6,1,1,,1,1,,1,0,6,0,7,1,1,3,3,Amara,60,0,0,,,,,,,,,
uuid:59263681-74ac-48fe-90a0-1c99a9043e22,"Jul 12, 2026 11:32:34 AM",ENUM05,SCTO-DEV-05,+25674744854,"Jul 12, 2026 11:07:34 AM","Jul 12, 2026 11:30:34 AM",23.0,1303109,1303,0.306237 32.732577 0.0 14.0,1,30,2,0,1,2,1,2,,,,,,,,,1,0,1,3,3,Kwame,14,0,1,,,,,,,,,
uuid:e2420676-537b-4a6a-82e7-57798da7bc5c,"Jul 10, 2026 3:04:51 AM",ENUM01,SCTO-DEV-01,+25672867825,"Jul 10, 2026 1:36:27 AM","Jul 10, 2026 1:52:51 AM",16.4,1304056,1304,0.301454 32.863486 0.0 14.0,1,27,2,1,3,6,0,2,,0,,,,,,,1,2,1,1,3,,,,,,,,,,,,,
uuid:c45cfa93-754b-4f7c-b0cc-725c321888bf,"Jul 18, 2026 6:01:12 AM",ENUM07,SCTO-DEV-07,+25672719583,"Jul 18, 2026 4:43:42 AM","Jul 18, 2026 5:05:12 AM",21.5,1402044,1402,0.416232 32.590134 0.0 13.0,1,58,1,0,2,6,3,3,,1,1,,1,0,4,1,4,3,0,2,3,Kofi,22,1,,Thabo,5,0,0,Baraka,53,0,0,
uuid:c5ecca27-3a5d-4451-a5d0-c73303809409,"Jul 13, 2026 12:32:06 PM",ENUM08,SCTO-DEV-08,+25672458591,"Jul 13, 2026 10:49:36 AM","Jul 13, 2026 11:05:06 AM",15.5,1202049,1202,0.192506 32.877795 0.0 7.0,1,43,2,0,2,5,0,1,,1,3,,0,1,1,1,4,6,1,3,3,,,,,,,,,,,,,
uuid:a53ec2e1-2180-4f10-824a-1b90d343b600,"Jul 1, 2026 9:16:19 PM",ENUM03,SCTO-DEV-03,+25675614226,"Jul 1, 2026 8:21:19 PM","Jul 1, 2026 8:45:19 PM",24.0,1202088,1202,0.195449 32.875980 0.0 13.0,0,,,,,,,,,,,,,,,,,,,,,,,,,,,,,,,,,
uuid:6e2b102a-bca6-4917-a980-16df823011d2,"Jul 19, 2026 9:18:16 PM",ENUM03,SCTO-DEV-03,+25675614226,"Jul 19, 2026 8:23:40 PM","Jul 19, 2026 8:37:16 PM",13.6,1304080,1304,0.313228 32.869448 0.0 8.0,1,25,2,0,0,5,0,-666,Buys from the truck,1,1,,1,0,36,0,4,0,0,2,3,,,,,,,,,,,,,
uuid:68f17a7b-02fb-4fc4-9cd8-8b7b717ec33b,"Jul 3, 2026 2:21:55 PM",ENUM08,SCTO-DEV-08,+25672458591,"Jul 3, 2026 12:54:19 PM","Jul 3, 2026 1:12:55 PM",18.6,1402085,1402,0.417482 32.590584 0.0 11.0,1,67,2,0,0,7,2,2,,0,,,,,,,7,5,1,2,3,Kofi,43,0,0,Amina,5,0,0,,,,,
uuid:002a5468-cb69-4282-942d-0b78ba4c25e3,"Jul 13, 2026 7:00:44 AM",ENUM03,SCTO-DEV-03,+25675614226,"Jul 13, 2026 5:25:32 AM","Jul 13, 2026 5:44:44 AM",19.2,1402030,1402,0.415707 32.599736 0.0 7.0,1,28,1,1,0,2,2,4,,0,,,,,,,1,2,0,3,3,Aisha,41,0,0,Oluwaseun,4,0,0,,,,,
uuid:1a938b6f-3af6-493a-b8b7-4fb04f3e47b0,"Jul 13, 2026 7:31:37 AM",ENUM02,SCTO-DEV-02,+25671419610,"Jul 13, 2026 6:59:43 AM","Jul 13, 2026 7:27:37 AM",27.9,1401051,1401,0.413969 32.443962 0.0 13.0,1,63,2,1,3,4,3,1,,1,2,,1,1,6,0,5,7,0,1,2,Aisha,58,0,0,Sekai,14,0,0,Zainab,38,0,1,
uuid:ca644daa-81b0-4da7-9e8b-d34ec1fcb621,"Jul 9, 2026 1:04:37 AM",ENUM06,SCTO-DEV-06,+25673341057,"Jul 9, 2026 12:16:55 AM","Jul 9, 2026 12:20:55 AM",4.0,1303016,1303,0.301494 32.724054 0.0 13.0,1,32,1,1,1,9,1,1,,1,-666,Plastic drum,1,1,8,0,0,6,1,2,2,Aisha,53,0,1,,,,,,,,,
uuid:b3092d71-7aa4-47e4-ac8a-f0c583ded8e1,"Jul 1, 2026 12:22:54 PM",ENUM01,SCTO-DEV-01,+25672867825,"Jul 1, 2026 11:31:18 AM","Jul 1, 2026 11:57:54 AM",26.6,1303103,1303,0.305446 32.728652 0.0 15.0,1,28,1,1,0,9,1,4,,0,,,,,,,5,5,0,2,2,Jelani,8,0,0,,,,,,,,,
uuid:fdd827b6-1852-4ca5-a9d0-cc1674e0d1f2,"Jul 6, 2026 3:17:54 PM",ENUM02,SCTO-DEV-02,+25671419610,"Jul 6, 2026 2:37:54 PM","Jul 6, 2026 2:56:54 PM",19.0,1304045,1304,0.318496 32.869870 0.0 5.0,1,77,2,0,3,6,1,2,,0,,,,,,,5,4,1,3,2,Amina,33,0,0,,,,,,,,,
uuid:3fad57cf-1817-43f4-85e2-2ef13bb20464,"Jul 3, 2026 12:37:54 PM",ENUM05,SCTO-DEV-05,+25674744854,"Jul 3, 2026 11:52:12 AM","Jul 3, 2026 12:11:54 PM",19.7,1401034,1401,0.415164 32.449354 0.0 4.0,1,33,1,0,1,9,1,1,,1,2,,1,0,60,0,7,0,0,3,1,Chidi,58,0,0,,,,,,,,,
uuid:f9856f7f-6de7-4cb1-bfd4-0e8a65f9f587,"Jul 6, 2026 8:29:37 AM",ENUM01,SCTO-DEV-01,+25672867825,"Jul 6, 2026 7:46:43 AM","Jul 6, 2026 8:07:37 AM",20.9,1402052,1402,0.413744 32.597970 0.0 15.0,1,71,1,1,2,4,2,1,,0,,,,,,,0,3,0,2,1,Amara,58,0,0,Femi,59,0,0,,,,,
uuid:7bf4ec69-c04a-4053-b20a-9baa19a6984e,"Jul 10, 2026 1:07:32 PM",ENUM04,SCTO-DEV-04,+25675108603,"Jul 10, 2026 11:58:26 AM","Jul 10, 2026 12:12:32 PM",14.1,1202031,1202,0.200650 32.873208 0.0 4.0,1,63,1,0,2,5,2,1,,0,,,,,,,2,2,0,2,3,Tendai,35,0,0,Kwame,54,0,0,,,,,
uuid:9d07f375-0202-4113-8a5c-0bce03062f92,"Jul 16, 2026 9:53:16 AM",ENUM08,SCTO-DEV-08,+25672458591,"Jul 16, 2026 8:35:52 AM","Jul 16, 2026 8:58:16 AM",22.4,1202092,1202,0.195787 32.866464 0.0 15.0,1,37,2,1,3,7,2,1,,0,,,,,,,3,3,0,2,3,Sekai,39,0,0,Zainab,55,0,0,,,,,
uuid:9e544dba-1f95-41c5-9e75-970031035dbe,"Jul 11, 2026 11:33:46 PM",ENUM04,SCTO-DEV-04,+25675108603,"Jul 11, 2026 10:29:46 PM","Jul 11, 2026 10:53:46 PM",24.0,1302100,1302,0.310706 32.583084 0.0 12.0,1,35,2,1,0,6,3,2,,0,,,,,,,1,0,0,3,3,Oluwaseun,37,0,0,Kofi,44,0,0,Nia,56,0,0,
uuid:81c23720-638b-4b22-9319-093f49d8f5c3,"Jul 1, 2026 9:05:21 PM",ENUM08,SCTO-DEV-08,+25672458591,"Jul 1, 2026 7:34:45 PM","Jul 1, 2026 7:55:21 PM",20.6,1303064,1303,0.315637 32.729146 0.0 14.0,1,82,2,0,2,8,1,-666,Collected from then rain,1,2,,1,1,18,0,0,3,0,3,3,Amina,34,0,1,,,,,,,,,
uuid:65ac7328-1fe0-40af-a9cf-a4c6eb5438b1,"Jul 4, 2026 10:38:17 AM",ENUM07,SCTO-DEV-07,+25672719583,"Jul 4, 2026 10:07:11 AM","Jul 4, 2026 10:28:17 AM",21.1,1404002,1404,0.416192 32.867534 0.0 9.0,1,35,1,0,2,2,1,1,,1,3,,1,1,4,1,0,5,0,2,2,Zainab,2,0,0,,,,,,,,,
uuid:656b68c3-fb3c-4a1f-816d-8b4b6ca4fe22,"Jul 5, 2026 8:39:51 PM",ENUM07,SCTO-DEV-07,+25672719583,"Jul 5, 2026 7:12:33 PM","Jul 5, 2026 7:31:51 PM",19.3,1303015,1303,0.313869 32.732905 0.0 6.0,1,40,2,0,1,4,1,2,,1,2,,1,1,18,0,3,3,0,2,1,Thabo,10,1,,,,,,,,,,
uuid:2cf207ac-8c75-4402-b58f-a81005723b2f,"Jul 17, 2026 5:44:24 AM",ENUM01,SCTO-DEV-01,+25672867825,"Jul 17, 2026 4:47:54 AM","Jul 17, 2026 5:07:24 AM",19.5,1404012,1404,0.415189 32.868371 0.0 10.0,1,23,1,0,1,9,3,2,,1,3,,0,0,4,1,2,5,0,2,1,Nia,41,1,,Oluwaseun,14,0,0,Nia,23,0,0,
uuid:850a7dc4-a972-45b4-8dbf-0a928d732340,"Jul 6, 2026 10:22:50 PM",ENUM07,SCTO-DEV-07,+25672719583,"Jul 6, 2026 9:48:14 PM","Jul 6, 2026 10:07:50 PM",19.6,1401091,1401,0.429296 32.447004 0.0 6.0,1,35,1,1,3,6,2,1,,1,3,,0,0,4,0,7,2,0,3,3,Aisha,20,0,0,Baraka,52,0,0,,,,,
uuid:37209835-4c4c-4d7f-8e37-a22c4dc127af,"Jul 15, 2026 7:03:23 PM",ENUM06,SCTO-DEV-06,+25673341057,"Jul 15, 2026 6:27:35 PM","Jul 15, 2026 6:31:11 PM",3.6,1401079,1401,0.411527 32.447139 0.0 13.0,1,71,1,1,0,9,2,1,,1,3,,1,0,1,0,0,6,1,3,1,Thabo,42,0,1,Nia,18,0,0,,,,,
uuid:78512f31-d4df-44ad-a313-47776bb55f00,"Jul 10, 2026 11:39:11 AM",ENUM02,SCTO-DEV-02,+25671419610,"Jul 10, 2026 11:07:41 AM","Jul 10, 2026 11:25:11 AM",17.5,1402020,1402,0.426531 32.595269 0.0 14.0,1,24,1,1,0,6,0,2,,1,-666,Plastic drum,0,1,99,0,6,0,1,2,1,,,,,,,,,,,,,
uuid:aca65a0c-cce1-4bdb-ae33-2fde63869272,"Jul 9, 2026 5:23:31 PM",ENUM07,SCTO-DEV-07,+25672719583,"Jul 9, 2026 4:03:37 PM","Jul 9, 2026 4:31:31 PM",27.9,1203029,1203,0.197025 32.593225 0.0 7.0,1,49,2,1,0,6,0,1,,1,1,,1,1,36,0,0,4,0,1,3,,,,,,,,,,,,,
uuid:d9e3c0f7-c136-45f0-933a-905f3e6170f3,"Jul 13, 2026 11:43:19 PM",ENUM01,SCTO-DEV-01,+25672867825,"Jul 13, 2026 10:25:49 PM","Jul 13, 2026 10:50:19 PM",24.5,1403031,1403,0.422961 32.725769 0.0 4.0,1,48,2,0,1,5,1,4,,1,1,,1,0,48,0,3,0,0,3,2,Aisha,3,0,1,,,,,,,,,
uuid:bbfd3090-d663-43b3-9040-5bf3362ecbb8,"Jul 2, 2026 8:04:22 AM",ENUM07,SCTO-DEV-07,+25672719583,"Jul 2, 2026 7:46:04 AM","Jul 2, 2026 8:00:22 AM",14.3,1304014,1304,0.315861 32.870270 0.0 4.0,1,79,1,0,0,3,1,1,,1,1,,1,0,6,1,1,0,0,1,1,Oluwaseun,22,0,0,,,,,,,,,
uuid:c8f9a138-3810-4b4c-83c6-b41805eff918,"Jul 10, 2026 3:12:55 AM",ENUM02,SCTO-DEV-02,+25671419610,"Jul 10, 2026 2:28:25 AM","Jul 10, 2026 2:42:55 AM",14.5,1201046,1201,0.195555 32.448222 0.0 11.0,1,60,2,0,2,6,3,1,,1,1,,1,1,60,0,6,5,0,3,2,Naledi,41,0,0,Kwame,0,0,0,Naledi,2,0,0,
uuid:744188f0-db47-41b5-ac26-ce056940ec5d,"Jul 12, 2026 11:23:59 PM",ENUM03,SCTO-DEV-03,+25675614226,"Jul 12, 2026 10:14:11 PM","Jul 12, 2026 10:26:59 PM",12.8,1402046,1402,0.423620 32.585076 0.0 7.0,1,23,1,0,2,4,1,4,,0,,,,,,,4,3,1,3,2,Tendai,9,0,0,,,,,,,,,
uuid:9aa27f7c-0a2e-4d14-b008-53819f565585,"Jul 4, 2026 9:00:12 AM",ENUM07,SCTO-DEV-07,+25672719583,"Jul 4, 2026 7:49:54 AM","Jul 4, 2026 8:15:12 AM",25.3,1202039,1202,0.194162 32.868116 0.0 10.0,1,77,2,0,3,9,1,1,,1,3,,1,1,6,0,7,5,0,3,2,Adaeze,23,0,0,,,,,,,,,
uuid:2b5632e2-7487-4e23-b7e1-3bf0a20bfd00,"Jul 8, 2026 12:21:59 AM",ENUM08,SCTO-DEV-08,+25672458591,"Jul 7, 2026 11:39:11 PM","Jul 7, 2026 11:51:59 PM",12.8,1303059,1303,0.300126 32.733380 0.0 7.0,1,58,1,0,1,2,2,1,,0,,,,,,,0,4,0,3,3,Amina,53,0,0,Femi,4,0,0,,,,,
uuid:fa12b780-e9c6-4042-bfd7-747c0b8e10ce,"Jul 6, 2026 5:30:45 PM",ENUM02,SCTO-DEV-02,+25671419610,"Jul 6, 2026 4:22:27 PM","Jul 6, 2026 4:40:45 PM",18.3,1304008,1304,0.302960 32.866723 0.0 11.0,1,25,2,0,0,8,1,3,,1,1,,1,1,60,0,3,7,0,3,3,Adaeze,20,1,1,,,,,,,,,
uuid:0475216e-ad25-4350-b1f1-5d1edcea6743,"Jul 16, 2026 1:35:14 PM",ENUM06,SCTO-DEV-06,+25673341057,"Jul 16, 2026 12:22:50 PM","Jul 16, 2026 12:26:38 PM",3.8,1403004,1403,0.411366 32.728844 0.0 8.0,1,54,1,0,0,6,1,1,,1,1,,1,0,2,0,3,3,0,2,1,Sekai,58,0,0,,,,,,,,,
uuid:0383b22f-e76d-4dd1-82b3-470179a03bf4,"Jul 8, 2026 6:15:21 PM",ENUM05,SCTO-DEV-05,+25674744854,"Jul 8, 2026 5:53:51 PM","Jul 8, 2026 6:09:21 PM",15.5,1401046,1401,0.424520 32.443374 0.0 13.0,1,60,1,1,3,6,1,-666,Rain water,,,,,,,,6,2,0,1,1,Thabo,42,0,0,,,,,,,,,
uuid:51377fd9-6f32-4686-9efa-cf83b184cde4,"Jul 13, 2026 5:33:24 PM",ENUM01,SCTO-DEV-01,+25672867825,"Jul 13, 2026 5:05:30 PM","Jul 13, 2026 5:17:24 PM",11.9,1402028,1402,0.419934 32.598539 0.0 6.0,1,38,1,1,1,3,2,-666,rain,1,2,,0,1,36,1,2,5,0,2,3,Aisha,28,0,0,Imani,14,0,0,,,,,
uuid:f20d6258-91ea-4723-8ae7-883e36bf2f89,"Jul 13, 2026 7:56:03 PM",ENUM05,SCTO-DEV-05,+25674744854,"Jul 13, 2026 7:20:27 PM","Jul 13, 2026 7:32:03 PM",11.6,1201087,1201,0.197611 32.454037 0.0 9.0,1,76,2,0,1,6,0,2,,,,,,,,,3,1,0,2,3,,,,,,,,,,,,,
uuid:14d2f6c7-e425-450a-b574-f3b07b55d889,"Jul 1, 2026 8:33:07 PM",ENUM05,SCTO-DEV-05,+25674744854,"Jul 1, 2026 7:25:07 PM","Jul 1, 2026 7:37:07 PM",12.0,1303101,1303,0.305812 32.730421 0.0 11.0,1,57,2,0,2,3,1,4,,,,,,,,,0,0,0,1,1,Thabo,20,0,0,,,,,,,,,
uuid:2e6baa1a-9446-47bd-bc7c-fce11387fbdb,"Jul 1, 2026 10:04:32 PM",ENUM02,SCTO-DEV-02,+25671419610,"Jul 1, 2026 8:18:20 PM","Jul 1, 2026 8:42:32 PM",24.2,1402041,1402,0.421544 32.595584 0.0 15.0,1,63,1,1,2,5,1,2,,0,,,,,,,0,4,1,3,2,Thabo,5,0,0,,,,,,,,,
uuid:69956bef-2604-404d-adee-d08dc7134e4d,"Jul 13, 2026 5:45:07 AM",ENUM03,SCTO-DEV-03,+25675614226,"Jul 13, 2026 4:28:43 AM","Jul 13, 2026 4:50:07 AM",21.4,1403091,1403,0.425241 32.724187 0.0 10.0,1,60,1,1,2,7,1,2,,1,-666,Plastic drum,0,1,2,0,4,5,0,3,1,Aisha,44,1,,,,,,,,,,
uuid:d1cfa712-fde4-4747-a9f1-c498d15d7f79,"Jul 5, 2026 6:35:33 PM",ENUM02,SCTO-DEV-02,+25671419610,"Jul 5, 2026 4:44:39 PM","Jul 5, 2026 5:06:33 PM",21.9,1203089,1203,0.208221 32.594372 0.0 13.0,1,77,1,0,3,2,1,4,,1,1,,1,1,18,1,1,5,1,2,2,Amina,38,0,0,,,,,,,,,
uuid:12033abe-b24c-4365-b3e6-8e75aa915cb5,"Jul 13, 2026 11:33:03 PM",ENUM08,SCTO-DEV-08,+25672458591,"Jul 13, 2026 10:01:51 PM","Jul 13, 2026 10:26:03 PM",24.2,1202090,1202,0.202630 32.875036 0.0 10.0,1,74,1,1,0,9,2,3,,0,,,,,,,3,6,0,3,3,Naledi,43,0,0,Kwame,34,0,0,,,,,
uuid:09473b4b-7406-476e-b316-361814b54f7b,"Jul 10, 2026 9:57:03 AM",ENUM02,SCTO-DEV-02,+25671419610,"Jul 10, 2026 8:24:21 AM","Jul 10, 2026 8:44:03 AM",19.7,1404022,1404,0.410351 32.865191 0.0 13.0,1,26,1,0,3,4,1,1,,1,2,,0,1,8,0,7,3,0,3,3,Chidi,34,0,0,,,,,,,,,
uuid:f4ff7bda-d591-48fb-aa4c-b04bf1e7759e,"Jul 6, 2026 7:22:13 PM",ENUM06,SCTO-DEV-06,+25673341057,"Jul 6, 2026 5:37:07 PM","Jul 6, 2026 5:40:37 PM",3.5,1201002,1201,0.190805 32.440621 0.0 7.0,1,44,1,1,1,4,1,1,,0,,,,,,,2,1,0,2,1,Tendai,49,0,0,,,,,,,,,
uuid:c5e880b6-38a8-46e0-82a9-e4af7a8e62fc,"Jul 8, 2026 8:27:14 AM",ENUM07,SCTO-DEV-07,+25672719583,"Jul 8, 2026 6:40:56 AM","Jul 8, 2026 7:08:14 AM",27.3,1201040,1201,0.194325 32.446081 0.0 15.0,1,20,1,1,0,6,1,4,,0,,,,,,,2,3,0,2,3,Kojo,19,0,0,,,,,,,,,
uuid:4e7da22c-8507-4f82-bf2a-fffbcd6d8b2c,"Jul 9, 2026 10:37:48 PM",ENUM04,SCTO-DEV-04,+25675108603,"Jul 9, 2026 10:14:06 PM","Jul 9, 2026 10:31:48 PM",17.7,1404009,1404,0.423544 32.865203 0.0 6.0,1,22,2,0,1,3,1,3,,1,1,,0,0,4,1,2,4,0,3,2,Zuri,1,0,0,,,,,,,,,
uuid:0f21f54b-db18-46fc-ae58-e2f37cc04ef6,"Jul 3, 2026 2:33:09 AM",ENUM04,SCTO-DEV-04,+25675108603,"Jul 3, 2026 1:54:15 AM","Jul 3, 2026 2:22:09 AM",27.9,1302072,1302,0.300727 32.586977 0.0 12.0,1,46,1,1,3,9,3,2,,1,1,,1,0,2,0,0,2,1,1,2,Oluwaseun,41,1,,Tendai,25,0,0,Tendai,32,0,0,
uuid:3a3e0567-f38f-4806-9dcc-f11db201ed33,"Jul 10, 2026 10:45:46 AM",ENUM01,SCTO-DEV-01,+25672867825,"Jul 10, 2026 9:50:28 AM","Jul 10, 2026 10:11:46 AM",21.3,1202025,1202,0.208643 32.869465 0.0 9.0,1,73,2,0,2,7,2,4,,1,2,,1,1,12,0,0,6,0,1,1,Amara,38,0,0,Baraka,23,0,0,,,,,
uuid:1109cce7-bcc4-45b4-8b8e-1d173d703682,"Jul 13, 2026 10:14:19 PM",ENUM03,SCTO-DEV-03,+25675614226,"Jul 13, 2026 8:41:31 PM","Jul 13, 2026 8:58:19 PM",16.8,1201088,1201,0.206002 32.441347 0.0 10.0,1,8,1,1,0,7,2,2,,1,3,,1,0,48,1,0,3,1,2,2,Chidi,36,0,0,Zainab,7,0,0,,,,,
uuid:b0e8b258-9f97-428b-b775-6c6a23c53bcc,"Jul 16, 2026 12:14:02 PM",ENUM02,SCTO-DEV-02,+25671419610,"Jul 16, 2026 10:44:32 AM","Jul 16, 2026 11:09:02 AM",24.5,1404054,1404,0.428514 32.879548 0.0 7.0,1,58,1,1,0,2,1,1,,1,2,,1,1,4,1,6,0,0,2,3,Imani,33,0,0,,,,,,,,,
uuid:c4ea39d4-4274-400c-88f1-11ac20ff76e3,"Jul 16, 2026 7:07:35 PM",ENUM03,SCTO-DEV-03,+25675614226,"Jul 16, 2026 6:03:53 PM","Jul 16, 2026 6:17:35 PM",13.7,1301069,1301,0.314303 32.454930 0.0 15.0,1,81,1,1,1,5,1,2,,1,1,,1,0,8,1,3,2,1,2,2,Imani,36,0,0,,,,,,,,,
uuid:818a37fa-5945-4b07-a9b1-b3cbb40013cc,"Jul 15, 2026 2:20:08 AM",ENUM07,SCTO-DEV-07,+25672719583,"Jul 15, 2026 1:39:32 AM","Jul 15, 2026 2:00:08 AM",20.6,1401086,1401,0.427916 32.458223 0.0 13.0,1,79,1,0,2,9,2,1,,0,,,,,,,2,0,0,3,2,Sekai,43,0,0,Chidi,46,0,0,,,,,
uuid:603280e3-eb3a-487a-b732-5881c1642507,"Jul 10, 2026 10:53:52 PM",ENUM03,SCTO-DEV-03,+25675614226,"Jul 10, 2026 9:39:16 PM","Jul 10, 2026 10:01:52 PM",22.6,1301089,1301,0.314998 32.455682 0.0 14.0,1,61,1,1,1,2,1,4,,1,1,,1,1,1,0,0,4,1,3,3,Baraka,14,0,0,,,,,,,,,
uuid:5374d99d-f95f-4653-8b64-be1b56c4375f,"Jul 20, 2026 7:14:18 PM",ENUM06,SCTO-DEV-06,+25673341057,"Jul 20, 2026 5:57:48 PM","Jul 20, 2026 6:01:42 PM",3.9,1301007,1301,0.314771 32.441900 0.0 4.0,1,20,1,1,2,7,3,-666,Rainwater ,1,3,,1,1,2,0,7,1,0,1,2,Chidi,7,0,0,Chidi,6,0,0,Amina,43,0,0,
uuid:525bbc98-ed5e-4f11-a72c-ee8e50ec6acb,"Jul 12, 2026 2:02:08 AM",ENUM07,SCTO-DEV-07,+25672719583,"Jul 12, 2026 1:30:38 AM","Jul 12, 2026 1:47:08 AM",16.5,1204086,1204,0.206781 32.733038 0.0 13.0,1,82,2,0,2,5,1,1,,0,,,,,,,0,2,0,3,3,Femi,28,0,0,,,,,,,,,
uuid:b4d6c69b-cf15-4508-bbd8-fa07b210a43a,"Jul 4, 2026 9:05:14 PM",ENUM04,SCTO-DEV-04,+25675108603,"Jul 4, 2026 8:35:38 PM","Jul 4, 2026 8:52:14 PM",16.6,1402037,1402,0.415888 32.595446 0.0 8.0,0,,,,,,,,,,,,,,,,,,,,,,,,,,,,,,,,,
uuid:ec694071-9d6d-4bfc-9561-277ea66b9b2e,"Jul 14, 2026 5:51:56 PM",ENUM03,SCTO-DEV-03,+25675614226,"Jul 14, 2026 5:07:56 PM","Jul 14, 2026 5:21:56 PM",14.0,1403082,1403,0.412141 32.725107 0.0 11.0,1,65,2,0,3,9,0,2,,1,1,,1,0,60,1,6,3,0,2,3,,,,,,,,,,,,,
uuid:b0d9ffd0-6c0a-4040-bb5c-dbfe42451691,"Jul 4, 2026 5:46:04 AM",ENUM01,SCTO-DEV-01,+25672867825,"Jul 4, 2026 4:56:58 AM","Jul 4, 2026 5:13:04 AM",16.1,1301040,1301,0.309139 32.458645 0.0 7.0,1,34,1,0,1,2,0,3,,1,3,,1,1,1,0,2,5,1,3,2,,,,,,,,,,,,,
uuid:f21bb1b4-ab02-4a43-b020-b71a6deba77d,"Jul 7, 2026 6:32:19 PM",ENUM08,SCTO-DEV-08,+25672458591,"Jul 7, 2026 5:03:25 PM","Jul 7, 2026 5:16:19 PM",12.9,1202097,1202,0.192933 32.861074 0.0 13.0,1,55,1,1,0,2,0,2,,1,3,,1,0,12,1,0,3,0,2,2,,,,,,,,,,,,,
uuid:0b0a58ff-111f-4e34-8cdd-de70b549c343,"Jul 9, 2026 3:11:19 PM",ENUM02,SCTO-DEV-02,+25671419610,"Jul 9, 2026 1:28:49 PM","Jul 9, 2026 1:43:19 PM",14.5,1303021,1303,0.311819 32.735686 0.0 10.0,1,62,1,1,0,9,0,2,,1,1,,1,1,18,1,9,6,0,3,2,,,,,,,,,,,,,
uuid:91c706ca-8c50-417b-b25b-5462d1207f52,"Jul 12, 2026 11:51:30 AM",ENUM08,SCTO-DEV-08,+25672458591,"Jul 12, 2026 10:46:30 AM","Jul 12, 2026 11:03:30 AM",17.0,1404076,1404,0.425180 32.860975 0.0 7.0,1,68,2,0,1,2,2,3,,1,1,,1,0,8,0,5,2,0,3,3,Zuri,43,0,0,Oluwaseun,28,0,1,,,,,
uuid:98792ace-450e-4e2d-9f58-5967ba1996c2,"Jul 10, 2026 11:15:33 AM",ENUM05,SCTO-DEV-05,+25674744854,"Jul 10, 2026 9:47:21 AM","Jul 10, 2026 10:00:33 AM",13.2,1204051,1204,0.193873 32.736937 0.0 9.0,1,67,1,1,1,7,0,2,,,,,,,,,0,7,0,2,3,,,,,,,,,,,,,
uuid:26354d30-3bbc-454d-ad4d-6d624bfd6c04,"Jul 17, 2026 7:13:14 AM",ENUM05,SCTO-DEV-05,+25674744854,"Jul 17, 2026 6:42:50 AM","Jul 17, 2026 7:07:14 AM",24.4,1401060,1401,0.423947 32.455656 0.0 15.0,1,28,2,1,3,9,1,4,,,,,,,,,6,3,0,2,1,Tendai,24,0,0,,,,,,,,,
uuid:7c2d2c2e-8f19-4ba3-8510-bd1864297a4d,"Jul 7, 2026 6:22:28 PM",ENUM05,SCTO-DEV-05,+25674744854,"Jul 7, 2026 5:14:40 PM","Jul 7, 2026 5:28:28 PM",13.8,1403110,1403,0.425684 32.728755 0.0 7.0,1,65,1,0,1,7,2,1,,,,,,,,,0,4,0,2,2,Kwame,17,0,0,Zuri,34,0,0,,,,,
uuid:f937bf86-c492-4b03-b896-4908ee77f9ce,"Jul 12, 2026 3:13:37 PM",ENUM04,SCTO-DEV-04,+25675108603,"Jul 12, 2026 1:25:31 PM","Jul 12, 2026 1:49:37 PM",24.1,1401019,1401,0.414162 32.441061 0.0 5.0,1,38,2,0,1,4,2,1,,1,1,,1,1,24,1,5,7,1,2,2,Tendai,4,0,0,Amina,37,0,0,,,,,
uuid:35d1d524-af64-42e5-bd1b-aa2506b561dc,"Jul 17, 2026 11:11:32 AM",ENUM05,SCTO-DEV-05,+25674744854,"Jul 17, 2026 10:37:44 AM","Jul 17, 2026 11:01:32 AM",23.8,1402071,1402,0.425073 32.592308 0.0 7.0,1,21,1,0,0,6,3,2,,,,,,,,,5,5,0,1,2,Kwame,4,0,0,Imani,29,0,0,Oluwaseun,14,0,1,
uuid:386da20a-3f40-473b-8c10-e4cb704e396b,"Jul 17, 2026 1:00:08 AM",ENUM01,SCTO-DEV-01,+25672867825,"Jul 16, 2026 11:40:44 PM","Jul 17, 2026 12:00:08 AM",19.4,1303074,1303,0.300054 32.725701 0.0 13.0,1,50,1,0,2,6,0,1,,1,3,,1,0,36,1,0,3,0,2,3,,,,,,,,,,,,,
uuid:ba33f789-24e5-4a02-bb51-7a589c85521c,"Jul 8, 2026 9:05:04 AM",ENUM04,SCTO-DEV-04,+25675108603,"Jul 8, 2026 8:34:52 AM","Jul 8, 2026 8:57:04 AM",22.2,1202019,1202,0.199093 32.867373 0.0 4.0,1,40,2,0,3,4,3,1,,1,3,,1,0,6,1,0,2,0,2,2,Kwame,37,0,0,Sekai,17,0,0,Sekai,4,0,0,
uuid:18e0c2c4-8b11-4093-811f-253a5b3b6ec2,"Jul 11, 2026 6:10:19 PM",ENUM06,SCTO-DEV-06,+25673341057,"Jul 11, 2026 5:39:37 PM","Jul 11, 2026 5:43:25 PM",3.8,1402062,1402,0.413684 32.586810 0.0 15.0,1,54,2,1,2,7,3,1,,0,,,,,,,3,4,0,3,3,Oluwaseun,46,0,0,Baraka,5,0,0,Sekai,29,0,0,
uuid:29ea0ceb-a6d6-4fcf-94c1-5f1b13004d1a,"Jul 15, 2026 11:17:12 AM",ENUM08,SCTO-DEV-08,+25672458591,"Jul 15, 2026 9:28:36 AM","Jul 15, 2026 9:53:12 AM",24.6,1203068,1203,0.203401 32.587963 0.0 8.0,1,24,2,0,3,8,1,3,,0,,,,,,,2,1,0,3,2,Naledi,35,0,0,,,,,,,,,
uuid:3e7e3ce1-4104-4b28-af39-6bee36bd7773,"Jul 11, 2026 10:21:35 AM",ENUM08,SCTO-DEV-08,+25672458591,"Jul 11, 2026 8:47:59 AM","Jul 11, 2026 9:13:35 AM",25.6,1304036,1304,0.308808 32.877138 0.0 14.0,0,,,,,,,,,,,,,,,,,,,,,,,,,,,,,,,,,
uuid:660404af-74e7-44f3-9c63-d44349f2b0c5,"Jul 8, 2026 4:25:38 PM",ENUM01,SCTO-DEV-01,+25672867825,"Jul 8, 2026 3:42:38 PM","Jul 8, 2026 4:08:38 PM",26.0,1402031,1402,0.416391 32.584874 0.0 11.0,1,46,1,0,3,9,0,1,,1,2,,0,1,60,1,3,6,1,2,1,,,,,,,,,,,,,
uuid:cd9edee6-4f8a-4863-9ff8-58d6690360d5,"Jul 17, 2026 3:30:36 PM",ENUM07,SCTO-DEV-07,+25672719583,"Jul 17, 2026 2:02:18 PM","Jul 17, 2026 2:19:36 PM",17.3,1301017,1301,0.300822 32.443587 0.0 6.0,1,82,2,0,1,3,1,2,,1,1,,1,1,8,0,7,1,0,2,2,Imani,33,0,0,,,,,,,,,
uuid:18a9605c-da9b-492c-869c-15036b9e6722,"Jul 13, 2026 9:41:12 PM",ENUM03,SCTO-DEV-03,+25675614226,"Jul 13, 2026 7:57:54 PM","Jul 13, 2026 8:25:12 PM",27.3,1301008,1301,0.319385 32.452752 0.0 15.0,1,55,1,1,3,9,3,1,,0,,,,,,,4,5,0,3,2,Imani,10,0,0,Sekai,38,0,0,Femi,8,1,,
uuid:fed3e62f-ce97-46a9-a49b-af3551354621,"Jul 7, 2026 6:01:43 PM",ENUM07,SCTO-DEV-07,+25672719583,"Jul 7, 2026 4:35:55 PM","Jul 7, 2026 4:50:43 PM",14.8,1203073,1203,0.196777 32.584788 0.0 6.0,1,55,2,1,2,2,1,1,,1,3,,0,1,99,1,0,6,0,2,2,Oluwaseun,46,0,0,,,,,,,,,
uuid:1562b4f8-b968-4f49-8d89-ce096cbf022f,"Jul 12, 2026 6:47:25 PM",ENUM02,SCTO-DEV-02,+25671419610,"Jul 12, 2026 5:24:43 PM","Jul 12, 2026 5:50:25 PM",25.7,1203076,1203,0.193068 32.595207 0.0 13.0,1,54,1,1,1,3,2,1,,1,2,,1,0,99,1,0,0,0,2,2,Aisha,34,0,0,Amara,20,0,0,,,,,
uuid:b44985ad-4289-462b-9a15-e0af0055b88a,"Jul 9, 2026 10:05:24 PM",ENUM02,SCTO-DEV-02,+25671419610,"Jul 9, 2026 9:28:06 PM","Jul 9, 2026 9:46:24 PM",18.3,1401029,1401,0.417939 32.448617 0.0 9.0,1,25,2,0,2,3,0,1,,0,,,,,,,0,0,1,3,2,,,,,,,,,,,,,
uuid:3c8adf19-3e09-4003-82c1-c2ad604da4c2,"Jul 16, 2026 7:16:32 AM",ENUM06,SCTO-DEV-06,+25673341057,"Jul 16, 2026 5:43:08 AM","Jul 16, 2026 5:46:44 AM",3.6,1204064,1204,0.196501 32.733978 0.0 7.0,1,47,1,0,1,9,0,4,,1,2,,0,1,60,1,7,3,0,3,2,,,,,,,,,,,,,
uuid:16ffd88d-de56-4690-b49c-d7e03c645fb9,"Jul 17, 2026 10:47:36 PM",ENUM05,SCTO-DEV-05,+25674744854,"Jul 17, 2026 9:37:54 PM","Jul 17, 2026 9:52:36 PM",14.7,1402049,1402,0.412375 32.581936 0.0 7.0,1,76,1,1,0,7,0,2,,,,,,,,,1,7,1,3,1,,,,,,,,,,,,,
uuid:38fc5e93-c3ec-4602-b519-9d1ae7ccac62,"Jul 10, 2026 11:30:44 AM",ENUM02,SCTO-DEV-02,+25671419610,"Jul 10, 2026 10:44:02 AM","Jul 10, 2026 10:55:44 AM",11.7,1204011,1204,0.201132 32.722601 0.0 13.0,1,51,1,0,3,4,0,4,,1,3,,1,0,8,0,3,2,0,3,3,,,,,,,,,,,,,
uuid:a91227bd-2521-4e32-bc13-05665d8c9a4a,"Jul 2, 2026 12:25:54 AM",ENUM05,SCTO-DEV-05,+25674744854,"Jul 2, 2026 12:04:36 AM","Jul 2, 2026 12:20:54 AM",16.3,1404096,1404,0.426043 32.877590 0.0 10.0,1,65,1,0,3,5,0,1,,,,,,,,,5,0,0,1,1,,,,,,,,,,,,,
uuid:70de66fa-f79a-485d-9fb6-6e597b25c231,"Jul 6, 2026 6:41:45 PM",ENUM06,SCTO-DEV-06,+25673341057,"Jul 6, 2026 6:05:09 PM","Jul 6, 2026 6:08:27 PM",3.3,1402067,1402,0.427732 32.593714 0.0 6.0,1,80,2,1,0,7,0,1,,1,3,,0,0,18,0,7,6,0,3,3,,,,,,,,,,,,,
uuid:f31f51ab-6100-44c6-ba50-8fae70137da5,"Jul 11, 2026 11:38:22 PM",ENUM03,SCTO-DEV-03,+25675614226,"Jul 11, 2026 11:15:34 PM","Jul 11, 2026 11:29:22 PM",13.8,1201009,1201,0.200291 32.445616 0.0 6.0,1,42,1,0,0,5,1,1,,1,3,,1,0,60,0,0,0,0,3,2,Kofi,57,0,1,,,,,,,,,
uuid:b54eabbc-278a-4d5b-bb5f-6f897409d179,"Jul 13, 2026 12:38:39 PM",ENUM08,SCTO-DEV-08,+25672458591,"Jul 13, 2026 12:13:45 PM","Jul 13, 2026 12:34:39 PM",20.9,1203043,1203,0.203354 32.597034 0.0 7.0,1,47,2,0,0,5,3,-666,rain,1,3,,1,0,60,0,5,0,0,3,3,Imani,19,0,0,Adaeze,43,0,0,Adaeze,2,1,,
uuid:256942ed-42cf-41c7-9d0c-853c6c04ee96,"Jul 17, 2026 1:43:14 PM",ENUM04,SCTO-DEV-04,+25675108603,"Jul 17, 2026 11:59:26 AM","Jul 17, 2026 12:25:14 PM",25.8,1202058,1202,0.207250 32.864653 0.0 12.0,1,30,1,1,2,2,2,4,,1,2,,1,0,24,0,6,5,0,3,2,Kojo,21,0,0,Tendai,8,0,1,,,,,
uuid:d91fde44-f7f6-4491-91d4-86e05f919243,"Jul 19, 2026 2:41:49 PM",ENUM02,SCTO-DEV-02,+25671419610,"Jul 19, 2026 1:13:25 PM","Jul 19, 2026 1:35:49 PM",22.4,1202069,1202,0.192431 32.875595 0.0 10.0,1,47,2,1,1,3,2,3,,0,,,,,,,5,4,0,2,2,Thabo,27,0,1,Amara,22,0,0,,,,,
uuid:d6969f44-a2b8-4665-98e5-d0dbcbfa416a,"Jul 15, 2026 5:05:14 PM",ENUM02,SCTO-DEV-02,+25671419610,"Jul 15, 2026 4:21:20 PM","Jul 15, 2026 4:46:14 PM",24.9,1402086,1402,0.410738 32.597306 0.0 5.0,1,45,2,0,1,9,2,3,,0,,,,,,,4,2,1,3,2,Imani,56,0,0,Thabo,12,0,1,,,,,
uuid:5d994897-7927-4756-8768-42dffaf62367,"Jul 4, 2026 5:49:54 PM",ENUM07,SCTO-DEV-07,+25672719583,"Jul 4, 2026 5:17:12 PM","Jul 4, 2026 5:39:54 PM",22.7,1203094,1203,0.204873 32.594623 0.0 11.0,1,48,1,1,0,5,1,4,,0,,,,,,,2,4,0,2,2,Oluwaseun,8,0,0,,,,,,,,,
uuid:8f20cdd8-f9ab-4715-a89b-b36809cd93db,"Jul 13, 2026 2:09:04 AM",ENUM06,SCTO-DEV-06,+25673341057,"Jul 13, 2026 12:38:34 AM","Jul 13, 2026 12:42:40 AM",4.1,1202013,1202,0.196207 32.866547 0.0 5.0,1,35,1,1,3,8,2,2,,1,3,,1,0,2,0,6,0,0,2,3,Kwame,40,0,0,Aisha,18,0,0,,,,,
uuid:13c5f3a7-fd8a-4305-bc16-13a5a63da927,"Jul 19, 2026 2:09:30 AM",ENUM07,SCTO-DEV-07,+25672719583,"Jul 19, 2026 1:50:54 AM","Jul 19, 2026 2:03:30 AM",12.6,1301079,1301,0.314654 32.451998 0.0 11.0,1,31,1,1,2,8,2,1,,1,2,,1,1,99,0,1,3,0,1,1,Kofi,22,0,0,Femi,21,0,0,,,,,
uuid:e4efc504-c296-423e-978d-6733b21994de,"Jul 2, 2026 10:56:15 PM",ENUM07,SCTO-DEV-07,+25672719583,"Jul 2, 2026 10:25:33 PM","Jul 2, 2026 10:40:15 PM",14.7,1404081,1404,0.428630 32.875636 0.0 11.0,1,23,2,0,3,9,1,2,,0,,,,,,,0,3,0,3,3,Sekai,37,0,0,,,,,,,,,
uuid:d7b412ca-3555-428f-a3b0-61677c8a3cd8,"Jul 20, 2026 7:06:14 PM",ENUM03,SCTO-DEV-03,+25675614226,"Jul 20, 2026 10:38:44 AM","Jul 20, 2026 11:06:14 AM",27.5,1303117,1303,0.304979 32.739466 0.0 7.0,1,54,2,1,3,4,0,1,,1,1,,0,1,6,0,0,2,1,1,1,,,,,,,,,,,,,
uuid:62fb1503-a8d1-476d-b7a3-78e7abd36c1d,"Jul 17, 2026 1:47:55 PM",ENUM01,SCTO-DEV-01,+25672867825,"Jul 17, 2026 11:57:43 AM","Jul 17, 2026 12:24:55 PM",27.2,1301056,1301,0.310889 32.443908 0.0 6.0,1,72,1,0,2,6,0,3,,1,2,,1,1,2,0,4,0,0,2,3,,,,,,,,,,,,,
uuid:ff044004-a05b-4031-a400-2fbc338337ef,"Jul 6, 2026 7:48:28 AM",ENUM06,SCTO-DEV-06,+25673341057,"Jul 6, 2026 7:11:52 AM","Jul 6, 2026 7:15:16 AM",3.4,1203059,1203,0.204486 32.595712 0.0 9.0,1,60,2,0,2,9,2,4,,1,2,,1,0,60,1,2,1,1,3,2,Kofi,50,0,1,Sekai,33,0,0,,,,,
uuid:69dc4d9a-5c6b-4a83-976c-d99ef9fb6f44,"Jul 16, 2026 3:06:08 PM",ENUM07,SCTO-DEV-07,+25672719583,"Jul 16, 2026 1:59:26 PM","Jul 16, 2026 2:13:08 PM",13.7,1302073,1302,0.316642 32.584317 0.0 10.0,1,57,2,1,1,2,2,3,,1,2,,1,1,48,1,0,6,0,1,2,Imani,19,0,0,Adaeze,38,0,0,,,,,
uuid:6bb54262-ec61-4163-8e1a-08e411e16f91,"Jul 13, 2026 2:50:55 PM",ENUM08,SCTO-DEV-08,+25672458591,"Jul 13, 2026 1:17:37 PM","Jul 13, 2026 1:44:55 PM",27.3,1202060,1202,0.195238 32.864246 0.0 4.0,1,69,2,1,3,7,3,1,,1,2,,1,1,6,0,7,7,0,3,3,Zuri,33,0,0,Jelani,36,1,,Kofi,9,0,0,
uuid:75533144-c080-4e33-8476-0b0323513eb4,"Jul 14, 2026 6:48:59 AM",ENUM05,SCTO-DEV-05,+25674744854,"Jul 14, 2026 5:11:59 AM","Jul 14, 2026 5:35:59 AM",24.0,1202072,1202,0.191834 32.877831 0.0 4.0,1,26,1,1,2,8,0,1,,,,,,,,,1,3,0,1,1,,,,,,,,,,,,,
uuid:ff9a3253-282a-481a-ae71-ff983f4f0e54,"Jul 19, 2026 6:15:58 AM",ENUM08,SCTO-DEV-08,+25672458591,"Jul 19, 2026 5:50:40 AM","Jul 19, 2026 6:06:58 AM",16.3,1403073,1403,0.410040 32.732660 0.0 8.0,1,81,1,0,2,7,1,2,,1,-666,Plastic drum,1,0,1,0,3,4,0,2,3,Femi,13,0,0,,,,,,,,,
uuid:0f01ab04-6f9c-476e-a5b8-41d625c38fb9,"Jul 12, 2026 4:56:58 AM",ENUM01,SCTO-DEV-01,+25672867825,"Jul 12, 2026 4:15:58 AM","Jul 12, 2026 4:41:58 AM",26.0,1404077,1404,0.427718 32.866029 0.0 9.0,1,78,2,0,1,8,3,1,,0,,,,,,,2,1,1,2,1,Jelani,31,0,0,Thabo,49,0,0,Kwame,41,0,0,
uuid:87c30230-66cb-4295-81ee-111812146fbb,"Jul 14, 2026 6:42:06 AM",ENUM07,SCTO-DEV-07,+25672719583,"Jul 14, 2026 5:15:06 AM","Jul 14, 2026 5:38:06 AM",23.0,1204003,1204,0.201174 32.733361 0.0 9.0,1,28,2,1,3,2,1,1,,1,2,,1,0,8,1,0,1,0,2,1,Oluwaseun,5,0,1,,,,,,,,,
uuid:99f9ce3f-0ac6-4ab2-8ab4-8929ef58caea,"Jul 11, 2026 1:09:34 PM",ENUM06,SCTO-DEV-06,+25673341057,"Jul 11, 2026 12:15:34 PM","Jul 11, 2026 12:19:04 PM",3.5,1404018,1404,0.415784 32.860707 0.0 13.0,1,57,2,1,3,4,1,2,,1,3,,1,1,4,0,6,1,1,3,1,Amara,47,1,,,,,,,,,,
uuid:44f138aa-96a2-46f7-9ab7-45bef9967c62,"Jul 19, 2026 12:15:10 PM",ENUM07,SCTO-DEV-07,+25672719583,"Jul 19, 2026 10:57:34 AM","Jul 19, 2026 11:21:10 AM",23.6,1402016,1402,0.414360 32.582136 0.0 7.0,1,54,2,0,2,2,1,1,,0,,,,,,,1,2,0,1,1,Naledi,23,0,0,,,,,,,,,
uuid:7da4c3cb-40e0-499f-a021-b1292122c57f,"Jul 14, 2026 1:13:04 PM",ENUM05,SCTO-DEV-05,+25674744854,"Jul 14, 2026 12:06:52 PM","Jul 14, 2026 12:28:04 PM",21.2,1204094,1204,0.200693 32.738360 0.0 11.0,1,22,1,0,1,5,2,1,,1,3,,1,1,4,0,0,2,0,2,3,Zuri,8,0,1,Baraka,36,0,0,,,,,
uuid:8931a358-b01c-410b-bde6-484d6435ff5c,"Jul 5, 2026 9:28:51 AM",ENUM02,SCTO-DEV-02,+25671419610,"Jul 5, 2026 7:49:57 AM","Jul 5, 2026 8:12:51 AM",22.9,1202053,1202,0.191127 32.874820 0.0 10.0,1,35,1,1,0,9,0,3,,1,-666,Plastic drum,1,1,8,0,3,0,1,3,2,,,,,,,,,,,,,
uuid:3e68a564-9c60-4af5-8c14-9494b2b658af,"Jul 11, 2026 9:55:56 AM",ENUM05,SCTO-DEV-05,+25674744854,"Jul 11, 2026 9:28:08 AM","Jul 11, 2026 9:55:56 AM",27.8,1302097,1302,0.318241 32.599230 0.0 7.0,1,62,2,0,1,4,2,2,,1,3,,1,1,60,1,0,2,1,1,2,Nia,53,0,0,Kofi,46,0,0,,,,,
uuid:4853ea9e-3148-4088-9a23-71b178e0fce0,"Jul 20, 2026 1:43:52 PM",ENUM08,SCTO-DEV-08,+25672458591,"Jul 20, 2026 12:47:58 PM","Jul 20, 2026 1:06:52 PM",18.9,1401020,1401,0.423242 32.449805 0.0 8.0,1,62,1,1,3,3,1,1,,1,2,,1,0,8,0,0,2,1,3,2,Amina,43,0,0,,,,,,,,,
uuid:8bff4358-3071-48da-9a54-390043eb6f0f,"Jul 3, 2026 2:28:47 PM",ENUM01,SCTO-DEV-01,+25672867825,"Jul 3, 2026 1:50:35 PM","Jul 3, 2026 2:16:47 PM",26.2,1301075,1301,0.312976 32.446200 0.0 8.0,1,40,2,0,1,2,0,1,,0,,,,,,,5,0,0,2,3,,,,,,,,,,,,,
uuid:e00d204e-3452-448f-a677-7ce4e0bd1466,"Jul 14, 2026 2:16:00 PM",ENUM05,SCTO-DEV-05,+25674744854,"Jul 14, 2026 12:50:06 PM","Jul 14, 2026 1:10:00 PM",19.9,1201070,1201,0.197895 32.440987 0.0 8.0,1,32,2,1,0,5,3,2,,,,,,,,,0,3,1,3,2,Baraka,38,0,0,Imani,50,0,1,Amina,46,0,0,
uuid:4bfbedb2-1ad9-4f67-9db3-71209c62256d,"Jul 3, 2026 8:15:26 PM",ENUM07,SCTO-DEV-07,+25672719583,"Jul 3, 2026 7:38:38 PM","Jul 3, 2026 7:52:26 PM",13.8,1404015,1404,0.420999 32.870094 0.0 14.0,1,39,2,0,2,7,2,1,,1,3,,1,1,36,1,5,7,1,1,2,Femi,0,1,1,Jelani,1,0,0,,,,,
uuid:466fbd14-d0ea-4d41-b777-1447cb6f7e9e,"Jul 10, 2026 7:38:31 PM",ENUM07,SCTO-DEV-07,+25672719583,"Jul 10, 2026 6:46:25 PM","Jul 10, 2026 7:07:31 PM",21.1,1403045,1403,0.426687 32.721411 0.0 8.0,1,36,2,1,1,5,1,2,,0,,,,,,,0,0,1,3,2,Thabo,14,0,0,,,,,,,,,
uuid:60c4adb8-39dc-400b-8b16-12c52563a21c,"Jul 19, 2026 8:15:58 PM",ENUM01,SCTO-DEV-01,+25672867825,"Jul 19, 2026 6:56:52 PM","Jul 19, 2026 7:20:58 PM",24.1,1201052,1201,0.199748 32.450112 0.0 13.0,1,80,1,1,0,3,1,2,,1,3,,1,0,8,0,0,0,0,3,3,Tendai,6,0,0,,,,,,,,,
uuid:fef3db2f-993f-4650-a953-af785ec3918c,"Jul 20, 2026 3:45:11 AM",ENUM02,SCTO-DEV-02,+25671419610,"Jul 20, 2026 2:25:11 AM","Jul 20, 2026 2:50:11 AM",25.0,1203124,1203,0.192578 32.597214 0.0 13.0,1,58,2,0,1,5,1,4,,0,,,,,,,0,2,0,1,2,Amina,29,0,0,,,,,,,,,
uuid:d4892cfb-a235-403c-939f-13a69cdf73a7,"Jul 6, 2026 2:04:38 AM",ENUM02,SCTO-DEV-02,+25671419610,"Jul 6, 2026 1:15:44 AM","Jul 6, 2026 1:40:38 AM",24.9,1302098,1302,0.314160 32.594850 0.0 13.0,1,27,2,0,0,8,0,2,,1,3,,0,1,48,0,1,0,1,1,1,,,,,,,,,,,,,
uuid:4021d149-c2cc-4284-b7d6-a599655c254f,"Jul 10, 2026 7:22:49 PM",ENUM05,SCTO-DEV-05,+25674744854,"Jul 10, 2026 6:03:31 PM","Jul 10, 2026 6:29:49 PM",26.3,1303042,1303,0.317875 32.729360 0.0 6.0,1,57,1,1,2,6,0,3,,,,,,,,,5,6,0,3,2,,,,,,,,,,,,,
uuid:668fb9b8-d753-4f23-9cc3-51f738394811,"Jul 8, 2026 4:37:43 AM",ENUM05,SCTO-DEV-05,+25674744854,"Jul 8, 2026 3:24:25 AM","Jul 8, 2026 3:43:43 AM",19.3,1304024,1304,0.304955 32.863050 0.0 12.0,1,42,1,0,0,6,3,1,,,,,,,,,0,5,0,2,2,Chidi,12,0,0,Naledi,14,0,0,Imani,12,0,0,
uuid:dda23678-9f56-471b-8bf1-6d30e4037628,"Jul 9, 2026 11:55:19 AM",ENUM05,SCTO-DEV-05,+25674744854,"Jul 9, 2026 11:42:49 AM","Jul 9, 2026 11:54:19 AM",11.5,1403051,1403,0.425601 32.735506 0.0 15.0,1,22,1,1,2,4,2,3,,,,,,,,,6,4,1,2,1,Amara,46,0,0,Femi,43,1,,,,,,
uuid:8b319ad6-2c8c-4a05-8cbc-e6c6ea5a3ad6,"Jul 20, 2026 1:35:23 AM",ENUM03,SCTO-DEV-03,+25675614226,"Jul 19, 2026 11:48:17 PM","Jul 20, 2026 12:06:23 AM",18.1,1204054,1204,0.195784 32.722168 0.0 14.0,1,61,2,1,0,2,2,2,,1,1,,1,1,24,0,6,4,0,2,2,Jelani,4,0,1,Chidi,17,0,1,,,,,
uuid:776ab521-67bf-4072-8b35-e1f0653ca276,"Jul 1, 2026 2:35:13 PM",ENUM03,SCTO-DEV-03,+25675614226,"Jul 1, 2026 2:11:13 PM","Jul 1, 2026 2:24:13 PM",13.0,1202023,1202,0.202888 32.878338 0.0 10.0,1,29,1,0,1,8,1,1,,0,,,,,,,4,2,1,2,1,Zuri,6,0,0,,,,,,,,,
uuid:dce1da33-9eb9-4f85-87ac-8c344808bd8b,"Jul 8, 2026 10:26:09 AM",ENUM08,SCTO-DEV-08,+25672458591,"Jul 8, 2026 8:43:21 AM","Jul 8, 2026 9:06:09 AM",22.8,1201043,1201,0.208651 32.451965 0.0 9.0,1,32,2,0,1,7,2,4,,1,1,,1,0,18,0,0,3,1,3,1,Naledi,9,1,,Chidi,24,0,0,,,,,
uuid:f7be14dc-a721-490e-a592-7b6d23a51b5e,"Jul 3, 2026 11:57:12 AM",ENUM02,SCTO-DEV-02,+25671419610,"Jul 3, 2026 11:25:24 AM","Jul 3, 2026 11:49:12 AM",23.8,1304101,1304,0.316528 32.865112 0.0 10.0,1,44,2,1,0,2,1,1,,1,1,,1,1,99,0,6,3,1,3,3,Femi,17,0,0,,,,,,,,,
uuid:73e61884-0b3a-46bd-be79-6d0685ecd14f,"Jul 9, 2026 7:39:06 AM",ENUM08,SCTO-DEV-08,+25672458591,"Jul 9, 2026 6:57:24 AM","Jul 9, 2026 7:22:06 AM",24.7,1304062,1304,0.304684 32.867442 0.0 13.0,1,82,1,0,2,6,0,4,,1,3,,0,1,6,0,0,1,1,2,1,,,,,,,,,,,,,
uuid:6983bb58-b0f6-4e2f-be18-0bf7c561854e,"Jul 16, 2026 12:34:18 AM",ENUM05,SCTO-DEV-05,+25674744854,"Jul 15, 2026 10:47:12 PM","Jul 15, 2026 11:12:18 PM",25.1,1303033,1303,0.319008 32.730610 0.0 10.0,1,22,1,1,2,8,2,1,,,,,,,,,4,5,1,2,3,Baraka,35,1,,Kwame,38,0,0,,,,,
uuid:ecd14bac-df27-45fc-b715-169eafef2384,"Jul 1, 2026 4:06:07 PM",ENUM03,SCTO-DEV-03,+25675614226,"Jul 1, 2026 2:29:43 PM","Jul 1, 2026 2:57:07 PM",27.4,1401094,1401,0.410066 32.456861 0.0 14.0,0,61,2,1,0,7,0,2,,1,1,,1,0,4,0,0,3,0,1,3,,,,,,,,,,,,,
uuid:3d1d3099-9f8f-4b51-b2a9-9e6e18eb4181,"Jul 14, 2026 10:53:34 PM",ENUM01,SCTO-DEV-01,+25672867825,"Jul 14, 2026 9:11:58 PM","Jul 14, 2026 9:30:34 PM",18.6,1204039,1204,0.191151 32.726952 0.0 15.0,1,37,1,0,0,6,1,4,,0,,,,,,,5,3,0,1,1,Aisha,42,0,0,,,,,,,,,
uuid:d3d43315-12d5-4f89-8379-ce176fcfea70,"Jul 8, 2026 9:28:20 PM",ENUM03,SCTO-DEV-03,+25675614226,"Jul 8, 2026 8:13:44 PM","Jul 8, 2026 8:31:20 PM",17.6,1402084,1402,0.423275 32.586119 0.0 8.0,1,68,1,0,1,3,2,1,,1,1,,1,0,400,0,4,5,0,3,2,Amina,51,0,0,Amina,24,0,0,,,,,
uuid:30eb40ac-0ac2-4d67-8054-14f41846d593,"Jul 19, 2026 7:53:57 AM",ENUM06,SCTO-DEV-06,+25673341057,"Jul 19, 2026 7:29:57 AM","Jul 19, 2026 7:33:09 AM",3.2,1401087,1401,0.413998 32.443724 0.0 14.0,1,23,2,0,3,2,2,3,,1,2,,0,1,12,1,6,4,0,2,2,Jelani,25,0,0,Jelani,52,0,0,,,,,
uuid:daf947b5-e381-41cf-9054-1ee019011f9e,"Jul 19, 2026 4:41:41 PM",ENUM07,SCTO-DEV-07,+25672719583,"Jul 19, 2026 3:56:23 PM","Jul 19, 2026 4:16:41 PM",20.3,1401038,1401,0.415651 32.442710 0.0 7.0,1,56,2,0,3,8,0,1,,1,2,,1,1,8,0,4,3,1,1,3,,,,,,,,,,,,,
uuid:8b37fe29-6225-4c35-9ab5-c9079cb2ae9e,"Jul 2, 2026 8:48:42 PM",ENUM05,SCTO-DEV-05,+25674744854,"Jul 2, 2026 7:21:24 PM","Jul 2, 2026 7:38:42 PM",17.3,1204017,1204,0.209358 32.720017 0.0 12.0,0,,,,,,,,,,,,,,,,,,,,,,,,,,,,,,,,,
uuid:98d9ab24-7388-4dbb-9a17-845f1ae747a5,"Jul 16, 2026 1:28:50 AM",ENUM01,SCTO-DEV-01,+25672867825,"Jul 16, 2026 12:49:14 AM","Jul 16, 2026 1:07:50 AM",18.6,1403033,1403,0.423490 32.737639 0.0 12.0,1,47,1,1,2,4,1,-666,Rainwater ,1,2,,1,1,60,1,3,5,1,3,3,Aisha,0,0,0,,,,,,,,,
uuid:b2ad760a-f16b-4d1e-a093-78461c978a0d,"Jul 5, 2026 11:26:49 AM",ENUM08,SCTO-DEV-08,+25672458591,"Jul 5, 2026 11:00:07 AM","Jul 5, 2026 11:13:49 AM",13.7,1201045,1201,0.194084 32.456260 0.0 13.0,1,24,2,1,3,9,0,1,,0,,,,,,,0,6,0,3,2,,,,,,,,,,,,,
uuid:08b6e33f-6153-41e7-9dcc-bbc66a1f8b43,"Jul 8, 2026 5:43:11 AM",ENUM06,SCTO-DEV-06,+25673341057,"Jul 8, 2026 5:02:59 AM","Jul 8, 2026 5:07:23 AM",4.4,1302050,1302,0.318915 32.585026 0.0 5.0,1,36,2,0,3,2,0,2,,0,,,,,,,5,3,1,3,1,,,,,,,,,,,,,
uuid:83454ee3-ca8d-41b3-a864-0bef04ccfe64,"Jul 13, 2026 11:24:39 AM",ENUM08,SCTO-DEV-08,+25672458591,"Jul 13, 2026 11:04:03 AM","Jul 13, 2026 11:17:39 AM",13.6,1302006,1302,0.309010 32.596219 0.0 9.0,1,29,1,1,1,9,3,2,,1,2,,0,1,12,0,0,4,1,3,2,Femi,18,0,0,Jelani,55,0,1,Naledi,58,0,0,
uuid:7c167a1a-0422-44e1-be28-75e238070f54,"Jul 5, 2026 7:35:12 PM",ENUM07,SCTO-DEV-07,+25672719583,"Jul 5, 2026 6:29:24 PM","Jul 5, 2026 6:43:12 PM",13.8,1204070,1204,0.201274 32.722576 0.0 10.0,1,72,2,1,3,8,0,4,,1,-666,Plastic drum,0,0,60,0,3,5,0,2,3,,,,,,,,,,,,,
uuid:3ab74dc9-cd27-4078-aa42-b65f227c56a6,"Jul 10, 2026 5:19:53 AM",ENUM03,SCTO-DEV-03,+25675614226,"Jul 10, 2026 4:05:23 AM","Jul 10, 2026 4:21:53 AM",16.5,1401009,1401,0.412279 32.453414 0.0 11.0,1,59,2,0,0,7,1,2,,1,3,,0,0,48,1,0,0,1,3,2,Zainab,24,0,1,,,,,,,,,
uuid:850d0635-283d-408c-bf70-1d49c8009bee,"Jul 14, 2026 12:39:42 PM",ENUM03,SCTO-DEV-03,+25675614226,"Jul 14, 2026 11:37:06 AM","Jul 14, 2026 11:59:42 AM",22.6,1203063,1203,0.198169 32.586769 0.0 13.0,1,76,1,0,3,8,2,-666,Rains,1,3,,1,0,6,0,3,6,0,3,2,Femi,34,0,0,Chidi,11,0,0,,,,,
uuid:d1d5cea9-c470-4a58-bd25-e0fc23753bbc,"Jul 2, 2026 3:31:52 AM",ENUM02,SCTO-DEV-02,+25671419610,"Jul 2, 2026 3:18:46 AM","Jul 2, 2026 3:29:52 AM",11.1,1403057,1403,0.419141 32.735032 0.0 6.0,1,19,2,0,2,8,1,1,,1,3,,1,0,60,0,0,0,0,3,3,Zuri,45,1,,,,,,,,,,
uuid:e68646ac-d01f-4497-82f4-70f00d63fa66,"Jul 5, 2026 7:07:47 AM",ENUM05,SCTO-DEV-05,+25674744854,"Jul 5, 2026 5:41:29 AM","Jul 5, 2026 6:08:47 AM",27.3,1303038,1303,0.314913 32.738493 0.0 6.0,1,20,2,0,0,5,2,1,,,,,,,,,6,4,1,2,3,Imani,54,0,0,Sekai,0,0,0,,,,,
uuid:6f2b0a75-af59-4f59-b0a3-ca1656614724,"Jul 2, 2026 7:26:49 PM",ENUM07,SCTO-DEV-07,+25672719583,"Jul 2, 2026 6:25:13 PM","Jul 2, 2026 6:45:49 PM",20.6,1202032,1202,0.195232 32.866352 0.0 10.0,0,,,,,,,,,,,,,,,,,,,,,,,,,,,,,,,,,
uuid:784b51d7-8f4d-410a-8bca-2a2f20076712,"Jul 18, 2026 9:47:12 AM",ENUM02,SCTO-DEV-02,+25671419610,"Jul 18, 2026 8:31:18 AM","Jul 18, 2026 8:46:12 AM",14.9,1304063,1304,0.307448 32.874451 0.0 6.0,1,73,2,0,2,4,2,2,,0,,,,,,,0,0,0,2,1,Adaeze,7,0,0,Amara,0,0,0,,,,,
uuid:4bee656a-e26f-4d94-980e-595a35d79ce9,"Jul 9, 2026 4:31:34 PM",ENUM03,SCTO-DEV-03,+25675614226,"Jul 9, 2026 3:00:58 PM","Jul 9, 2026 3:18:34 PM",17.6,1304050,1304,0.303437 32.878921 0.0 7.0,1,47,2,0,0,5,3,4,,1,3,,1,1,60,0,0,2,0,3,2,Thabo,49,0,0,Baraka,0,0,0,Tendai,56,0,0,
uuid:129a51eb-944d-4a09-9cde-0e59effb1ebe,"Jul 2, 2026 11:06:41 PM",ENUM05,SCTO-DEV-05,+25674744854,"Jul 2, 2026 10:21:11 PM","Jul 2, 2026 10:38:41 PM",17.5,1203016,1203,0.203538 32.584599 0.0 9.0,1,71,2,1,2,5,1,1,,,,,,,,,1,3,1,3,3,Amina,17,0,0,,,,,,,,,
uuid:0ca818b4-0067-4711-afe1-a50f6c014798,"Jul 10, 2026 6:03:53 AM",ENUM03,SCTO-DEV-03,+25675614226,"Jul 10, 2026 5:33:05 AM","Jul 10, 2026 5:44:53 AM",11.8,1201026,1201,0.208237 32.440511 0.0 13.0,1,46,2,0,1,8,2,1,,0,,,,,,,1,7,1,3,1,Baraka,36,0,0,Kojo,46,0,0,,,,,
uuid:ea2277be-b70f-4a31-8c62-b838abdea3e7,"Jul 13, 2026 2:04:44 PM",ENUM02,SCTO-DEV-02,+25671419610,"Jul 13, 2026 1:34:02 PM","Jul 13, 2026 1:50:44 PM",16.7,1404058,1404,0.427665 32.879270 0.0 10.0,1,41,2,0,0,5,1,1,,0,,,,,,,0,0,1,2,3,Baraka,45,0,1,,,,,,,,,
uuid:b5c69306-1122-486f-9d4e-ee41b4106281,"Jul 1, 2026 9:44:50 AM",ENUM02,SCTO-DEV-02,+25671419610,"Jul 1, 2026 8:50:44 AM","Jul 1, 2026 9:05:50 AM",15.1,1301041,1301,0.308704 32.457218 0.0 10.0,1,76,1,1,0,3,1,1,,1,3,,0,0,1,0,0,6,0,2,2,Nia,480,0,0,,,,,,,,,
uuid:4e372ac9-edae-494b-b641-37559f2621eb,"Jul 15, 2026 5:46:22 AM",ENUM06,SCTO-DEV-06,+25673341057,"Jul 15, 2026 4:31:40 AM","Jul 15, 2026 4:34:58 AM",3.3,1303023,1303,0.302001 32.733502 0.0 9.0,1,82,2,1,2,7,3,1,,1,-666,Plastic drum,1,0,6,1,0,7,0,3,2,Zuri,45,0,1,Nia,17,1,,Zainab,30,0,0,
uuid:d8a8ba7b-ca75-4c81-906e-b86b343c204e,"Jul 1, 2026 11:36:25 PM",ENUM02,SCTO-DEV-02,+25671419610,"Jul 1, 2026 11:14:13 PM","Jul 1, 2026 11:33:25 PM",19.2,1403027,1403,0.421851 32.732526 0.0 9.0,1,51,1,1,3,5,3,3,,0,,,,,,,3,0,1,2,2,Tendai,40,0,1,Kofi,58,1,,Nia,56,0,1,
uuid:ee957a13-fb61-4f9f-b3d8-3dbcb424d5e9,"Jul 16, 2026 1:37:40 PM",ENUM06,SCTO-DEV-06,+25673341057,"Jul 16, 2026 12:03:52 PM","Jul 16, 2026 12:08:04 PM",4.2,1202082,1202,0.204815 32.869241 0.0 13.0,1,73,2,0,3,5,3,2,,1,-666,Plastic drum,1,1,36,0,6,7,0,2,1,Aisha,3,0,0,Tendai,51,0,0,Femi,6,0,0,
uuid:35843e61-b487-4dd8-83f7-798a7fe2db9c,"Jul 7, 2026 9:59:59 AM",ENUM02,SCTO-DEV-02,+25671419610,"Jul 7, 2026 8:44:05 AM","Jul 7, 2026 8:58:59 AM",14.9,1203088,1203,0.200697 32.583417 0.0 5.0,1,20,2,1,3,3,0,2,,1,1,,1,1,24,0,2,3,0,3,2,,,,,,,,,,,,,
uuid:30aa3e12-a5cf-475b-b7fb-5b54ed376d08,"Jul 4, 2026 9:34:37 AM",ENUM05,SCTO-DEV-05,+25674744854,"Jul 4, 2026 7:55:01 AM","Jul 4, 2026 8:16:37 AM",21.6,1403008,1403,0.420670 32.730051 0.0 6.0,1,38,1,0,0,2,0,4,,,,,,,,,0,0,0,2,3,,,,,,,,,,,,,
uuid:52e03a8c-3cfa-483f-8365-188280d2dc43,"Jul 11, 2026 10:25:44 PM",ENUM05,SCTO-DEV-05,+25674744854,"Jul 11, 2026 9:05:02 PM","Jul 11, 2026 9:23:44 PM",18.7,1304101,1304,0.300990 32.860139 0.0 14.0,1,48,1,0,3,6,2,3,,1,2,,1,0,1,1,7,2,0,2,2,Naledi,35,0,1,Kojo,58,0,1,,,,,
uuid:5de5a113-a397-4c03-ac38-952ffec57161,"Jul 15, 2026 7:03:36 AM",ENUM03,SCTO-DEV-03,+25675614226,"Jul 15, 2026 6:28:54 AM","Jul 15, 2026 6:51:36 AM",22.7,1204013,1204,0.204416 32.736082 0.0 12.0,1,74,2,1,1,4,1,1,,1,1,,0,0,36,0,5,1,0,2,3,Chidi,3,0,0,,,,,,,,,
uuid:a43f6705-55a7-4627-8698-5a86e93ff4c8,"Jul 8, 2026 7:39:34 AM",ENUM01,SCTO-DEV-01,+25672867825,"Jul 8, 2026 6:33:22 AM","Jul 8, 2026 6:54:34 AM",21.2,1303008,1303,0.302072 32.730148 0.0 6.0,1,80,1,1,2,7,0,1,,1,2,,1,0,48,0,4,0,0,1,3,,,,,,,,,,,,,
uuid:cc7c3f2f-9340-46fe-bb49-dbf9cd788baa,"Jul 13, 2026 8:17:57 PM",ENUM07,SCTO-DEV-07,+25672719583,"Jul 13, 2026 7:10:21 PM","Jul 13, 2026 7:26:57 PM",16.6,1303013,1303,0.313385 32.723696 0.0 6.0,1,80,2,1,0,6,1,1,,1,1,,1,0,8,0,4,0,1,3,2,Zainab,59,0,0,,,,,,,,,
uuid:63b9fd4e-6585-4e1a-9e07-b408d3174891,"Jul 17, 2026 8:08:43 PM",ENUM01,SCTO-DEV-01,+25672867825,"Jul 17, 2026 6:52:55 PM","Jul 17, 2026 7:17:43 PM",24.8,1402082,1402,0.412300 32.597318 0.0 4.0,1,31,1,1,1,3,1,2,,1,1,,1,1,8,0,0,0,0,2,3,Zainab,60,0,0,,,,,,,,,
uuid:63c90e3e-e251-43d4-8b3e-5980d71e2a1a,"Jul 10, 2026 7:26:41 AM",ENUM04,SCTO-DEV-04,+25675108603,"Jul 10, 2026 5:43:47 AM","Jul 10, 2026 6:02:41 AM",18.9,1302096,1302,0.309949 32.598810 0.0 10.0,1,66,1,0,3,4,3,2,,0,,,,,,,1,0,0,3,3,Chidi,26,1,,Naledi,59,0,0,Zuri,7,0,0,
uuid:437bbb0b-e397-425f-a808-d942b718634f,"Jul 15, 2026 5:05:47 PM",ENUM02,SCTO-DEV-02,+25671419610,"Jul 15, 2026 3:48:29 PM","Jul 15, 2026 4:12:47 PM",24.3,1304079,1304,0.302155 32.865663 0.0 11.0,1,38,1,1,1,6,2,1,,1,3,,1,1,1,0,0,7,0,2,3,Amina,37,0,0,Amina,54,0,0,,,,,
uuid:ed698da2-f2d2-437b-a43a-7ab9d417b0ff,"Jul 18, 2026 2:29:38 AM",ENUM08,SCTO-DEV-08,+25672458591,"Jul 18, 2026 1:38:50 AM","Jul 18, 2026 2:01:38 AM",22.8,1302055,1302,0.315637 32.584510 0.0 7.0,1,73,2,1,2,2,1,1,,1,-666,Plastic drum,1,1,48,0,7,5,0,1,3,Kofi,6,1,,,,,,,,,,
uuid:cbde472b-1aea-40e6-a131-dad64667411e,"Jul 9, 2026 1:40:28 AM",ENUM06,SCTO-DEV-06,+25673341057,"Jul 9, 2026 1:05:04 AM","Jul 9, 2026 1:09:16 AM",4.2,1203066,1203,0.206555 32.593689 0.0 14.0,1,19,1,0,0,5,0,1,,1,3,,0,0,60,0,2,5,0,3,2,,,,,,,,,,,,,
uuid:ee39231e-6599-4157-8df0-be71e45e2b6f,"Jul 13, 2026 8:58:30 PM",ENUM08,SCTO-DEV-08,+25672458591,"Jul 13, 2026 8:17:54 PM","Jul 13, 2026 8:34:30 PM",16.6,1201018,1201,0.192160 32.440246 0.0 15.0,0,,,,,,,,,,,,,,,,,,,,,,,,,,,,,,,,,
uuid:0ae941ae-c975-4e54-a8ad-b825f7a956ae,"Jul 1, 2026 12:44:42 PM",ENUM04,SCTO-DEV-04,+25675108603,"Jul 1, 2026 11:09:24 AM","Jul 1, 2026 11:23:42 AM",14.3,1402018,1402,0.417922 32.597398 0.0 13.0,1,82,1,1,1,3,1,3,,1,3,,0,0,99,0,0,4,0,2,2,Imani,43,0,0,,,,,,,,,
uuid:5cff71d5-f0a7-4cf5-b5f8-a66fdc74df02,"Jul 2, 2026 6:25:17 PM",ENUM01,SCTO-DEV-01,+25672867825,"Jul 2, 2026 5:49:17 PM","Jul 2, 2026 6:06:17 PM",17.0,1403017,1403,0.424027 32.735829 0.0 6.0,1,81,1,0,2,9,2,1,,1,3,,1,1,99,0,0,4,1,3,3,Sekai,17,0,0,Kojo,10,1,,,,,,
uuid:c4ddeaa4-c658-4212-89d8-64553b22cc7a,"Jul 9, 2026 9:57:41 PM",ENUM03,SCTO-DEV-03,+25675614226,"Jul 9, 2026 8:58:35 PM","Jul 9, 2026 9:17:41 PM",19.1,1404089,1404,0.421660 32.861223 0.0 4.0,1,55,2,0,0,4,2,2,,0,,,,,,,1,2,1,1,3,Tendai,13,0,0,Baraka,16,0,0,,,,,
uuid:c2ffc32e-5f63-476f-86d9-a7d04fd092f1,"Jul 13, 2026 4:38:56 AM",ENUM07,SCTO-DEV-07,+25672719583,"Jul 13, 2026 3:25:08 AM","Jul 13, 2026 3:42:56 AM",17.8,1404070,1404,0.410235 32.863943 0.0 14.0,1,47,1,0,1,2,0,-666,Rainwater ,0,,,,,,,6,0,0,3,1,,,,,,,,,,,,,
uuid:ac5fdfdf-d967-400a-a7e4-8d378a0ad3ad,"Jul 17, 2026 7:21:46 PM",ENUM01,SCTO-DEV-01,+25672867825,"Jul 17, 2026 6:11:22 PM","Jul 17, 2026 6:36:46 PM",25.4,1301029,1301,0.310809 32.440895 0.0 7.0,1,63,1,1,3,3,1,1,,1,2,,0,1,60,0,0,0,0,3,1,Oluwaseun,30,0,0,,,,,,,,,
uuid:7550ae74-a820-4c4b-8d0b-e8d0916c3f4a,"Jul 9, 2026 8:15:31 AM",ENUM05,SCTO-DEV-05,+25674744854,"Jul 9, 2026 6:24:01 AM","Jul 9, 2026 6:48:31 AM",24.5,1302064,1302,0.317949 32.584521 0.0 10.0,1,55,1,1,1,5,3,1,,1,3,,1,1,36,1,3,5,0,3,3,Imani,48,0,0,Amina,3,0,0,Jelani,25,0,0,
uuid:7580fbd2-6987-433f-9fca-007eeb5b1d3c,"Jul 12, 2026 12:14:13 PM",ENUM04,SCTO-DEV-04,+25675108603,"Jul 12, 2026 11:50:13 AM","Jul 12, 2026 12:05:13 PM",15.0,1203104,1203,0.196004 32.580831 0.0 5.0,1,33,1,1,3,8,2,3,,0,,,,,,,5,4,1,2,3,Zuri,1,0,0,Zuri,55,0,0,,,,,
uuid:75b037a3-a591-431e-baec-6a836967b9a8,"Jul 15, 2026 12:16:15 PM",ENUM08,SCTO-DEV-08,+25672458591,"Jul 15, 2026 10:30:33 AM","Jul 15, 2026 10:51:15 AM",20.7,1401011,1401,0.424202 32.453485 0.0 12.0,1,55,2,1,0,2,1,1,,1,1,,0,0,60,1,6,4,1,2,3,Sekai,6,0,0,,,,,,,,,
uuid:83b2c223-eb8b-41c2-93f2-6a7392994c95,"Jul 5, 2026 6:45:13 AM",ENUM06,SCTO-DEV-06,+25673341057,"Jul 5, 2026 6:22:37 AM","Jul 5, 2026 6:26:25 AM",3.8,1202054,1202,0.200806 32.868192 0.0 12.0,1,56,2,1,2,8,1,4,,0,,,,,,,0,5,0,2,2,Amina,23,0,0,,,,,,,,,
uuid:7edeef04-cd0a-4d06-bc95-96abd98edfc3,"Jul 15, 2026 10:40:48 AM",ENUM02,SCTO-DEV-02,+25671419610,"Jul 15, 2026 8:58:06 AM","Jul 15, 2026 9:22:48 AM",24.7,1203105,1203,0.192504 32.586307 0.0 10.0,1,37,2,0,3,5,1,-666,Rain,1,1,,1,0,36,1,7,7,0,3,3,Nia,58,1,,,,,,,,,,
uuid:57afc606-fc04-48e0-a9ac-47d1a9f88af6,"Jul 7, 2026 1:13:38 AM",ENUM03,SCTO-DEV-03,+25675614226,"Jul 6, 2026 11:57:14 PM","Jul 7, 2026 12:10:38 AM",13.4,1303070,1303,0.304031 32.729135 0.0 13.0,1,77,1,0,0,7,1,-666,Rain,0,,,,,,,7,6,0,2,3,Baraka,2,1,,,,,,,,,,
uuid:340bfc28-ef1f-4aa0-983d-b58e28b51215,"Jul 15, 2026 1:13:28 PM",ENUM07,SCTO-DEV-07,+25672719583,"Jul 15, 2026 12:22:46 PM","Jul 15, 2026 12:35:28 PM",12.7,1404011,1404,0.416452 32.879517 0.0 15.0,1,74,2,0,1,7,0,2,,1,1,,1,1,99,1,5,3,0,2,2,,,,,,,,,,,,,
uuid:f1e489a5-7cff-4d85-ab49-9372ffd73a2e,"Jul 11, 2026 11:36:09 AM",ENUM01,SCTO-DEV-01,+25672867825,"Jul 11, 2026 10:43:45 AM","Jul 11, 2026 11:03:09 AM",19.4,1303067,1303,0.313903 32.737211 0.0 14.0,1,19,1,1,2,9,2,4,,0,,,,,,,1,6,1,1,3,Sekai,8,0,1,Imani,56,0,0,,,,,
uuid:ff36b248-1f23-4308-adec-da74f9b34348,"Jul 3, 2026 4:01:03 PM",ENUM06,SCTO-DEV-06,+25673341057,"Jul 3, 2026 3:33:45 PM","Jul 3, 2026 3:36:57 PM",3.2,1401054,1401,0.414461 32.450766 0.0 4.0,1,24,2,1,1,3,2,1,,0,,,,,,,0,6,0,3,3,Tendai,45,0,0,Adaeze,34,0,0,,,,,
uuid:d968018a-035b-491d-8e84-6cf4d7a5dcef,"Jul 7, 2026 1:36:51 AM",ENUM01,SCTO-DEV-01,+25672867825,"Jul 7, 2026 1:07:15 AM","Jul 7, 2026 1:18:51 AM",11.6,1203039,1203,0.195994 32.596653 0.0 6.0,1,46,2,0,1,8,0,1,,1,3,,1,1,8,0,7,0,1,2,3,,,,,,,,,,,,,
uuid:23a73dd3-dd47-418d-8b39-e643b4a24648,"Jul 5, 2026 5:16:15 AM",ENUM03,SCTO-DEV-03,+25675614226,"Jul 5, 2026 4:56:15 AM","Jul 5, 2026 5:11:15 AM",15.0,1404021,1404,0.429875 32.871491 0.0 11.0,1,52,2,1,1,2,2,-666,Rainwater ,1,2,,0,1,2,0,2,3,1,2,3,Amara,47,0,0,Kwame,30,0,0,,,,,
uuid:b6739a59-837d-43ea-b4f5-390a1946750b,"Jul 7, 2026 2:55:11 PM",ENUM06,SCTO-DEV-06,+25673341057,"Jul 7, 2026 1:10:23 PM","Jul 7, 2026 1:15:11 PM",4.8,1301067,1301,0.311811 32.442741 0.0 9.0,1,55,2,0,2,5,1,1,,1,2,,1,0,12,0,3,1,0,3,3,Femi,10,0,0,,,,,,,,,
uuid:2f0cf6d1-8b4d-4144-8753-0241162dc24e,"Jul 12, 2026 3:18:48 PM",ENUM08,SCTO-DEV-08,+25672458591,"Jul 12, 2026 1:50:48 PM","Jul 12, 2026 2:15:48 PM",25.0,1403107,1403,0.425698 32.721693 0.0 14.0,1,78,1,0,1,3,0,1,,1,3,,1,1,18,1,2,0,1,2,3,,,,,,,,,,,,,
uuid:0ef03003-4276-4dc7-b779-071354c906eb,"Jul 17, 2026 8:09:08 PM",ENUM05,SCTO-DEV-05,+25674744854,"Jul 17, 2026 7:07:38 PM","Jul 17, 2026 7:25:08 PM",17.5,1301020,1301,0.316849 32.444255 0.0 12.0,1,55,1,1,0,6,0,2,,0,,,,,,,5,7,0,3,2,,,,,,,,,,,,,
uuid:099dce7c-9da2-4b62-96de-501d0dc9d2d8,"Jul 20, 2026 1:46:25 AM",ENUM04,SCTO-DEV-04,+25675108603,"Jul 20, 2026 12:48:25 AM","Jul 20, 2026 1:09:25 AM",21.0,1303019,1303,0.302678 32.730022 0.0 5.0,1,69,2,1,1,4,2,1,,1,2,,1,0,4,0,2,2,1,2,3,Oluwaseun,14,1,,Aisha,33,0,0,,,,,
uuid:b65f699d-30cb-4731-84a4-3a66c915dfb1,"Jul 9, 2026 5:23:17 AM",ENUM02,SCTO-DEV-02,+25671419610,"Jul 9, 2026 4:03:41 AM","Jul 9, 2026 4:31:17 AM",27.6,1404037,1404,0.426486 32.877479 0.0 13.0,1,57,1,1,3,5,1,2,,1,2,,0,0,4,0,0,5,0,3,1,Sekai,47,0,0,,,,,,,,,
uuid:ed7b28bf-911d-4f70-a4b8-d13b249fab48,"Jul 16, 2026 4:36:07 AM",ENUM06,SCTO-DEV-06,+25673341057,"Jul 16, 2026 3:09:19 AM","Jul 16, 2026 3:13:13 AM",3.9,1204008,1204,0.192082 32.729924 0.0 9.0,1,28,1,0,2,4,2,-666,Rainwater ,0,,,,,,,4,5,1,3,3,Zuri,22,0,1,Amara,3,0,0,,,,,
uuid:6fe1be6c-dc1f-4bd6-ab98-aa155528a0f0,"Jul 12, 2026 7:44:46 PM",ENUM08,SCTO-DEV-08,+25672458591,"Jul 12, 2026 7:09:10 PM","Jul 12, 2026 7:33:46 PM",24.6,1404067,1404,0.420841 32.864887 0.0 4.0,1,31,1,1,0,7,1,1,,1,3,,1,0,24,1,4,0,0,2,3,Chidi,55,0,1,,,,,,,,,
uuid:8305c620-bfcd-4fa7-a4df-61d6e6023b65,"Jul 8, 2026 4:06:23 PM",ENUM07,SCTO-DEV-07,+25672719583,"Jul 8, 2026 2:39:23 PM","Jul 8, 2026 3:03:23 PM",24.0,1202021,1202,0.209662 32.862036 0.0 12.0,1,40,2,1,2,8,2,-666,Rainwater ,1,1,,1,0,12,0,4,0,1,1,2,Zainab,40,0,0,Amara,14,1,,,,,,
uuid:f7339eea-2b97-4a32-a395-4d9e85bea9ed,"Jul 8, 2026 1:50:01 PM",ENUM06,SCTO-DEV-06,+25673341057,"Jul 8, 2026 1:19:43 PM","Jul 8, 2026 1:23:55 PM",4.2,1302013,1302,0.312832 32.593543 0.0 5.0,1,20,1,0,2,5,2,1,,1,3,,0,1,2,1,0,5,0,2,2,Baraka,17,0,0,Jelani,38,0,0,,,,,
uuid:1ef0be48-9fc0-4854-a02c-d5c6baef6db3,"Jul 1, 2026 8:49:13 PM",ENUM04,SCTO-DEV-04,+25675108603,"Jul 1, 2026 7:56:49 PM","Jul 1, 2026 8:15:13 PM",18.4,1202042,1202,0.196563 32.870177 0.0 11.0,1,70,1,0,2,3,2,2,,0,,,,,,,0,7,0,3,3,Kojo,32,0,0,Adaeze,36,0,1,,,,,
uuid:434856f4-bfe3-4fd5-a974-02cd346e5522,"Jul 1, 2026 10:29:26 AM",ENUM01,SCTO-DEV-01,+25672867825,"Jul 1, 2026 9:44:44 AM","Jul 1, 2026 10:03:26 AM",18.7,1302016,1302,0.315224 32.583372 0.0 6.0,1,81,1,1,3,8,1,-666,Rain,1,1,,1,1,1,0,5,3,1,3,2,Baraka,44,1,1,,,,,,,,,
uuid:a48575ad-b600-40fa-91a4-ec3578fbbadd,"Jul 17, 2026 10:59:52 PM",ENUM03,SCTO-DEV-03,+25675614226,"Jul 17, 2026 9:52:28 PM","Jul 17, 2026 10:12:52 PM",20.4,1202033,1202,0.190099 32.863187 0.0 5.0,1,79,2,1,3,8,2,3,,0,,,,,,,0,0,0,3,2,Kwame,52,0,0,Jelani,25,0,0,,,,,
uuid:d1ba5822-8e4c-4cd7-85dc-b4e4c3186f3e,"Jul 4, 2026 9:00:32 PM",ENUM08,SCTO-DEV-08,+25672458591,"Jul 4, 2026 8:24:14 PM","Jul 4, 2026 8:50:32 PM",26.3,1404052,1404,0.429520 32.879250 0.0 15.0,1,56,1,1,3,6,1,1,,0,,,,,,,2,6,0,2,1,Amina,28,0,0,,,,,,,,,
uuid:2b961fac-4232-4135-a957-fd402272cf6c,"Jul 18, 2026 7:41:34 AM",ENUM04,SCTO-DEV-04,+25675108603,"Jul 18, 2026 6:39:34 AM","Jul 18, 2026 6:50:34 AM",11.0,1304065,1304,0.303636 32.871807 0.0 14.0,1,30,2,1,0,9,1,1,,0,,,,,,,6,6,0,2,2,Kojo,37,0,0,,,,,,,,,
uuid:bf36b4e4-92b3-41f8-ac60-35393eaa9d96,"Jul 13, 2026 2:29:35 AM",ENUM08,SCTO-DEV-08,+25672458591,"Jul 13, 2026 2:12:29 AM","Jul 13, 2026 2:26:35 AM",14.1,1202056,1202,0.207105 32.870894 0.0 10.0,1,67,2,1,2,5,1,2,,1,1,,1,0,18,1,6,4,0,1,3,Aisha,21,0,0,,,,,,,,,
uuid:99c7d124-3cf1-4c13-aef0-5f44825c9042,"Jul 17, 2026 8:51:01 AM",ENUM07,SCTO-DEV-07,+25672719583,"Jul 17, 2026 7:30:25 AM","Jul 17, 2026 7:52:01 AM",21.6,1302087,1302,0.313937 32.591627 0.0 8.0,1,64,2,0,2,7,3,1,,1,3,,1,0,4,0,4,2,1,3,1,Kwame,120,1,,Baraka,39,0,0,Nia,8,0,0,
uuid:ec9041bf-e8e8-47e2-8cdf-ba29b48d77a0,"Jul 19, 2026 12:54:48 PM",ENUM03,SCTO-DEV-03,+25675614226,"Jul 19, 2026 11:29:06 AM","Jul 19, 2026 11:43:48 AM",14.7,1304049,1304,0.318861 32.874488 0.0 12.0,1,47,2,0,1,4,2,2,,1,3,,1,1,12,0,6,0,1,2,2,Nia,1,0,0,Naledi,25,0,0,,,,,
uuid:36b54dab-d646-4e2f-81f6-84e007c1261b,"Jul 17, 2026 6:10:06 AM",ENUM03,SCTO-DEV-03,+25675614226,"Jul 17, 2026 4:39:06 AM","Jul 17, 2026 5:03:06 AM",24.0,1404086,1404,0.427074 32.873320 0.0 10.0,1,25,2,0,1,5,2,1,,1,3,,1,1,24,0,0,7,0,1,1,Adaeze,4,0,1,Zuri,49,0,0,,,,,
uuid:12a3dc19-a0d6-4a42-9bde-aae45e7deff3,"Jul 5, 2026 6:56:07 AM",ENUM01,SCTO-DEV-01,+25672867825,"Jul 5, 2026 5:54:37 AM","Jul 5, 2026 6:18:07 AM",23.5,1203100,1203,0.190942 32.596156 0.0 5.0,1,38,1,1,0,7,1,-666,Rainwater ,1,2,,1,0,12,0,6,3,0,2,1,Amara,12,1,,,,,,,,,,
uuid:53806aad-c83c-4249-b96e-3d0d64cc73f1,"Jul 15, 2026 6:35:02 AM",ENUM03,SCTO-DEV-03,+25675614226,"Jul 15, 2026 6:00:32 AM","Jul 15, 2026 6:15:02 AM",14.5,1201019,1201,0.191756 32.445135 0.0 4.0,1,29,1,0,2,4,1,4,,1,1,,0,1,8,0,2,3,0,2,1,Oluwaseun,38,0,0,,,,,,,,,
uuid:1f2fd5d0-f1c1-4b48-842e-25b3b00533a1,"Jul 15, 2026 10:22:49 AM",ENUM06,SCTO-DEV-06,+25673341057,"Jul 15, 2026 10:00:49 AM","Jul 15, 2026 10:04:07 AM",3.3,1304004,1304,0.314619 32.869169 0.0 14.0,1,64,1,0,1,8,2,2,,1,1,,1,1,24,0,6,5,1,2,1,Amara,7,0,0,Sekai,0,0,0,,,,,
uuid:ad62fb96-2e5c-4865-af9a-8dc8bf18a858,"Jul 17, 2026 7:39:45 AM",ENUM03,SCTO-DEV-03,+25675614226,"Jul 17, 2026 6:59:09 AM","Jul 17, 2026 7:17:45 AM",18.6,1204019,1204,0.195225 32.734015 0.0 11.0,1,42,1,0,0,4,1,3,,0,,,,,,,5,2,0,2,2,Chidi,13,0,0,,,,,,,,,
uuid:2df9ec71-fa25-4bea-a872-7a482a91d769,"Jul 10, 2026 5:23:04 AM",ENUM08,SCTO-DEV-08,+25672458591,"Jul 10, 2026 4:16:22 AM","Jul 10, 2026 4:37:04 AM",20.7,1304091,1304,0.315766 32.868503 0.0 7.0,1,58,1,0,2,3,1,1,,0,,,,,,,3,7,0,2,3,Thabo,54,0,0,,,,,,,,,
uuid:2233042d-093f-4b6c-a787-076eb53866c5,"Jul 5, 2026 5:51:56 PM",ENUM01,SCTO-DEV-01,+25672867825,"Jul 5, 2026 4:52:26 PM","Jul 5, 2026 5:04:56 PM",12.5,1203082,1203,0.196220 32.593130 0.0 8.0,1,29,1,1,0,3,2,1,,1,-666,Plastic drum,1,0,6,0,0,5,0,3,1,Aisha,10,1,,Aisha,6,0,0,,,,,
uuid:2ad197eb-0e96-4e5f-82ab-9a00b2ab3702,"Jul 19, 2026 8:01:02 PM",ENUM08,SCTO-DEV-08,+25672458591,"Jul 19, 2026 7:31:44 PM","Jul 19, 2026 7:44:02 PM",12.3,1302007,1302,0.310589 32.587961 0.0 14.0,1,54,1,1,0,4,1,1,,1,1,,1,1,48,1,7,3,1,1,2,Sekai,5,0,0,,,,,,,,,
uuid:a2756811-f3c0-4665-81ce-25a792cc9427,"Jul 20, 2026 11:48:16 AM",ENUM03,SCTO-DEV-03,+25675614226,"Jul 20, 2026 10:11:52 AM","Jul 20, 2026 10:28:16 AM",16.4,1201033,1201,0.192988 32.447314 0.0 10.0,1,41,1,1,1,3,0,2,,1,1,,1,1,36,1,0,4,0,2,1,,,,,,,,,,,,,
uuid:0227bfe2-3cea-4ab0-ad68-4ae526c11515,"Jul 10, 2026 2:37:54 PM",ENUM07,SCTO-DEV-07,+25672719583,"Jul 10, 2026 1:39:36 PM","Jul 10, 2026 2:00:54 PM",21.3,1203067,1203,0.192041 32.598162 0.0 5.0,1,38,1,0,2,2,1,2,,1,3,,0,1,6,0,7,4,0,2,1,Jelani,28,0,1,,,,,,,,,
uuid:68591959-42f5-4453-bdce-c81f0772f6ee,"Jul 6, 2026 11:19:51 AM",ENUM01,SCTO-DEV-01,+25672867825,"Jul 6, 2026 10:27:45 AM","Jul 6, 2026 10:46:51 AM",19.1,1301087,1301,0.308826 32.449191 0.0 15.0,1,34,1,0,0,4,0,3,,1,3,,1,0,18,0,7,3,0,2,1,,,,,,,,,,,,,
uuid:ee3e3863-5323-41b8-aad7-21fb141edbf5,"Jul 15, 2026 4:52:14 PM",ENUM03,SCTO-DEV-03,+25675614226,"Jul 15, 2026 3:11:02 PM","Jul 15, 2026 3:32:14 PM",21.2,1401016,1401,0.424978 32.457546 0.0 10.0,1,58,2,0,1,3,1,1,,1,1,,1,0,4,0,2,0,0,1,2,Amara,49,0,0,,,,,,,,,
uuid:495bf5e1-df89-4ba7-86a0-1474a24de261,"Jul 4, 2026 1:21:37 AM",ENUM06,SCTO-DEV-06,+25673341057,"Jul 4, 2026 12:03:13 AM","Jul 4, 2026 12:06:55 AM",3.7,1302034,1302,0.310634 32.587669 0.0 14.0,1,29,1,1,2,6,0,3,,0,,,,,,,2,0,1,3,2,,,,,,,,,,,,,
uuid:213cc24f-b797-4b0c-b1b6-b10b2c5e46a6,"Jul 1, 2026 11:52:41 AM",ENUM05,SCTO-DEV-05,+25674744854,"Jul 1, 2026 10:42:05 AM","Jul 1, 2026 11:03:41 AM",21.6,1402026,1402,0.410377 32.584505 0.0 10.0,1,38,2,1,2,9,2,1,,,,,,,,,7,6,0,2,3,Naledi,13,0,1,Kojo,38,0,1,,,,,
uuid:2dff28a0-bdbf-49c8-97a6-66b304eb7471,"Jul 19, 2026 9:29:38 AM",ENUM08,SCTO-DEV-08,+25672458591,"Jul 19, 2026 8:09:14 AM","Jul 19, 2026 8:22:38 AM",13.4,1204029,1204,0.203971 32.725990 0.0 10.0,1,62,2,1,2,3,0,4,,1,3,,1,1,18,0,6,3,0,1,2,,,,,,,,,,,,,
uuid:30ac98c5-81b5-4e72-9ed4-13de0677237e,"Jul 13, 2026 4:57:48 PM",ENUM07,SCTO-DEV-07,+25672719583,"Jul 13, 2026 4:13:18 PM","Jul 13, 2026 4:33:48 PM",20.5,1304102,1304,0.312615 32.861791 0.0 8.0,1,26,2,1,2,6,1,1,,1,-666,Plastic drum,1,0,2,1,5,6,0,3,2,Femi,29,0,0,,,,,,,,,
uuid:bfe8ace4-7fd4-4994-98cb-ca3e876b353b,"Jul 11, 2026 1:49:17 PM",ENUM05,SCTO-DEV-05,+25674744854,"Jul 11, 2026 1:08:29 PM","Jul 11, 2026 1:26:17 PM",17.8,1403040,1403,0.429007 32.725137 0.0 14.0,1,29,2,1,1,6,3,2,,,,,,,,,5,2,0,2,3,Kofi,38,0,0,Kwame,17,1,,Aisha,1,0,0,
uuid:51e474b1-fa55-46b0-9ddf-163016697355,"Jul 3, 2026 1:18:29 PM",ENUM08,SCTO-DEV-08,+25672458591,"Jul 3, 2026 12:04:47 PM","Jul 3, 2026 12:30:29 PM",25.7,1202087,1202,0.192876 32.864477 0.0 9.0,0,,,,,,,,,,,,,,,,,,,,,,,,,,,,,,,,,
uuid:fc1e08b2-d3cb-4836-b547-68b202a984fe,"Jul 16, 2026 1:35:42 PM",ENUM06,SCTO-DEV-06,+25673341057,"Jul 16, 2026 12:15:24 PM","Jul 16, 2026 12:19:18 PM",3.9,1303092,1303,0.316105 32.724411 0.0 12.0,1,81,2,0,2,8,2,4,,1,3,,1,1,1,0,0,7,0,3,3,Tendai,51,0,0,Femi,0,0,0,,,,,
uuid:dd6349ab-17a5-45e9-9ceb-9fadada5e568,"Jul 3, 2026 10:45:29 AM",ENUM08,SCTO-DEV-08,+25672458591,"Jul 3, 2026 10:21:29 AM","Jul 3, 2026 10:34:29 AM",13.0,1402025,1402,0.413650 32.581728 0.0 9.0,1,21,1,1,1,7,1,4,,0,,,,,,,1,4,0,1,2,Naledi,19,1,,,,,,,,,,
uuid:cc3fc8f6-3d0e-4b80-915c-b9a554e894d0,"Jul 18, 2026 6:07:36 AM",ENUM05,SCTO-DEV-05,+25674744854,"Jul 18, 2026 4:27:54 AM","Jul 18, 2026 4:52:36 AM",24.7,1303052,1303,0.303989 32.728039 0.0 13.0,1,64,1,0,3,5,3,1,,,,,,,,,1,5,0,2,2,Kojo,1,0,1,Naledi,14,0,1,Sekai,26,0,0,
uuid:fcfff8f2-e1a9-462f-ab2e-82090a4bc303,"Jul 3, 2026 4:48:53 PM",ENUM01,SCTO-DEV-01,+25672867825,"Jul 3, 2026 4:03:29 PM","Jul 3, 2026 4:20:53 PM",17.4,1301023,1301,0.307573 32.442100 0.0 5.0,1,41,2,0,0,7,2,4,,1,2,,0,1,18,1,6,4,0,2,1,Femi,30,0,0,Zainab,45,0,1,,,,,
uuid:0e098c93-0c44-4859-9bce-95bf98d560c2,"Jul 5, 2026 12:28:57 AM",ENUM08,SCTO-DEV-08,+25672458591,"Jul 4, 2026 11:18:57 PM","Jul 4, 2026 11:33:57 PM",15.0,1203110,1203,0.207620 32.592521 0.0 11.0,1,25,2,1,3,3,0,2,,1,3,,1,1,36,0,2,0,0,3,3,,,,,,,,,,,,,
uuid:ee460620-a0a8-4d5e-832c-93a6a31e0141,"Jul 16, 2026 10:44:07 AM",ENUM04,SCTO-DEV-04,+25675108603,"Jul 16, 2026 9:57:13 AM","Jul 16, 2026 10:23:07 AM",25.9,1404090,1404,0.414868 32.866701 0.0 15.0,1,19,2,1,1,7,3,3,,1,2,,0,0,12,0,6,0,0,1,1,Amara,13,0,0,Chidi,49,0,0,Kojo,35,0,0,
uuid:cca00b6c-309d-4bb8-867c-a7f6288da9e0,"Jul 12, 2026 9:34:46 AM",ENUM04,SCTO-DEV-04,+25675108603,"Jul 12, 2026 7:54:58 AM","Jul 12, 2026 8:21:46 AM",26.8,1402013,1402,0.410093 32.583501 0.0 12.0,1,32,1,0,2,3,2,-666,Rainwater ,0,,,,,,,6,3,0,1,2,Baraka,48,0,0,Sekai,57,0,1,,,,,
uuid:43d5a9ff-db05-4aad-bc70-473bc2710544,"Jul 7, 2026 11:23:40 PM",ENUM04,SCTO-DEV-04,+25675108603,"Jul 7, 2026 10:22:52 PM","Jul 7, 2026 10:40:40 PM",17.8,1402011,1402,0.429410 32.589057 0.0 6.0,1,36,2,0,2,5,0,2,,1,1,,1,0,60,0,0,3,0,2,2,,,,,,,,,,,,,
uuid:46b51778-a388-4313-b6fa-01b2b7356dc1,"Jul 13, 2026 7:24:27 AM",ENUM07,SCTO-DEV-07,+25672719583,"Jul 13, 2026 6:14:27 AM","Jul 13, 2026 6:40:27 AM",26.0,1204009,1204,0.200920 32.722029 0.0 11.0,1,47,1,0,0,2,1,1,,0,,,,,,,0,0,0,2,2,Zuri,21,0,0,,,,,,,,,
uuid:ac0bdbb0-c16b-4cc9-b7e6-3cebe5dc4730,"Jul 7, 2026 8:09:20 AM",ENUM03,SCTO-DEV-03,+25675614226,"Jul 7, 2026 6:55:38 AM","Jul 7, 2026 7:17:20 AM",21.7,1402032,1402,0.426795 32.587234 0.0 7.0,1,52,2,1,3,2,2,3,,1,3,,0,1,48,0,0,7,0,1,2,Adaeze,41,0,0,Baraka,38,0,0,,,,,
uuid:ce839f90-6d56-4233-8f28-36fac6e811f1,"Jul 6, 2026 10:54:32 PM",ENUM05,SCTO-DEV-05,+25674744854,"Jul 6, 2026 9:40:56 PM","Jul 6, 2026 10:03:32 PM",22.6,1202077,1202,0.201750 32.865544 0.0 7.0,1,42,2,1,3,5,1,1,,,,,,,,,6,0,1,3,2,Imani,21,0,0,,,,,,,,,
uuid:7b01239a-1093-4b1d-935a-0df07bc14d93,"Jul 18, 2026 10:32:27 AM",ENUM05,SCTO-DEV-05,+25674744854,"Jul 18, 2026 10:11:21 AM","Jul 18, 2026 10:32:27 AM",21.1,1302031,1302,0.301885 32.590065 0.0 15.0,1,80,2,1,1,7,2,1,,1,2,,0,0,18,0,0,1,1,2,1,Jelani,22,1,1,Thabo,55,0,1,,,,,
uuid:d60fea4a-6575-4524-84c2-38abc65e0a09,"Jul 10, 2026 12:48:08 AM",ENUM07,SCTO-DEV-07,+25672719583,"Jul 10, 2026 12:22:38 AM","Jul 10, 2026 12:37:08 AM",14.5,1404032,1404,0.413877 32.879096 0.0 14.0,1,32,2,0,1,6,3,1,,1,2,,0,1,6,1,3,1,0,2,2,Oluwaseun,18,1,,Amara,31,0,1,Naledi,33,0,0,
uuid:8c79cc1f-3182-4576-8d66-75da79ceeb8f,"Jul 15, 2026 6:04:22 AM",ENUM01,SCTO-DEV-01,+25672867825,"Jul 15, 2026 4:12:40 AM","Jul 15, 2026 4:34:22 AM",21.7,1204024,1204,0.196177 32.732903 0.0 14.0,1,29,1,1,1,9,1,1,,1,2,,0,1,6,1,5,6,0,1,2,Femi,37,1,,,,,,,,,,
uuid:22cc9e9c-7601-4c62-9a1a-c012a8fc4c7e,"Jul 7, 2026 3:26:32 AM",ENUM01,SCTO-DEV-01,+25672867825,"Jul 7, 2026 1:57:50 AM","Jul 7, 2026 2:17:32 AM",19.7,1204073,1204,0.201094 32.733690 0.0 8.0,1,21,2,1,1,8,1,2,,1,-666,Plastic drum,1,0,99,0,6,5,1,2,3,Aisha,38,0,0,,,,,,,,,
uuid:bd913a62-e34c-4e9e-ac92-13434ea0389a,"Jul 3, 2026 10:30:21 PM",ENUM05,SCTO-DEV-05,+25674744854,"Jul 3, 2026 9:36:03 PM","Jul 3, 2026 9:56:21 PM",20.3,1203057,1203,0.192548 32.581918 0.0 15.0,1,73,1,1,0,2,0,-666,Rainwater ,,,,,,,,0,0,1,2,2,,,,,,,,,,,,,
uuid:ed577dfe-13aa-4ef5-b4e6-4a91303cc6a1,"Jul 3, 2026 11:06:25 AM",ENUM03,SCTO-DEV-03,+25675614226,"Jul 3, 2026 9:12:31 AM","Jul 3, 2026 9:40:25 AM",27.9,1403053,1403,0.427469 32.727321 0.0 9.0,1,76,1,0,3,4,2,2,,0,,,,,,,0,7,1,2,1,Jelani,2,0,0,Imani,15,0,0,,,,,
uuid:128e7a21-f134-4ec1-9565-5fdcd0e0ebff,"Jul 1, 2026 1:57:00 PM",ENUM01,SCTO-DEV-01,+25672867825,"Jul 1, 2026 12:23:54 PM","Jul 1, 2026 12:40:00 PM",16.1,1301002,1301,0.302146 32.459660 0.0 8.0,1,77,2,1,3,6,0,1,,1,2,,1,1,99,0,0,4,1,2,2,,,,,,,,,,,,,
uuid:a82e9c29-cea4-4f64-b825-418ae3ac7b8d,"Jul 12, 2026 11:26:53 PM",ENUM04,SCTO-DEV-04,+25675108603,"Jul 12, 2026 10:24:17 PM","Jul 12, 2026 10:51:53 PM",27.6,1302079,1302,0.311491 32.596619 0.0 11.0,1,61,1,1,1,7,2,1,,0,1,,1,0,6,0,7,5,0,2,2,Imani,5,0,1,Kwame,33,0,0,,,,,
uuid:13def42f-520f-4989-869f-b24c13475e6a,"Jul 14, 2026 5:38:18 AM",ENUM06,SCTO-DEV-06,+25673341057,"Jul 14, 2026 4:09:06 AM","Jul 14, 2026 4:13:30 AM",4.4,1301050,1301,0.306005 32.456021 0.0 6.0,1,33,1,1,0,8,0,2,,1,2,,1,1,8,0,0,3,1,1,1,,,,,,,,,,,,,
uuid:0fecfe45-c24a-44bf-965b-0caf281e21b3,"Jul 8, 2026 2:25:54 PM",ENUM04,SCTO-DEV-04,+25675108603,"Jul 8, 2026 12:48:42 PM","Jul 8, 2026 1:01:54 PM",13.2,1201071,1201,0.209961 32.454103 0.0 13.0,1,76,1,1,0,7,1,1,,1,2,,1,1,1,0,0,7,0,3,3,Femi,46,0,0,,,,,,,,,
uuid:6601bf67-df9e-4fdc-9012-2b3abb49eb6b,"Jul 2, 2026 8:11:46 PM",ENUM05,SCTO-DEV-05,+25674744854,"Jul 2, 2026 7:49:40 PM","Jul 2, 2026 8:11:46 PM",22.1,1404064,1404,0.421912 32.864543 0.0 9.0,1,59,2,0,1,3,1,1,,,,,,,,,2,0,0,3,2,Adaeze,47,1,,,,,,,,,,
uuid:8c83ea84-c80e-43b6-80c6-2ecaa8bc99d8,"Jul 5, 2026 12:33:57 PM",ENUM07,SCTO-DEV-07,+25672719583,"Jul 5, 2026 11:16:33 AM","Jul 5, 2026 11:37:57 AM",21.4,1304048,1304,0.305584 32.865205 0.0 7.0,1,21,1,0,2,8,2,2,,1,2,,0,1,1,1,5,7,1,2,1,Amina,45,0,1,Zainab,11,0,0,,,,,
uuid:bb2489b3-977b-4f92-aebc-141e886f879a,"Jul 11, 2026 2:42:49 PM",ENUM05,SCTO-DEV-05,+25674744854,"Jul 11, 2026 1:19:43 PM","Jul 11, 2026 1:43:49 PM",24.1,1302063,1302,0.302827 32.587162 0.0 11.0,1,32,1,0,1,2,2,2,,,,,,,,,2,5,1,2,3,Baraka,33,1,,Chidi,56,0,0,,,,,
uuid:be8928f1-c890-45ad-a0f2-3ce16b54d53c,"Jul 10, 2026 11:51:57 AM",ENUM06,SCTO-DEV-06,+25673341057,"Jul 10, 2026 10:37:27 AM","Jul 10, 2026 10:41:21 AM",3.9,1203037,1203,0.203078 32.595702 0.0 10.0,1,48,1,0,0,6,0,1,,0,,,,,,,7,5,1,3,1,,,,,,,,,,,,,
uuid:bc87823b-a89c-4700-b3c9-21cb9d505bfb,"Jul 13, 2026 12:41:05 AM",ENUM03,SCTO-DEV-03,+25675614226,"Jul 12, 2026 11:29:29 PM","Jul 12, 2026 11:43:05 PM",13.6,1201012,1201,0.207841 32.450739 0.0 9.0,1,78,2,1,2,7,1,1,,1,1,,0,0,2,0,0,0,0,2,1,Amina,38,0,0,,,,,,,,,
uuid:c85937d9-22f4-434a-8316-5f521f7bc488,"Jul 17, 2026 7:24:50 AM",ENUM01,SCTO-DEV-01,+25672867825,"Jul 17, 2026 6:32:56 AM","Jul 17, 2026 6:58:50 AM",25.9,1404007,1404,0.420355 32.870190 0.0 15.0,1,69,2,1,1,9,1,1,,1,1,,0,1,12,0,0,6,0,3,2,Thabo,49,1,,,,,,,,,,
uuid:3f70053c-13ab-437f-ad1e-45be3c02ac39,"Jul 19, 2026 7:50:03 PM",ENUM02,SCTO-DEV-02,+25671419610,"Jul 19, 2026 7:19:33 PM","Jul 19, 2026 7:31:03 PM",11.5,1402036,1402,0.423698 32.581454 0.0 15.0,1,46,1,1,1,6,3,1,,0,,,,,,,3,0,0,2,1,Adaeze,48,0,0,Jelani,13,0,0,Kwame,47,0,1,
uuid:94d4852f-f60f-4638-9f7c-f5dc05c69591,"Jul 9, 2026 7:57:10 PM",ENUM04,SCTO-DEV-04,+25675108603,"Jul 9, 2026 6:43:40 PM","Jul 9, 2026 7:04:10 PM",20.5,1301063,1301,0.301661 32.459983 0.0 12.0,1,40,1,0,0,4,2,2,,1,2,,1,1,18,0,1,2,0,2,3,Naledi,17,0,0,Jelani,56,0,0,,,,,
uuid:df7717a4-7824-4a75-8f7b-6e9b03bd7838,"Jul 5, 2026 10:36:47 AM",ENUM06,SCTO-DEV-06,+25673341057,"Jul 5, 2026 9:14:59 AM","Jul 5, 2026 9:19:35 AM",4.6,1302089,1302,0.307993 32.582437 0.0 9.0,1,57,1,1,0,6,1,1,,1,2,,1,0,99,0,0,2,0,3,3,Amara,55,0,0,,,,,,,,,
uuid:be617725-51a9-42fe-a90f-fcdad921dc4e,"Jul 18, 2026 9:53:01 AM",ENUM06,SCTO-DEV-06,+25673341057,"Jul 18, 2026 9:32:07 AM","Jul 18, 2026 9:36:43 AM",4.6,1304015,1304,0.301645 32.869874 0.0 10.0,1,55,2,0,3,5,1,1,,0,,,,,,,0,0,0,2,2,Chidi,0,0,0,,,,,,,,,
uuid:8984dfb4-9324-486c-8b49-4a9b232e579a,"Jul 16, 2026 5:32:21 PM",ENUM04,SCTO-DEV-04,+25675108603,"Jul 16, 2026 3:59:33 PM","Jul 16, 2026 4:21:21 PM",21.8,1401047,1401,0.424763 32.453640 0.0 8.0,1,57,2,0,3,9,0,-666,Rain,1,3,,1,0,24,0,0,2,0,3,1,,,,,,,,,,,,,
uuid:953942e1-8092-4753-9167-27e12e87edc7,"Jul 8, 2026 2:22:15 PM",ENUM05,SCTO-DEV-05,+25674744854,"Jul 8, 2026 1:15:57 PM","Jul 8, 2026 1:41:15 PM",25.3,1403066,1403,0.425045 32.720604 0.0 4.0,1,77,1,0,1,9,2,1,,,,,,,,,6,6,1,2,3,Amara,35,1,,Naledi,53,1,,,,,,
uuid:a0b3370c-de88-41c0-bcc2-b4cb315ee6a6,"Jul 14, 2026 10:19:46 PM",ENUM05,SCTO-DEV-05,+25674744854,"Jul 14, 2026 9:26:04 PM","Jul 14, 2026 9:40:46 PM",14.7,1204067,1204,0.195332 32.725346 0.0 11.0,1,40,1,0,2,8,2,3,,1,2,,1,0,1,1,6,5,0,3,1,Naledi,26,0,1,Sekai,11,0,0,,,,,
uuid:832b051f-d54b-4dc7-bd60-60ef2a42369d,"Jul 4, 2026 3:56:20 PM",ENUM08,SCTO-DEV-08,+25672458591,"Jul 4, 2026 2:45:56 PM","Jul 4, 2026 3:02:20 PM",16.4,1303066,1303,0.315362 32.723685 0.0 6.0,1,34,1,0,1,5,3,2,,1,3,,1,1,18,0,0,5,0,3,2,Chidi,6,0,0,Kojo,14,0,0,Zuri,8,0,0,
uuid:12c2e6c5-e5bc-4641-9399-3b6fdffe1028,"Jul 6, 2026 1:23:04 AM",ENUM07,SCTO-DEV-07,+25672719583,"Jul 6, 2026 12:07:58 AM","Jul 6, 2026 12:22:04 AM",14.1,1302065,1302,0.316719 32.592940 0.0 4.0,1,48,1,1,0,5,0,3,,1,1,,1,0,2,1,3,2,1,3,1,,,,,,,,,,,,,
uuid:abe61045-82ee-4d18-8124-1cff20159b4c,"Jul 7, 2026 4:40:31 PM",ENUM02,SCTO-DEV-02,+25671419610,"Jul 7, 2026 4:15:43 PM","Jul 7, 2026 4:30:31 PM",14.8,1203015,1203,0.202181 32.594490 0.0 10.0,1,55,1,1,3,9,0,4,,0,,,,,,,3,0,0,2,2,,,,,,,,,,,,,
uuid:7be313ac-e930-4042-b06d-0c31f217750f,"Jul 1, 2026 11:51:15 PM",ENUM02,SCTO-DEV-02,+25671419610,"Jul 1, 2026 10:49:21 PM","Jul 1, 2026 11:11:15 PM",21.9,1203096,1203,0.197667 32.592330 0.0 6.0,1,41,1,1,1,9,1,1,,1,3,,1,1,4,0,0,3,1,3,1,Kojo,50,0,0,,,,,,,,,
uuid:3e3fbd65-d9b5-41f7-976b-50c1ac02226c,"Jul 19, 2026 3:48:26 AM",ENUM05,SCTO-DEV-05,+25674744854,"Jul 19, 2026 2:51:38 AM","Jul 19, 2026 3:03:26 AM",11.8,1204093,1204,0.198884 32.725311 0.0 4.0,1,74,1,1,2,7,2,1,,,,,,,,,5,0,0,3,1,Zainab,23,0,0,Kojo,16,0,0,,,,,
uuid:79847d55-4ac3-4ba5-813b-f8671c831b60,"Jul 13, 2026 10:03:36 AM",ENUM01,SCTO-DEV-01,+25672867825,"Jul 13, 2026 8:46:12 AM","Jul 13, 2026 9:04:36 AM",18.4,1201035,1201,0.198248 32.459458 0.0 13.0,1,24,1,0,2,9,0,1,,1,-666,Plastic drum,1,0,1,0,0,3,0,2,2,,,,,,,,,,,,,
uuid:062dd632-3fa1-412f-b1cf-ec9ca35d0435,"Jul 20, 2026 10:14:48 AM",ENUM08,SCTO-DEV-08,+25672458591,"Jul 20, 2026 9:45:42 AM","Jul 20, 2026 10:04:48 AM",19.1,1404082,1404,0.429659 32.864984 0.0 13.0,1,21,1,1,3,4,2,2,,0,,,,,,,2,0,0,3,2,Amina,2,0,0,Adaeze,19,0,0,,,,,
uuid:8d4072c8-6b94-43be-94b6-7265629d09a9,"Jul 5, 2026 3:32:00 PM",ENUM07,SCTO-DEV-07,+25672719583,"Jul 5, 2026 2:57:00 PM","Jul 5, 2026 3:19:00 PM",22.0,1202014,1202,0.192877 32.875374 0.0 7.0,1,32,2,0,0,2,0,2,,1,2,,0,1,60,1,0,2,1,3,3,,,,,,,,,,,,,
uuid:e9334ef7-a39a-4196-948c-8d4dc54f986f,"Jul 5, 2026 9:05:26 AM",ENUM01,SCTO-DEV-01,+25672867825,"Jul 5, 2026 7:39:38 AM","Jul 5, 2026 7:56:26 AM",16.8,1402054,1402,0.423310 32.599201 0.0 8.0,1,26,2,0,1,4,3,1,,1,3,,1,0,1,0,0,3,0,2,3,Aisha,55,0,0,Oluwaseun,5,0,0,Kojo,10,0,0,
uuid:01405e92-32ec-454f-b703-ea62b255302f,"Jul 9, 2026 11:59:46 PM",ENUM05,SCTO-DEV-05,+25674744854,"Jul 9, 2026 11:00:52 PM","Jul 9, 2026 11:17:46 PM",16.9,1303119,1303,0.312350 32.721163 0.0 8.0,1,33,2,0,1,7,2,3,,,,,,,,,0,0,0,2,3,Kwame,47,0,1,Aisha,23,0,0,,,,,
uuid:49d406a3-73fb-4eb1-a48c-c543df2f5176,"Jul 9, 2026 4:20:02 AM",ENUM01,SCTO-DEV-01,+25672867825,"Jul 9, 2026 3:09:38 AM","Jul 9, 2026 3:28:02 AM",18.4,1303026,1303,0.305481 32.733603 0.0 11.0,1,82,2,1,1,2,1,1,,1,1,,1,1,48,0,7,0,0,1,1,Aisha,10,0,1,,,,,,,,,
uuid:1088689c-9c1d-46f8-87da-c29e7836abed,"Jul 13, 2026 3:15:45 AM",ENUM06,SCTO-DEV-06,+25673341057,"Jul 13, 2026 2:17:03 AM","Jul 13, 2026 2:20:15 AM",3.2,1201042,1201,0.209864 32.451261 0.0 11.0,1,55,2,1,0,2,0,-666,Rain,1,1,,1,0,24,0,3,3,0,1,3,,,,,,,,,,,,,
uuid:7818eb07-c48f-4fcd-b90e-dd4fa91a7370,"Jul 9, 2026 3:12:52 PM",ENUM03,SCTO-DEV-03,+25675614226,"Jul 9, 2026 1:58:46 PM","Jul 9, 2026 2:23:52 PM",25.1,1302091,1302,0.316623 32.580014 0.0 9.0,1,58,2,1,3,4,0,-666,Rain,1,3,,1,1,99,0,1,5,1,3,3,,,,,,,,,,,,,
uuid:86ea130c-7a89-41bb-9fb4-192595315f6f,"Jul 13, 2026 7:53:58 PM",ENUM04,SCTO-DEV-04,+25675108603,"Jul 13, 2026 5:58:40 PM","Jul 13, 2026 6:25:58 PM",27.3,1203120,1203,0.204065 32.598026 0.0 13.0,1,43,1,0,1,8,1,1,,1,1,,1,1,8,0,0,4,0,3,3,Jelani,32,0,0,,,,,,,,,
uuid:e2cd3016-97dd-4ce4-8b04-7c476a035626,"Jul 16, 2026 6:12:22 AM",ENUM06,SCTO-DEV-06,+25673341057,"Jul 16, 2026 5:28:52 AM","Jul 16, 2026 5:32:58 AM",4.1,1202048,1202,0.209197 32.867183 0.0 7.0,1,66,2,1,0,7,1,1,,1,2,,0,1,1,0,2,7,0,3,2,Sekai,30,0,0,,,,,,,,,
uuid:441102fb-3354-4a9a-ab94-831f1c3ce2ca,"Jul 20, 2026 1:37:01 AM",ENUM06,SCTO-DEV-06,+25673341057,"Jul 20, 2026 1:33:43 AM","Jul 20, 2026 1:37:37 AM",3.9,1403118,1403,0.427921 32.729717 0.0 8.0,1,64,1,0,0,4,0,1,,0,,,,,,,3,1,0,2,2,,,,,,,,,,,,,
uuid:df8699c9-c5f0-4291-8287-f19bf7608aa4,"Jul 19, 2026 8:22:55 AM",ENUM05,SCTO-DEV-05,+25674744854,"Jul 19, 2026 8:03:49 AM","Jul 19, 2026 8:20:55 AM",17.1,1403115,1403,0.420588 32.726708 0.0 6.0,1,,2,,1,8,1,-999,,,,,,,,,1,0,,2,1,Jelani,45,0,0,,,,,,,,,
uuid:225585ea-6e82-4215-b737-ff00cd81cd5c,"Jul 10, 2026 9:21:53 PM",ENUM01,SCTO-DEV-01,+25672867825,"Jul 10, 2026 8:07:47 PM","Jul 10, 2026 8:23:53 PM",16.1,1402022,1402,0.419867 32.592822 0.0 5.0,1,66,1,1,1,2,2,1,,0,,,,,,,6,5,1,3,2,Oluwaseun,52,0,0,Kofi,16,0,1,,,,,
uuid:6ecc2a15-3b1d-44cd-bade-2be3ea977785,"Jul 8, 2026 11:14:00 PM",ENUM04,SCTO-DEV-04,+25675108603,"Jul 8, 2026 9:42:48 PM","Jul 8, 2026 10:02:00 PM",19.2,1403086,1403,0.418281 32.735373 0.0 5.0,1,53,1,1,0,2,2,2,,1,2,,1,0,36,0,1,0,1,1,3,Adaeze,15,0,0,Amina,60,0,0,,,,,
uuid:221ad7b6-8b9f-494c-bd56-1ebf99e47629,"Jul 18, 2026 8:27:39 PM",ENUM04,SCTO-DEV-04,+25675108603,"Jul 18, 2026 7:14:45 PM","Jul 18, 2026 7:26:39 PM",11.9,1402006,1402,0.413410 32.592581 0.0 13.0,1,67,1,1,0,3,0,1,,1,2,,1,1,48,0,6,5,1,3,3,,,,,,,,,,,,,
uuid:cc16e181-a550-4e84-909f-b188605a9d74,"Jul 10, 2026 5:46:13 PM",ENUM08,SCTO-DEV-08,+25672458591,"Jul 10, 2026 4:50:25 PM","Jul 10, 2026 5:03:13 PM",12.8,1401088,1401,0.410298 32.454172 0.0 8.0,1,55,1,0,0,4,2,1,,0,,,,,,,0,7,1,1,2,Oluwaseun,22,0,0,Aisha,23,0,0,,,,,
uuid:1915ac21-0504-4247-8a56-fef84412864d,"Jul 20, 2026 3:04:18 PM",ENUM01,SCTO-DEV-01,+25672867825,"Jul 20, 2026 1:59:18 PM","Jul 20, 2026 2:14:18 PM",15.0,1403044,1403,0.416451 32.731442 0.0 11.0,1,63,1,0,3,5,1,1,,1,3,,1,1,12,0,6,1,0,2,2,Tendai,42,0,0,,,,,,,,,
uuid:f7a5cb8d-7aee-4a2a-a093-e21ccddf9556,"Jul 15, 2026 7:53:42 AM",ENUM04,SCTO-DEV-04,+25675108603,"Jul 15, 2026 6:09:06 AM","Jul 15, 2026 6:28:42 AM",19.6,1204109,1204,0.198474 32.734277 0.0 12.0,1,58,2,0,2,6,0,2,,1,1,,1,1,60,0,5,4,0,2,2,,,,,,,,,,,,,
uuid:87e712f0-93f6-46eb-8313-e0fbb5f03ef8,"Jul 20, 2026 1:42:29 PM",ENUM02,SCTO-DEV-02,+25671419610,"Jul 20, 2026 12:22:59 PM","Jul 20, 2026 12:50:29 PM",27.5,1302028,1302,0.305256 32.594446 0.0 11.0,1,35,2,1,0,5,2,1,,1,3,,1,1,6,0,7,3,1,1,3,Kwame,32,0,1,Thabo,41,0,0,,,,,
uuid:b41c510e-91ca-40f9-9736-a6745a4c7693,"Jul 15, 2026 4:48:36 PM",ENUM01,SCTO-DEV-01,+25672867825,"Jul 15, 2026 3:32:12 PM","Jul 15, 2026 3:53:36 PM",21.4,1204072,1204,0.202889 32.736656 0.0 10.0,1,57,1,1,2,2,1,-666,Rainwater ,1,1,,1,1,6,1,7,7,0,1,3,Imani,35,0,0,,,,,,,,,
uuid:91196f15-9cd3-4d26-910d-a24376fa3a82,"Jul 19, 2026 3:37:41 PM",ENUM04,SCTO-DEV-04,+25675108603,"Jul 19, 2026 2:45:59 PM","Jul 19, 2026 3:08:41 PM",22.7,1202084,1202,0.201763 32.872704 0.0 5.0,1,39,2,1,0,2,2,1,,1,1,,0,1,1,0,0,0,1,2,2,Chidi,29,0,0,Jelani,35,0,0,,,,,
uuid:f8fbe58a-fbed-4720-8cf3-5bfd116ef7b1,"Jul 17, 2026 7:14:36 AM",ENUM04,SCTO-DEV-04,+25675108603,"Jul 17, 2026 5:44:42 AM","Jul 17, 2026 6:11:36 AM",26.9,1404046,1404,0.421149 32.869157 0.0 9.0,1,66,1,1,0,9,0,2,,1,3,,1,1,99,0,7,6,1,1,2,,,,,,,,,,,,,
uuid:7a62386f-ebab-4034-b0f2-6901fc932b1d,"Jul 16, 2026 8:58:13 AM",ENUM01,SCTO-DEV-01,+25672867825,"Jul 16, 2026 8:22:31 AM","Jul 16, 2026 8:47:13 AM",24.7,1404045,1404,0.429842 32.863246 0.0 9.0,1,39,1,0,2,2,1,1,,0,,,,,,,0,3,0,3,3,Thabo,49,0,0,,,,,,,,,
uuid:48706e45-21b4-4249-bdee-66b774a1733e,"Jul 17, 2026 12:56:17 PM",ENUM04,SCTO-DEV-04,+25675108603,"Jul 17, 2026 11:08:41 AM","Jul 17, 2026 11:32:17 AM",23.6,1404106,1404,0.414017 32.874210 0.0 15.0,0,62,1,0,2,8,1,1,,1,1,,0,0,6,1,2,3,1,2,3,Femi,21,0,0,,,,,,,,,
uuid:9814838d-69f6-4f86-ad1c-2115bf6642b0,"Jul 10, 2026 7:21:56 AM",ENUM04,SCTO-DEV-04,+25675108603,"Jul 10, 2026 6:22:20 AM","Jul 10, 2026 6:40:56 AM",18.6,1402089,1402,0.414203 32.586134 0.0 12.0,1,28,1,1,2,9,0,1,,0,1,,1,0,6,1,7,4,0,3,1,,,,,,,,,,,,,
uuid:b23e8530-6ec4-44dd-acd7-0e83b1736ae2,"Jul 9, 2026 12:51:48 AM",ENUM07,SCTO-DEV-07,+25672719583,"Jul 8, 2026 11:28:06 PM","Jul 8, 2026 11:49:48 PM",21.7,1302003,1302,0.317448 32.580718 0.0 5.0,0,,,,,,,,,,,,,,,,,,,,,,,,,,,,,,,,,
uuid:f245a389-b502-4480-bb5f-2d3d8ac74797,"Jul 8, 2026 6:03:24 AM",ENUM04,SCTO-DEV-04,+25675108603,"Jul 8, 2026 5:40:18 AM","Jul 8, 2026 5:57:24 AM",17.1,1403006,1403,0.427316 32.726638 0.0 5.0,1,66,2,0,3,8,1,1,,1,2,,0,1,2,0,0,4,0,2,3,Zuri,20,0,0,,,,,,,,,
uuid:81f8717e-e396-4c68-9e2f-e628a11d74cf,"Jul 14, 2026 2:53:21 PM",ENUM02,SCTO-DEV-02,+25671419610,"Jul 14, 2026 2:00:39 PM","Jul 14, 2026 2:13:21 PM",12.7,1203097,1203,0.200048 32.594978 0.0 11.0,1,54,2,0,0,6,2,2,,1,1,,1,0,36,0,0,5,0,2,2,Femi,35,0,0,Amara,47,0,1,,,,,
uuid:92400091-d743-4876-9c10-517815cddf17,"Jul 3, 2026 4:26:24 AM",ENUM05,SCTO-DEV-05,+25674744854,"Jul 3, 2026 2:42:54 AM","Jul 3, 2026 2:58:24 AM",15.5,1201023,1201,0.202255 32.456250 0.0 8.0,1,40,1,0,0,4,1,1,,,,,,,,,3,3,0,1,3,Thabo,14,1,,,,,,,,,,
uuid:c3e72aac-4c83-4830-a71a-31bd10d346e4,"Jul 9, 2026 9:24:41 AM",ENUM07,SCTO-DEV-07,+25672719583,"Jul 9, 2026 8:49:29 AM","Jul 9, 2026 9:12:41 AM",23.2,1404024,1404,0.426488 32.873970 0.0 12.0,1,27,2,0,2,9,2,3,,1,1,,1,0,1,0,4,1,1,3,2,Naledi,54,0,0,Nia,28,0,0,,,,,
uuid:4cec48df-61a1-41a8-b99e-12310ad1d2f3,"Jul 10, 2026 10:31:26 PM",ENUM03,SCTO-DEV-03,+25675614226,"Jul 10, 2026 8:54:38 PM","Jul 10, 2026 9:16:26 PM",21.8,1202040,1202,0.195934 32.868246 0.0 14.0,1,55,1,0,2,7,2,2,,1,-666,Plastic drum,1,0,2,1,2,7,1,2,2,Sekai,0,0,0,Nia,37,0,0,,,,,
uuid:0a5a0969-d748-40c4-a1ff-7d7b439cf407,"Jul 14, 2026 1:46:09 AM",ENUM08,SCTO-DEV-08,+25672458591,"Jul 14, 2026 1:06:45 AM","Jul 14, 2026 1:24:09 AM",17.4,1302009,1302,0.309193 32.590663 0.0 12.0,1,64,2,0,1,5,1,1,,0,,,,,,,7,5,0,2,2,Thabo,22,0,0,,,,,,,,,
uuid:5363db03-3de8-4bae-a71e-02a5c0857f3b,"Jul 8, 2026 12:25:37 AM",ENUM02,SCTO-DEV-02,+25671419610,"Jul 7, 2026 11:15:31 PM","Jul 7, 2026 11:42:37 PM",27.1,1304061,1304,0.311529 32.877750 0.0 4.0,1,40,1,0,3,2,1,1,,0,,,,,,,7,3,1,2,3,Nia,47,0,0,,,,,,,,,
uuid:1517af06-1765-4b23-973a-5fc3d7a36435,"Jul 13, 2026 11:17:16 AM",ENUM01,SCTO-DEV-01,+25672867825,"Jul 13, 2026 10:01:58 AM","Jul 13, 2026 10:14:16 AM",12.3,1202070,1202,0.196961 32.875907 0.0 15.0,1,40,1,0,1,5,1,1,,0,,,,,,,0,4,0,3,3,Kofi,19,0,0,,,,,,,,,
uuid:de6e2faa-62fa-42bc-81ea-de6fd4f158c1,"Jul 8, 2026 10:17:58 AM",ENUM01,SCTO-DEV-01,+25672867825,"Jul 8, 2026 8:33:04 AM","Jul 8, 2026 8:58:58 AM",25.9,1404097,1404,0.412586 32.863694 0.0 4.0,1,20,1,1,3,5,2,3,,0,,,,,,,0,5,1,2,2,Jelani,32,0,0,Imani,56,1,,,,,,
uuid:1ed4c54f-5841-4236-9408-3181f1f730a3,"Jul 18, 2026 6:51:01 AM",ENUM08,SCTO-DEV-08,+25672458591,"Jul 18, 2026 5:11:07 AM","Jul 18, 2026 5:37:01 AM",25.9,1204110,1204,0.199072 32.721091 0.0 13.0,1,55,1,0,2,9,3,1,,1,1,,1,0,12,0,0,3,1,3,3,Zuri,30,0,1,Zuri,37,0,0,Amina,19,0,0,
uuid:6623c8fc-6bf4-4829-8736-c2784acdad0f,"Jul 14, 2026 7:29:29 AM",ENUM05,SCTO-DEV-05,+25674744854,"Jul 14, 2026 5:43:59 AM","Jul 14, 2026 6:08:29 AM",24.5,1302051,1302,0.307765 32.581199 0.0 12.0,1,20,1,0,3,9,2,-666,Rainwater ,,,,,,,,5,0,0,2,1,Adaeze,50,0,0,Adaeze,4,0,1,,,,,
uuid:9db7983d-7ff2-432a-bf12-c2472a74abf4,"Jul 16, 2026 3:51:46 PM",ENUM02,SCTO-DEV-02,+25671419610,"Jul 16, 2026 2:48:28 PM","Jul 16, 2026 3:07:46 PM",19.3,1403041,1403,0.411662 32.734960 0.0 12.0,1,66,2,0,2,9,2,1,,1,1,,1,1,1,0,0,5,0,3,2,Femi,38,0,1,Femi,13,0,1,,,,,
uuid:e441d820-8273-4c40-aedd-6055d3382dfe,"Jul 2, 2026 4:36:47 PM",ENUM03,SCTO-DEV-03,+25675614226,"Jul 2, 2026 3:52:47 PM","Jul 2, 2026 4:05:47 PM",13.0,1402053,1402,0.429340 32.588030 0.0 5.0,1,80,2,0,2,6,0,4,,1,2,,0,0,48,1,2,4,0,2,3,,,,,,,,,,,,,
uuid:552624ef-a32c-485c-857b-e33c0541a63a,"Jul 2, 2026 8:35:58 PM",ENUM01,SCTO-DEV-01,+25672867825,"Jul 2, 2026 8:05:16 PM","Jul 2, 2026 8:21:58 PM",16.7,1401023,1401,0.422351 32.442414 0.0 7.0,1,81,2,0,2,2,2,2,,0,,,,,,,6,6,0,3,3,Sekai,51,0,0,Tendai,6,0,0,,,,,
uuid:221e7d0c-66c0-4e4f-ad90-e1b2ffa875d9,"Jul 19, 2026 2:13:01 PM",ENUM03,SCTO-DEV-03,+25675614226,"Jul 19, 2026 12:36:49 PM","Jul 19, 2026 1:02:01 PM",25.2,1202093,1202,0.208143 32.879084 0.0 9.0,1,21,2,1,3,3,0,2,,1,1,,0,1,12,1,0,3,0,2,3,,,,,,,,,,,,,
uuid:5c6105ec-826c-4370-849c-c6cd3cd0adff,"Jul 19, 2026 9:46:26 AM",ENUM07,SCTO-DEV-07,+25672719583,"Jul 19, 2026 8:44:32 AM","Jul 19, 2026 8:58:26 AM",13.9,1304075,1304,0.317491 32.866017 0.0 5.0,1,71,1,0,1,8,3,4,,1,1,,1,1,99,0,0,0,0,2,2,Jelani,21,1,,Jelani,41,0,0,Zainab,55,0,0,
uuid:65510759-fc58-4f26-b2a2-a0317638cd76,"Jul 13, 2026 10:07:48 PM",ENUM04,SCTO-DEV-04,+25675108603,"Jul 13, 2026 8:37:00 PM","Jul 13, 2026 9:03:48 PM",26.8,1203046,1203,0.196245 32.592373 0.0 12.0,1,33,2,0,0,2,1,1,,1,3,,1,1,99,0,5,7,1,2,1,Amina,57,0,0,,,,,,,,,
uuid:b5cdd044-4a2f-4d59-89bc-6acfb531f490,"Jul 20, 2026 5:35:25 AM",ENUM02,SCTO-DEV-02,+25671419610,"Jul 20, 2026 4:54:55 AM","Jul 20, 2026 5:16:25 AM",21.5,1201047,1201,0.192596 32.444056 0.0 13.0,1,68,2,0,3,3,1,2,,0,,,,,,,0,6,0,3,1,Chidi,51,0,1,,,,,,,,,
uuid:63e4376e-2c20-4c67-b8db-c2a817e11173,"Jul 7, 2026 9:49:43 AM",ENUM08,SCTO-DEV-08,+25672458591,"Jul 7, 2026 9:17:19 AM","Jul 7, 2026 9:43:43 AM",26.4,1401003,1401,0.411846 32.448472 0.0 8.0,1,24,1,0,1,6,0,1,,0,,,,,,,3,0,0,2,3,,,,,,,,,,,,,
uuid:d0b7d7a3-eac9-468f-8e1c-8f95b8ab8043,"Jul 10, 2026 1:34:31 PM",ENUM01,SCTO-DEV-01,+25672867825,"Jul 10, 2026 12:20:49 PM","Jul 10, 2026 12:32:31 PM",11.7,1304042,1304,0.315181 32.861737 0.0 8.0,1,30,1,1,0,9,1,1,,1,2,,1,0,99,0,0,2,1,3,1,Amara,59,0,1,,,,,,,,,
uuid:4624da3b-36c9-4157-a9ec-96feb9cf2a2f,"Jul 11, 2026 9:51:57 PM",ENUM06,SCTO-DEV-06,+25673341057,"Jul 11, 2026 9:34:51 PM","Jul 11, 2026 9:38:39 PM",3.8,1201017,1201,0.207193 32.446348 0.0 8.0,1,30,1,1,1,6,0,1,,1,1,,1,1,48,0,0,5,1,3,3,,,,,,,,,,,,,
uuid:f1003d13-0b7d-4bb4-8ed2-50f9ceff4d6f,"Jul 15, 2026 4:35:17 PM",ENUM03,SCTO-DEV-03,+25675614226,"Jul 15, 2026 4:10:23 PM","Jul 15, 2026 4:26:17 PM",15.9,1204060,1204,0.196452 32.737294 0.0 10.0,1,46,1,1,2,7,2,3,,1,2,,1,0,4,0,0,4,1,2,3,Adaeze,24,1,,Imani,39,0,0,,,,,
uuid:a0533fbb-1bf9-42c2-904a-fa6c955afe33,"Jul 8, 2026 9:23:18 PM",ENUM01,SCTO-DEV-01,+25672867825,"Jul 8, 2026 8:03:12 PM","Jul 8, 2026 8:15:18 PM",12.1,1303028,1303,0.303797 32.727763 0.0 10.0,1,59,2,1,1,3,1,2,,1,1,,0,0,24,0,0,1,0,1,1,Kofi,38,0,0,,,,,,,,,
uuid:657ece7d-6324-405b-a6e8-55da4c2d53ff,"Jul 19, 2026 11:14:39 AM",ENUM01,SCTO-DEV-01,+25672867825,"Jul 19, 2026 10:37:09 AM","Jul 19, 2026 10:55:39 AM",18.5,1404093,1404,0.418267 32.866084 0.0 11.0,1,44,2,0,2,6,0,-666,Rainwater ,0,,,,,,,5,4,1,3,3,,,,,,,,,,,,,
uuid:128b500f-4fd5-40e7-8c03-4840176d027c,"Jul 5, 2026 1:39:06 PM",ENUM08,SCTO-DEV-08,+25672458591,"Jul 5, 2026 11:51:00 AM","Jul 5, 2026 12:09:06 PM",18.1,1404103,1404,0.415165 32.871439 0.0 5.0,1,39,1,1,1,4,0,2,,1,2,,0,1,4,0,0,5,0,3,2,,,,,,,,,,,,,
uuid:551fbe4f-fa2c-48a1-8622-13fe400fd956,"Jul 18, 2026 11:33:08 AM",ENUM07,SCTO-DEV-07,+25672719583,"Jul 18, 2026 10:54:14 AM","Jul 18, 2026 11:19:08 AM",24.9,1403071,1403,0.421157 32.723772 0.0 10.0,1,76,2,1,3,8,1,-666,Rainwater ,1,-666,Plastic drum,1,0,8,1,7,0,0,1,3,Baraka,17,0,0,,,,,,,,,
uuid:9f1651b9-5042-4b6f-8d5c-ca7a121bde62,"Jul 2, 2026 3:20:00 AM",ENUM03,SCTO-DEV-03,+25675614226,"Jul 2, 2026 2:30:24 AM","Jul 2, 2026 2:56:00 AM",25.6,1403063,1403,0.416201 32.725855 0.0 8.0,1,71,1,1,0,6,0,2,,1,2,,1,0,18,0,3,0,0,1,1,,,,,,,,,,,,,
uuid:607a197a-81df-4189-9c77-3f146eddd3a9,"Jul 8, 2026 12:14:47 AM",ENUM08,SCTO-DEV-08,+25672458591,"Jul 7, 2026 11:02:53 PM","Jul 7, 2026 11:25:47 PM",22.9,1204043,1204,0.206026 32.730713 0.0 15.0,1,25,2,1,3,4,3,1,,1,1,,1,1,4,0,0,3,1,3,2,Chidi,49,0,0,Baraka,21,0,0,Thabo,14,0,0,
uuid:8e786a22-04fa-4a65-bc5b-6f3155d271d9,"Jul 6, 2026 9:14:31 AM",ENUM05,SCTO-DEV-05,+25674744854,"Jul 6, 2026 8:47:43 AM","Jul 6, 2026 9:02:31 AM",14.8,1401065,1401,0.413849 32.452835 0.0 9.0,1,42,2,1,1,4,0,2,,,,,,,,,3,1,0,2,2,,,,,,,,,,,,,
uuid:7840e647-20d0-4630-8a57-a6d7a72f2219,"Jul 5, 2026 4:56:33 AM",ENUM03,SCTO-DEV-03,+25675614226,"Jul 5, 2026 3:41:33 AM","Jul 5, 2026 4:05:33 AM",24.0,1301037,1301,0.311001 32.447040 0.0 7.0,1,72,2,0,2,3,2,2,,1,2,,1,1,6,0,2,3,0,2,1,Chidi,25,0,0,Nia,48,0,0,,,,,
uuid:a1c38159-6583-4658-9cd7-3b94d6bd3a12,"Jul 11, 2026 11:34:52 AM",ENUM08,SCTO-DEV-08,+25672458591,"Jul 11, 2026 10:37:58 AM","Jul 11, 2026 10:51:52 AM",13.9,1304013,1304,0.304397 32.865903 0.0 6.0,1,40,1,1,3,9,3,1,,1,2,,1,1,6,1,2,0,0,1,1,Amara,26,0,1,Thabo,46,0,1,Zainab,25,0,0,
uuid:85f7b561-fc5e-4db6-9be9-dafd5eba8412,"Jul 15, 2026 5:49:27 PM",ENUM07,SCTO-DEV-07,+25672719583,"Jul 15, 2026 4:06:45 PM","Jul 15, 2026 4:34:27 PM",27.7,1404057,1404,0.416421 32.870942 0.0 9.0,1,42,1,0,0,4,0,1,,0,,,,,,,4,0,0,2,3,,,,,,,,,,,,,
uuid:99d8b323-e466-4f70-99b3-c9176372e25e,"Jul 6, 2026 3:33:56 AM",ENUM05,SCTO-DEV-05,+25674744854,"Jul 6, 2026 2:12:56 AM","Jul 6, 2026 2:35:56 AM",23.0,1304041,1304,0.305695 32.871730 0.0 9.0,1,21,1,1,2,9,1,1,,,,,,,,,3,4,0,3,3,Kofi,41,0,0,,,,,,,,,
uuid:f3333585-ec6b-4571-bf89-294a2064d720,"Jul 4, 2026 3:53:02 PM",ENUM06,SCTO-DEV-06,+25673341057,"Jul 4, 2026 3:27:08 PM","Jul 4, 2026 3:31:38 PM",4.5,1201057,1201,0.191917 32.455765 0.0 4.0,1,70,2,0,0,3,1,1,,0,,,,,,,3,0,0,2,1,Aisha,54,0,1,,,,,,,,,
uuid:c9e85525-883a-4882-8c21-f8568a79dddd,"Jul 15, 2026 12:18:16 AM",ENUM06,SCTO-DEV-06,+25673341057,"Jul 14, 2026 11:49:22 PM","Jul 14, 2026 11:52:58 PM",3.6,1201036,1201,0.206066 32.445715 0.0 6.0,1,21,2,0,1,8,2,3,,1,2,,0,0,18,0,4,6,0,2,2,Sekai,5,0,0,Kojo,50,0,0,,,,,
uuid:bc19a741-c078-4f69-b37f-16e1c187639f,"Jul 7, 2026 5:39:12 AM",ENUM02,SCTO-DEV-02,+25671419610,"Jul 7, 2026 4:57:54 AM","Jul 7, 2026 5:15:12 AM",17.3,1404055,1404,0.410829 32.875537 0.0 6.0,1,30,2,0,0,8,1,1,,1,3,,1,0,6,0,2,3,0,2,2,Baraka,8,0,0,,,,,,,,,
uuid:26072cbc-2a83-4abe-a0fc-7701552a32dd,"Jul 17, 2026 5:40:08 PM",ENUM08,SCTO-DEV-08,+25672458591,"Jul 17, 2026 3:53:20 PM","Jul 17, 2026 4:16:08 PM",22.8,1301083,1301,0.317202 32.446675 0.0 7.0,1,112,2,0,2,6,2,1,,1,3,,1,0,8,0,0,1,0,3,2,Aisha,28,0,0,Oluwaseun,5,0,0,,,,,
uuid:3c1f9522-ffaa-4977-8aa9-f4fbc09b60c2,"Jul 14, 2026 4:02:38 PM",ENUM06,SCTO-DEV-06,+25673341057,"Jul 14, 2026 2:29:44 PM","Jul 14, 2026 2:33:02 PM",3.3,1404040,1404,0.423138 32.867856 0.0 13.0,1,63,2,1,1,9,0,2,,0,,,,,,,5,6,0,2,2,,,,,,,,,,,,,
uuid:89acd7c6-11c2-4adc-9061-fad9a1b60dd8,"Jul 6, 2026 3:13:25 AM",ENUM03,SCTO-DEV-03,+25675614226,"Jul 6, 2026 2:40:37 AM","Jul 6, 2026 3:02:25 AM",21.8,1301031,1301,0.319017 32.457143 0.0 15.0,1,46,1,0,0,9,1,1,,1,2,,1,1,48,1,1,3,0,1,1,Kwame,42,0,0,,,,,,,,,
uuid:97a513ba-a5e7-43c3-ae31-a62e470c58bd,"Jul 17, 2026 11:20:27 PM",ENUM01,SCTO-DEV-01,+25672867825,"Jul 17, 2026 10:51:15 PM","Jul 17, 2026 11:08:27 PM",17.2,1304055,1304,0.308675 32.875456 0.0 12.0,1,74,1,0,2,3,2,4,,1,2,,0,1,99,1,3,0,1,1,3,Baraka,30,0,0,Jelani,54,0,0,,,,,
uuid:41c86ae1-4340-495b-86bc-e77507c9bf4d,"Jul 9, 2026 1:15:39 PM",ENUM08,SCTO-DEV-08,+25672458591,"Jul 9, 2026 12:15:39 PM","Jul 9, 2026 12:38:39 PM",23.0,1304038,1304,0.306065 32.876047 0.0 6.0,1,38,1,0,0,8,0,2,,1,-666,Plastic drum,1,0,2,0,0,2,0,3,3,,,,,,,,,,,,,
uuid:2ea8a393-df66-43a6-8675-52f467166a28,"Jul 14, 2026 3:36:09 PM",ENUM05,SCTO-DEV-05,+25674744854,"Jul 14, 2026 3:00:21 PM","Jul 14, 2026 3:18:09 PM",17.8,1301071,1301,0.303611 32.458212 0.0 7.0,1,19,2,0,1,5,0,4,,,,,,,,,6,0,1,3,2,,,,,,,,,,,,,
uuid:486c1d2f-0bed-4d40-9fa9-8936a4545dcb,"Jul 16, 2026 11:43:05 AM",ENUM05,SCTO-DEV-05,+25674744854,"Jul 16, 2026 10:34:53 AM","Jul 16, 2026 11:01:05 AM",26.2,1204056,1204,0.206955 32.737622 0.0 4.0,1,23,1,1,3,9,1,1,,,,,,,,,6,1,1,3,1,Oluwaseun,16,0,1,,,,,,,,,
uuid:e8a17b8a-5581-4423-866f-6302d048d22c,"Jul 20, 2026 4:12:01 PM",ENUM06,SCTO-DEV-06,+25673341057,"Jul 20, 2026 3:14:13 PM","Jul 20, 2026 3:18:55 PM",4.7,1301052,1301,0.300943 32.453516 0.0 10.0,1,51,2,0,2,9,1,1,,1,3,,1,0,4,0,7,1,0,2,2,Thabo,43,0,0,,,,,,,,,
uuid:e011f06e-3a5c-46df-be61-2154e5fe7d68,"Jul 1, 2026 4:46:41 PM",ENUM07,SCTO-DEV-07,+25672719583,"Jul 1, 2026 4:16:59 PM","Jul 1, 2026 4:41:41 PM",24.7,1401070,1401,0.415761 32.440574 0.0 6.0,1,52,1,0,2,6,3,1,,0,,,,,,,1,7,0,3,2,Imani,55,1,,Zainab,46,0,0,Femi,44,0,1,
uuid:6307b63c-c4e5-4293-8fc1-0f57150e3825,"Jul 6, 2026 1:18:11 PM",ENUM07,SCTO-DEV-07,+25672719583,"Jul 6, 2026 12:35:23 PM","Jul 6, 2026 12:54:11 PM",18.8,1203012,1203,0.204336 32.582155 0.0 10.0,0,,,,,,,,,,,,,,,,,,,,,,,,,,,,,,,,,
uuid:55caf6e4-6e6f-4c80-9c89-b9231dfdac36,"Jul 18, 2026 10:58:38 PM",ENUM08,SCTO-DEV-08,+25672458591,"Jul 18, 2026 9:56:38 PM","Jul 18, 2026 10:08:38 PM",12.0,1304031,1304,0.316566 32.874503 0.0 4.0,1,65,2,0,3,3,0,3,,0,,,,,,,3,5,0,3,2,,,,,,,,,,,,,
uuid:17a23124-99f8-410e-9806-5ddd1373cb27,"Jul 17, 2026 2:26:15 PM",ENUM08,SCTO-DEV-08,+25672458591,"Jul 17, 2026 12:54:03 PM","Jul 17, 2026 1:07:15 PM",13.2,1304077,1304,0.302583 32.861472 0.0 6.0,1,24,1,1,2,4,0,3,,0,,,,,,,2,0,1,2,3,,,,,,,,,,,,,
uuid:eda2a1b3-e4f1-4bd9-a446-ea8750079107,"Jul 10, 2026 8:38:26 AM",ENUM04,SCTO-DEV-04,+25675108603,"Jul 10, 2026 8:15:56 AM","Jul 10, 2026 8:29:26 AM",13.5,1304044,1304,0.312019 32.873979 0.0 10.0,1,40,2,1,1,7,1,1,,0,,,,,,,6,2,0,1,2,Amina,15,0,1,,,,,,,,,
uuid:03f18e4f-552e-40c4-8bd9-87d2e2791197,"Jul 14, 2026 5:31:14 AM",ENUM05,SCTO-DEV-05,+25674744854,"Jul 14, 2026 5:07:02 AM","Jul 14, 2026 5:30:14 AM",23.2,1403064,1403,0.419955 32.728588 0.0 9.0,1,47,2,0,3,2,2,1,,,,,,,,,6,0,0,3,3,Thabo,46,0,0,Aisha,46,0,0,,,,,
uuid:7f5a52a4-dde5-44b5-ae4d-5e2cb8872e4b,"Jul 11, 2026 3:05:14 AM",ENUM03,SCTO-DEV-03,+25675614226,"Jul 11, 2026 1:43:50 AM","Jul 11, 2026 2:06:14 AM",22.4,1303035,1303,0.316150 32.737498 0.0 11.0,1,25,1,1,2,3,1,1,,1,2,,1,1,99,0,3,5,0,2,2,Thabo,8,0,0,,,,,,,,,
uuid:480e0c6d-4d97-42ee-af1b-3dc4bb0f4837,"Jul 3, 2026 12:40:51 PM",ENUM07,SCTO-DEV-07,+25672719583,"Jul 3, 2026 11:34:33 AM","Jul 3, 2026 11:58:51 AM",24.3,1201028,1201,0.208245 32.455337 0.0 12.0,1,27,1,1,2,5,3,3,,1,3,,1,1,12,0,0,5,0,3,3,Zainab,6,0,0,Kofi,10,0,1,Baraka,2,0,1,
uuid:94ec1c21-7bb1-428c-99f8-a222325b8f90,"Jul 7, 2026 9:55:14 AM",ENUM08,SCTO-DEV-08,+25672458591,"Jul 7, 2026 8:58:26 AM","Jul 7, 2026 9:25:14 AM",26.8,1403074,1403,0.426440 32.728050 0.0 13.0,1,20,2,0,2,7,3,3,,1,1,,0,1,8,1,6,0,0,1,2,Kofi,44,0,0,Zainab,38,0,0,Femi,4,0,0,
uuid:30f5b3b9-ddfb-40a0-9dad-504cfa1e6301,"Jul 17, 2026 8:19:19 AM",ENUM05,SCTO-DEV-05,+25674744854,"Jul 17, 2026 6:40:31 AM","Jul 17, 2026 7:01:19 AM",20.8,1402090,1402,0.425847 32.587990 0.0 9.0,1,77,2,0,3,4,2,1,,,,,,,,,6,7,0,2,1,Kojo,17,0,0,Chidi,10,0,0,,,,,
uuid:c6fe3eed-97ef-4cc3-b55b-dfb395ef24c8,"Jul 14, 2026 12:19:48 AM",ENUM05,SCTO-DEV-05,+25674744854,"Jul 13, 2026 10:42:00 PM","Jul 13, 2026 10:58:48 PM",16.8,1401024,1401,0.413201 32.440558 0.0 12.0,1,52,1,0,3,3,2,3,,,,,,,,,3,0,1,3,2,Amina,36,0,0,Kojo,54,0,0,,,,,
uuid:472dd453-c448-4a19-935e-193ce6d4d7cf,"Jul 8, 2026 9:26:15 PM",ENUM05,SCTO-DEV-05,+25674744854,"Jul 8, 2026 8:08:27 PM","Jul 8, 2026 8:24:15 PM",15.8,1302014,1302,0.317165 32.593697 0.0 7.0,1,36,2,0,2,6,2,2,,,,,,,,,6,6,0,3,3,Zainab,25,0,0,Amina,1,0,0,,,,,
uuid:26ad4c2a-9379-4c3a-a5fc-aaca68d132f5,"Jul 8, 2026 8:03:33 PM",ENUM04,SCTO-DEV-04,+25675108603,"Jul 8, 2026 6:27:03 PM","Jul 8, 2026 6:48:33 PM",21.5,1304058,1304,0.311310 32.879048 0.0 9.0,1,60,1,0,3,2,2,3,,0,,,,,,,3,4,0,2,3,Jelani,26,0,0,Kwame,4,0,0,,,,,
uuid:48ed3646-55b6-4e39-a5b1-9b1c23bde2d5,"Jul 8, 2026 4:20:28 PM",ENUM03,SCTO-DEV-03,+25675614226,"Jul 8, 2026 3:53:10 PM","Jul 8, 2026 4:12:28 PM",19.3,1403036,1403,0.425996 32.720312 0.0 4.0,1,46,2,1,0,9,1,1,,1,1,,1,1,8,0,3,7,0,1,2,Naledi,46,0,0,,,,,,,,,
uuid:f02e4c4c-722c-4fcc-977d-da36dda3b158,"Jul 5, 2026 7:12:33 PM",ENUM05,SCTO-DEV-05,+25674744854,"Jul 5, 2026 5:33:57 PM","Jul 5, 2026 5:55:33 PM",21.6,1203127,1203,0.190363 32.596963 0.0 7.0,1,,2,0,-999,2,0,-999,,,,,,,,,6,,,3,2,,,,,,,,,,,,,
uuid:19288eb5-bd6a-4253-87b2-86e40ebc0292,"Jul 12, 2026 9:58:35 PM",ENUM08,SCTO-DEV-08,+25672458591,"Jul 12, 2026 9:32:11 PM","Jul 12, 2026 9:50:35 PM",18.4,1201015,1201,0.200803 32.440066 0.0 15.0,1,80,1,0,2,6,1,2,,0,,,,,,,0,3,0,3,2,Kwame,41,0,0,,,,,,,,,
uuid:1b4c107c-3f46-4dad-b57d-c60af2c30bc8,"Jul 4, 2026 12:25:39 AM",ENUM08,SCTO-DEV-08,+25672458591,"Jul 3, 2026 11:12:51 PM","Jul 3, 2026 11:28:39 PM",15.8,1202099,1202,0.194784 32.876687 0.0 4.0,1,55,1,1,1,9,1,3,,1,2,,1,0,4,1,2,7,0,3,3,Naledi,16,0,0,,,,,,,,,
uuid:fdfef169-c7d2-4207-9f1b-363288e23870,"Jul 17, 2026 10:25:45 PM",ENUM01,SCTO-DEV-01,+25672867825,"Jul 17, 2026 9:43:45 PM","Jul 17, 2026 10:09:45 PM",26.0,1302017,1302,0.309662 32.589762 0.0 10.0,1,75,1,1,2,7,0,4,,1,3,,1,1,60,0,3,4,0,2,2,,,,,,,,,,,,,
uuid:8f18cf37-14cc-4cf7-81b2-480e86e3102f,"Jul 15, 2026 10:36:16 AM",ENUM06,SCTO-DEV-06,+25673341057,"Jul 15, 2026 8:52:22 AM","Jul 15, 2026 8:56:16 AM",3.9,1204053,1204,0.198133 32.730852 0.0 6.0,1,19,1,0,3,5,2,4,,0,1,,1,0,6,0,3,2,0,3,3,Aisha,53,1,,Baraka,22,0,0,,,,,
uuid:8f73cd98-9029-48c3-9fd7-5da53a60e4fa,"Jul 20, 2026 6:53:48 AM",ENUM08,SCTO-DEV-08,+25672458591,"Jul 20, 2026 5:57:06 AM","Jul 20, 2026 6:24:48 AM",27.7,1202085,1202,0.207368 32.875788 0.0 10.0,1,76,2,1,3,2,2,1,,1,1,,0,1,60,1,1,1,0,2,3,Imani,37,0,0,Aisha,52,0,0,,,,,
uuid:4f992563-dc7d-4636-b233-fc6a69a55ec7,"Jul 15, 2026 9:08:37 PM",ENUM03,SCTO-DEV-03,+25675614226,"Jul 15, 2026 7:29:07 PM","Jul 15, 2026 7:41:37 PM",12.5,1403059,1403,0.427669 32.733716 0.0 15.0,1,28,2,0,3,2,2,1,,0,,,,,,,3,0,0,3,1,Kojo,52,0,0,Femi,10,0,1,,,,,
uuid:77bb8cdf-fc7a-4344-a109-d96e88920bf6,"Jul 15, 2026 3:13:39 AM",ENUM04,SCTO-DEV-04,+25675108603,"Jul 15, 2026 2:41:45 AM","Jul 15, 2026 2:53:39 AM",11.9,1202106,1202,0.199451 32.877094 0.0 12.0,1,61,1,0,3,9,0,3,,0,,,,,,,0,0,0,1,3,,,,,,,,,,,,,
uuid:61ca0176-5f6c-483c-b1e0-b4df56844d76,"Jul 8, 2026 5:33:24 PM",ENUM06,SCTO-DEV-06,+25673341057,"Jul 8, 2026 5:09:42 PM","Jul 8, 2026 5:13:36 PM",3.9,1202035,1202,0.202789 32.866258 0.0 11.0,1,42,2,1,2,9,1,3,,0,,,,,,,5,7,1,3,2,Zainab,44,0,0,,,,,,,,,
uuid:8350d654-602d-4472-a900-fca13ab2d4c6,"Jul 13, 2026 12:04:27 PM",ENUM02,SCTO-DEV-02,+25671419610,"Jul 13, 2026 11:36:15 AM","Jul 13, 2026 11:59:27 AM",23.2,1302061,1302,0.305668 32.581220 0.0 6.0,1,57,1,0,1,8,0,1,,1,3,,1,1,18,1,2,0,1,2,2,,,,,,,,,,,,,
uuid:a4cee9cd-4aad-4274-b3ff-d7b7123e8d4b,"Jul 6, 2026 3:37:36 AM",ENUM08,SCTO-DEV-08,+25672458591,"Jul 6, 2026 2:43:12 AM","Jul 6, 2026 3:04:36 AM",21.4,1203010,1203,0.206630 32.599462 0.0 9.0,1,71,2,1,0,9,3,2,,1,1,,1,1,2,0,4,0,1,2,2,Tendai,57,0,0,Kwame,16,0,1,Chidi,55,1,,
uuid:8e0fd5a4-7cb8-45d1-a7b4-c92de7f656f8,"Jul 9, 2026 9:13:10 PM",ENUM03,SCTO-DEV-03,+25675614226,"Jul 9, 2026 7:25:40 PM","Jul 9, 2026 7:49:10 PM",23.5,1404092,1404,0.425895 32.864098 0.0 15.0,1,42,1,1,2,9,1,1,,0,,,,,,,2,2,0,2,3,Amara,19,0,0,,,,,,,,,
uuid:6b114c6f-f2f8-46fd-b6c5-1c40cf9dbff1,"Jul 2, 2026 3:55:50 PM",ENUM08,SCTO-DEV-08,+25672458591,"Jul 2, 2026 2:16:08 PM","Jul 2, 2026 2:41:50 PM",25.7,1203008,1203,0.201606 32.592413 0.0 11.0,1,43,1,0,2,8,0,4,,1,1,,1,0,24,1,6,0,1,3,1,,,,,,,,,,,,,
uuid:e76f060e-fb15-445b-9e71-7f2af6b446a2,"Jul 3, 2026 2:40:14 AM",ENUM07,SCTO-DEV-07,+25672719583,"Jul 3, 2026 1:13:38 AM","Jul 3, 2026 1:31:14 AM",17.6,1204057,1204,0.208484 32.735897 0.0 9.0,1,19,2,1,0,7,3,2,,0,,,,,,,0,0,0,3,3,Sekai,56,0,0,Zuri,20,0,1,Kofi,47,0,0,
uuid:d8fb2857-5a85-4d20-a25d-23a27ad03567,"Jul 4, 2026 8:56:28 PM",ENUM07,SCTO-DEV-07,+25672719583,"Jul 4, 2026 8:11:40 PM","Jul 4, 2026 8:33:28 PM",21.8,1203045,1203,0.192834 32.594892 0.0 7.0,1,40,1,0,3,6,1,1,,1,2,,1,1,2,0,6,0,1,3,3,Amina,19,1,,,,,,,,,,
uuid:77cd1365-a526-45f1-881f-35e070ff1cf5,"Jul 7, 2026 8:37:55 AM",ENUM01,SCTO-DEV-01,+25672867825,"Jul 7, 2026 8:20:19 AM","Jul 7, 2026 8:31:55 AM",11.6,1202009,1202,0.208361 32.874093 0.0 8.0,1,66,2,0,0,2,0,2,,1,-666,Plastic drum,1,0,12,1,6,5,0,3,3,,,,,,,,,,,,,
uuid:b026ff91-78ec-4b01-9e36-f4a5b1fb7d04,"Jul 3, 2026 10:35:48 PM",ENUM08,SCTO-DEV-08,+25672458591,"Jul 3, 2026 9:07:48 PM","Jul 3, 2026 9:22:48 PM",15.0,1303007,1303,0.307179 32.725917 0.0 15.0,1,56,1,0,2,2,1,2,,0,,,,,,,0,4,0,1,3,Baraka,38,0,0,,,,,,,,,
uuid:f31d2167-fcc2-47b3-b9ab-5f20844fad41,"Jul 12, 2026 9:57:19 PM",ENUM06,SCTO-DEV-06,+25673341057,"Jul 12, 2026 8:45:01 PM","Jul 12, 2026 8:48:31 PM",3.5,1403075,1403,0.423244 32.735943 0.0 13.0,1,26,1,1,1,3,2,1,,1,3,,1,1,24,0,0,0,1,2,3,Oluwaseun,37,0,0,Femi,52,0,0,,,,,
uuid:4393d800-c83e-4205-9091-8bc8e52a3487,"Jul 7, 2026 2:05:03 AM",ENUM06,SCTO-DEV-06,+25673341057,"Jul 7, 2026 12:41:27 AM","Jul 7, 2026 12:45:09 AM",3.7,1401040,1401,0.421682 32.455247 0.0 6.0,1,68,1,1,1,3,1,2,,0,,,,,,,6,0,1,2,3,Jelani,10,0,0,,,,,,,,,
uuid:abf89925-2dd2-4594-bdb7-fb7c200ce9cb,"Jul 3, 2026 8:46:39 AM",ENUM05,SCTO-DEV-05,+25674744854,"Jul 3, 2026 7:44:27 AM","Jul 3, 2026 8:03:39 AM",19.2,1301094,1301,0.304174 32.457143 0.0 8.0,1,20,2,1,2,3,0,1,,,,,,,,,,,0,2,-888,,,,,,,,,,,,,
uuid:4d0cc9d0-7831-451d-a043-3cc3941c4b0f,"Jul 5, 2026 2:03:02 PM",ENUM07,SCTO-DEV-07,+25672719583,"Jul 5, 2026 12:25:50 PM","Jul 5, 2026 12:51:02 PM",25.2,1201062,1201,0.206180 32.440299 0.0 8.0,1,40,2,0,0,5,3,1,,1,2,,1,0,12,1,0,0,0,1,3,Femi,14,1,,Amara,58,0,0,Femi,11,0,0,
uuid:34d6b17f-7c62-405a-84f7-88088f64b712,"Jul 4, 2026 10:54:33 PM",ENUM03,SCTO-DEV-03,+25675614226,"Jul 4, 2026 9:19:57 PM","Jul 4, 2026 9:40:33 PM",20.6,1303017,1303,0.315168 32.738793 0.0 5.0,1,31,2,0,3,6,1,2,,1,1,,1,1,48,0,2,2,0,2,3,Thabo,58,0,0,,,,,,,,,
uuid:cbe9f191-d56f-4bfa-928b-445bb4815a8a,"Jul 1, 2026 10:16:18 PM",ENUM04,SCTO-DEV-04,+25675108603,"Jul 1, 2026 8:59:30 PM","Jul 1, 2026 9:11:18 PM",11.8,1203121,1203,0.202505 32.588464 0.0 14.0,1,63,2,0,2,7,3,1,,1,3,,1,1,48,0,2,7,0,2,2,Naledi,28,0,0,Nia,6,0,1,Naledi,2,0,0,
uuid:07b69623-e6e2-4729-862b-b6acd25ac3fb,"Jul 4, 2026 11:19:19 PM",ENUM03,SCTO-DEV-03,+25675614226,"Jul 4, 2026 10:11:13 PM","Jul 4, 2026 10:23:19 PM",12.1,1403092,1403,0.417490 32.726743 0.0 4.0,1,70,1,0,0,8,2,4,,1,3,,0,0,4,1,0,6,1,2,2,Jelani,30,0,0,Femi,11,0,0,,,,,
uuid:70b0a458-0cd0-499f-b6de-0f600debc151,"Jul 2, 2026 9:11:19 AM",ENUM02,SCTO-DEV-02,+25671419610,"Jul 2, 2026 8:30:07 AM","Jul 2, 2026 8:55:19 AM",25.2,1203019,1203,0.193573 32.580625 0.0 5.0,1,81,1,1,0,8,2,2,,0,,,,,,,0,2,0,3,1,Aisha,41,0,0,Zuri,29,0,1,,,,,
uuid:4c1b9414-4ea8-4d2a-a6b7-4fd59a4ad6b1,"Jul 15, 2026 12:43:24 PM",ENUM07,SCTO-DEV-07,+25672719583,"Jul 15, 2026 11:56:36 AM","Jul 15, 2026 12:17:24 PM",20.8,1402087,1402,0.417391 32.593565 0.0 7.0,1,28,1,0,1,2,1,1,,1,3,,1,1,6,1,6,0,0,3,2,Imani,49,0,0,,,,,,,,,
uuid:9c75b41b-4131-42a0-84a3-11b67fa0c3ae,"Jul 2, 2026 6:22:37 AM",ENUM05,SCTO-DEV-05,+25674744854,"Jul 2, 2026 4:46:13 AM","Jul 2, 2026 5:09:37 AM",23.4,1203020,1203,0.197631 32.595602 0.0 9.0,1,63,2,0,0,5,2,3,,,,,,,,,4,4,1,2,3,Amina,9,0,0,Naledi,3,0,0,,,,,
uuid:da5298fe-e33b-4d77-8c63-183c5a83a121,"Jul 5, 2026 1:44:39 AM",ENUM05,SCTO-DEV-05,+25674744854,"Jul 5, 2026 1:19:51 AM","Jul 5, 2026 1:37:39 AM",17.8,1401078,1401,0.425911 32.442727 0.0 6.0,1,70,1,0,2,3,1,1,,,,,,,,,5,2,0,2,3,Femi,24,0,0,,,,,,,,,
uuid:5df92501-f5b7-42db-a47a-9fc0e37e15b5,"Jul 4, 2026 5:40:13 AM",ENUM04,SCTO-DEV-04,+25675108603,"Jul 4, 2026 4:20:13 AM","Jul 4, 2026 4:37:13 AM",17.0,1401063,1401,0.417321 32.454128 0.0 6.0,1,37,2,1,0,8,3,3,,1,1,,1,1,36,0,5,1,1,1,3,Kwame,5,0,0,Oluwaseun,4,0,0,Imani,34,0,0,
uuid:2a1b1c81-bebf-43d4-a6cd-9f793f5e94a7,"Jul 20, 2026 3:59:40 AM",ENUM05,SCTO-DEV-05,+25674744854,"Jul 20, 2026 2:47:46 AM","Jul 20, 2026 3:11:40 AM",23.9,1304087,1304,0.304542 32.861731 0.0 12.0,1,62,1,1,2,9,1,2,,1,1,,1,1,60,0,7,0,0,1,1,Femi,46,0,0,,,,,,,,,
uuid:18b3c103-0492-4312-ab8e-1c99bfa9cb62,"Jul 12, 2026 6:08:54 PM",ENUM03,SCTO-DEV-03,+25675614226,"Jul 12, 2026 4:24:12 PM","Jul 12, 2026 4:40:54 PM",16.7,1404041,1404,0.419794 32.866848 0.0 12.0,1,27,2,0,2,6,1,1,,0,,,,,,,1,0,1,1,3,Nia,33,0,0,,,,,,,,,
uuid:37966599-8f7f-459e-9634-63dc148f5aab,"Jul 4, 2026 6:48:11 PM",ENUM01,SCTO-DEV-01,+25672867825,"Jul 4, 2026 5:54:35 PM","Jul 4, 2026 6:11:11 PM",16.6,1203070,1203,0.204083 32.588904 0.0 10.0,1,25,1,1,0,8,2,1,,1,3,,0,0,2,0,7,6,0,3,1,Amina,22,0,1,Chidi,55,0,0,,,,,
uuid:94b9be7f-a93b-4b6d-938f-a903d6a10200,"Jul 15, 2026 9:43:03 AM",ENUM06,SCTO-DEV-06,+25673341057,"Jul 15, 2026 8:26:57 AM","Jul 15, 2026 8:30:27 AM",3.5,1302040,1302,0.308707 32.582452 0.0 14.0,1,57,1,0,0,7,0,1,,1,1,,0,1,4,0,2,7,0,1,2,,,,,,,,,,,,,
uuid:5d109318-0f84-4d8b-ae7b-ea8774581e3e,"Jul 11, 2026 4:48:34 AM",ENUM05,SCTO-DEV-05,+25674744854,"Jul 11, 2026 4:01:10 AM","Jul 11, 2026 4:12:34 AM",11.4,1301042,1301,0.306555 32.454236 0.0 6.0,1,31,2,1,0,6,2,1,,,,,,,,,6,3,0,1,1,Kojo,59,0,0,Kwame,58,0,0,,,,,
uuid:46bff965-460c-42ce-b90e-0fd0ebbaf15a,"Jul 2, 2026 1:09:11 AM",ENUM08,SCTO-DEV-08,+25672458591,"Jul 2, 2026 12:31:29 AM","Jul 2, 2026 12:49:11 AM",17.7,1403055,1403,0.428874 32.731332 0.0 6.0,1,25,1,1,1,3,0,1,,1,1,,1,1,36,0,2,0,0,2,2,,,,,,,,,,,,,
uuid:3bb7ff18-34ca-4b9d-95f7-c80fffa524c2,"Jul 7, 2026 7:31:59 PM",ENUM05,SCTO-DEV-05,+25674744854,"Jul 7, 2026 6:35:23 PM","Jul 7, 2026 6:59:59 PM",24.6,1302019,1302,0.313087 32.587823 0.0 14.0,1,49,1,0,1,7,1,2,,,,,,,,,0,0,1,2,3,Kwame,16,0,1,,,,,,,,,
uuid:b29e006e-4da0-442f-81e2-a17a8166c86f,"Jul 13, 2026 1:40:33 PM",ENUM04,SCTO-DEV-04,+25675108603,"Jul 13, 2026 1:07:51 PM","Jul 13, 2026 1:28:33 PM",20.7,1404023,1404,0.426392 32.875265 0.0 12.0,1,46,1,0,1,2,2,1,,1,2,,1,1,48,1,4,0,0,1,2,Zainab,14,0,0,Nia,7,0,0,,,,,
uuid:18176867-d26e-4e4d-8169-2c85ce6cd2e8,"Jul 18, 2026 1:41:20 PM",ENUM06,SCTO-DEV-06,+25673341057,"Jul 18, 2026 12:20:14 PM","Jul 18, 2026 12:23:56 PM",3.7,1302008,1302,0.305807 32.585999 0.0 6.0,1,41,2,1,0,5,2,1,,1,2,,1,1,36,1,6,0,0,2,2,Adaeze,49,0,0,Naledi,20,0,0,,,,,
uuid:ab66a7ee-3d91-46fd-9bc9-18140c696416,"Jul 16, 2026 8:21:57 PM",ENUM04,SCTO-DEV-04,+25675108603,"Jul 16, 2026 7:46:21 PM","Jul 16, 2026 8:00:57 PM",14.6,1401083,1401,0.423490 32.456194 0.0 15.0,1,64,2,0,0,5,0,1,,0,,,,,,,1,4,0,2,1,,,,,,,,,,,,,
uuid:f3525a7e-d47c-4cd7-8ff3-e06a24f61e6d,"Jul 8, 2026 3:56:02 AM",ENUM07,SCTO-DEV-07,+25672719583,"Jul 8, 2026 2:21:20 AM","Jul 8, 2026 2:39:02 AM",17.7,1201078,1201,0.209046 32.443308 0.0 7.0,1,57,1,0,2,45,1,1,,1,3,,1,1,6,0,0,3,1,3,3,Jelani,18,0,1,,,,,,,,,
uuid:7a74bb72-efba-41f6-8f10-833c7e150208,"Jul 5, 2026 4:07:58 AM",ENUM01,SCTO-DEV-01,+25672867825,"Jul 5, 2026 3:16:04 AM","Jul 5, 2026 3:35:58 AM",19.9,1401027,1401,0.428532 32.443857 0.0 4.0,1,21,1,1,2,3,3,1,,1,1,,1,1,8,0,7,1,0,3,2,Thabo,27,0,0,Aisha,16,0,0,Imani,25,1,,
uuid:ce3a5422-500b-45e5-9d35-539d759e1dc2,"Jul 7, 2026 5:53:11 PM",ENUM03,SCTO-DEV-03,+25675614226,"Jul 7, 2026 4:37:17 PM","Jul 7, 2026 4:58:11 PM",20.9,1201058,1201,0.198588 32.445352 0.0 15.0,1,25,2,1,3,9,2,2,,0,,,,,,,6,1,0,2,3,Jelani,30,0,0,Zuri,21,0,0,,,,,
uuid:71520a68-7b0f-45aa-af03-6692690a4b24,"Jul 2, 2026 12:47:56 PM",ENUM01,SCTO-DEV-01,+25672867825,"Jul 2, 2026 12:01:20 PM","Jul 2, 2026 12:21:56 PM",20.6,1404078,1404,0.417019 32.870086 0.0 6.0,1,26,1,0,1,2,0,3,,1,3,,1,0,4,1,0,3,0,3,2,,,,,,,,,,,,,
uuid:f67cc474-8158-4d6b-848c-c04f86664713,"Jul 3, 2026 9:20:11 AM",ENUM05,SCTO-DEV-05,+25674744854,"Jul 3, 2026 8:37:17 AM","Jul 3, 2026 9:05:11 AM",27.9,1402003,1402,0.421161 32.588323 0.0 13.0,1,47,2,0,3,6,3,-666,rain,,,,,,,,0,0,1,2,3,Adaeze,28,0,0,Kofi,14,0,0,Sekai,4,0,0,
uuid:b0a169dd-0189-4c60-9770-56d04aa6e0d7,"Jul 1, 2026 1:21:39 PM",ENUM05,SCTO-DEV-05,+25674744854,"Jul 1, 2026 11:54:51 AM","Jul 1, 2026 12:07:39 PM",12.8,1303062,1303,0.302195 32.726534 0.0 12.0,1,26,2,0,2,4,2,2,,,,,,,,,3,0,1,3,2,Femi,40,0,0,Femi,47,0,0,,,,,
uuid:4e100866-942f-47f8-aece-9153f5cb2776,"Jul 8, 2026 11:29:42 PM",ENUM03,SCTO-DEV-03,+25675614226,"Jul 8, 2026 10:26:36 PM","Jul 8, 2026 10:37:42 PM",11.1,1403077,1403,0.421572 32.739414 0.0 10.0,1,60,2,0,0,4,2,1,,1,1,,1,1,24,1,7,5,0,2,2,Aisha,16,0,0,Naledi,4,0,1,,,,,
uuid:071d3f03-b69e-4445-92d5-789c6d2233c8,"Jul 15, 2026 10:13:05 AM",ENUM07,SCTO-DEV-07,+25672719583,"Jul 15, 2026 8:57:59 AM","Jul 15, 2026 9:20:05 AM",22.1,1203047,1203,0.198206 32.592728 0.0 13.0,1,47,1,1,3,2,1,1,,1,2,,1,1,99,0,5,2,0,3,1,Sekai,23,0,0,,,,,,,,,
uuid:17ad6ef7-8389-4e2e-89fb-8166af3ea812,"Jul 17, 2026 10:41:02 AM",ENUM02,SCTO-DEV-02,+25671419610,"Jul 17, 2026 9:05:26 AM","Jul 17, 2026 9:20:02 AM",14.6,1304003,1304,0.311943 32.860427 0.0 9.0,1,50,1,1,0,5,1,3,,1,3,,0,0,8,0,0,0,1,3,2,Amara,8,1,,,,,,,,,,
uuid:8d84b932-60b8-427e-80f5-72135c22d495,"Jul 20, 2026 4:36:58 AM",ENUM03,SCTO-DEV-03,+25675614226,"Jul 20, 2026 2:59:52 AM","Jul 20, 2026 3:18:58 AM",19.1,1303061,1303,0.306947 32.736277 0.0 7.0,1,26,1,0,2,5,0,4,,1,1,,1,0,24,1,0,1,0,2,3,,,,,,,,,,,,,
uuid:2ed7bb27-2de5-44ef-99c6-74568375e90b,"Jul 9, 2026 1:47:29 AM",ENUM02,SCTO-DEV-02,+25671419610,"Jul 9, 2026 1:07:35 AM","Jul 9, 2026 1:20:29 AM",12.9,1201039,1201,0.207256 32.458610 0.0 9.0,1,52,2,0,0,9,1,-666,Rain,1,3,,1,0,24,0,0,2,0,2,2,Baraka,42,0,1,,,,,,,,,
uuid:d5f57d6e-cf2b-41ef-984d-ea318d7fbe2a,"Jul 18, 2026 3:56:46 PM",ENUM03,SCTO-DEV-03,+25675614226,"Jul 18, 2026 3:08:22 PM","Jul 18, 2026 3:25:46 PM",17.4,1301018,1301,0.302105 32.450329 0.0 7.0,1,65,2,1,1,8,2,1,,1,3,,1,1,12,0,2,3,0,1,2,Adaeze,28,0,0,Adaeze,52,0,0,,,,,
uuid:ee7795e2-f423-4a9e-a8da-614ff3684beb,"Jul 18, 2026 4:46:52 AM",ENUM04,SCTO-DEV-04,+25675108603,"Jul 18, 2026 2:53:16 AM","Jul 18, 2026 3:16:52 AM",23.6,1302049,1302,0.317570 32.593347 0.0 9.0,1,42,1,0,0,2,0,1,,1,3,,1,0,48,0,2,1,0,1,1,,,,,,,,,,,,,
uuid:60f95ed6-bcb5-471f-8439-49a0fc279869,"Jul 15, 2026 7:59:43 AM",ENUM06,SCTO-DEV-06,+25673341057,"Jul 15, 2026 6:20:37 AM","Jul 15, 2026 6:24:49 AM",4.2,1303041,1303,0.312096 32.739333 0.0 15.0,1,79,1,1,0,5,3,1,,0,,,,,,,0,0,0,3,1,Kofi,8,0,0,Thabo,20,0,0,Baraka,35,0,0,
uuid:26005a97-b490-424d-89ca-9d9c897f4fc1,"Jul 19, 2026 7:50:20 PM",ENUM02,SCTO-DEV-02,+25671419610,"Jul 19, 2026 6:39:02 PM","Jul 19, 2026 6:51:20 PM",12.3,1203084,1203,0.206603 32.593025 0.0 11.0,1,73,1,0,0,8,0,3,,1,3,,1,1,36,0,3,0,1,3,2,,,,,,,,,,,,,
uuid:3cdafd5c-ba7d-4e2c-a97f-0a0dacdaea9a,"Jul 6, 2026 8:51:42 AM",ENUM01,SCTO-DEV-01,+25672867825,"Jul 6, 2026 7:40:42 AM","Jul 6, 2026 8:01:42 AM",21.0,1302010,1302,0.318577 32.585986 0.0 13.0,1,49,2,0,3,4,2,2,,1,3,,1,1,6,0,1,5,0,3,2,Amara,40,0,0,Thabo,14,0,0,,,,,
uuid:e6f32a4f-1970-4920-a2da-b68c2ddd4eed,"Jul 3, 2026 10:13:46 AM",ENUM06,SCTO-DEV-06,+25673341057,"Jul 3, 2026 9:40:16 AM","Jul 3, 2026 9:44:46 AM",4.5,1301006,1301,0.315513 32.444739 0.0 15.0,1,63,2,1,1,5,2,3,,1,2,,1,1,99,1,3,7,0,1,1,Naledi,48,0,0,Imani,55,0,0,,,,,
uuid:b5fc10b7-a11f-4832-8741-dfb586784bc7,"Jul 7, 2026 11:33:42 AM",ENUM02,SCTO-DEV-02,+25671419610,"Jul 7, 2026 9:59:06 AM","Jul 7, 2026 10:10:42 AM",11.6,1304051,1304,0.305254 32.864719 0.0 12.0,1,27,2,1,2,5,2,3,,1,1,,1,0,1,0,0,6,0,1,3,Jelani,33,0,0,Zuri,12,0,0,,,,,
uuid:0e4f5600-4ae1-4196-b021-89c1151ff165,"Jul 5, 2026 10:20:31 AM",ENUM05,SCTO-DEV-05,+25674744854,"Jul 5, 2026 8:42:37 AM","Jul 5, 2026 8:55:31 AM",12.9,1202108,1202,0.203625 32.860500 0.0 13.0,1,46,1,,-999,5,0,3,,,,,,,,,,,1,-999,-888,,,,,,,,,,,,,
uuid:ae5eb381-a5cf-42bb-9929-ca37d4b25fed,"Jul 15, 2026 9:31:11 AM",ENUM03,SCTO-DEV-03,+25675614226,"Jul 15, 2026 7:38:23 AM","Jul 15, 2026 8:05:11 AM",26.8,1303073,1303,0.317926 32.720297 0.0 7.0,1,41,1,1,3,3,1,1,,1,3,,1,0,24,1,5,7,0,1,3,Imani,10,0,0,,,,,,,,,
uuid:1a684fdf-b472-42a8-a6f5-777f962b7fe1,"Jul 6, 2026 7:42:54 PM",ENUM04,SCTO-DEV-04,+25675108603,"Jul 6, 2026 6:54:00 PM","Jul 6, 2026 7:08:54 PM",14.9,1203090,1203,0.194309 32.598353 0.0 10.0,1,80,1,0,0,6,0,2,,0,,,,,,,0,5,0,1,2,,,,,,,,,,,,,
uuid:8e22ef93-b587-45aa-be43-9ea29a385ee9,"Jul 19, 2026 4:30:31 AM",ENUM05,SCTO-DEV-05,+25674744854,"Jul 19, 2026 3:05:43 AM","Jul 19, 2026 3:28:31 AM",22.8,1302012,1302,0.319355 32.595639 0.0 9.0,1,67,2,0,2,3,3,1,,,,,,,,,0,5,1,2,1,Aisha,28,0,0,Zuri,52,0,0,Thabo,8,0,0,
uuid:a47b7325-a557-4ca2-adba-03c7d0fed52a,"Jul 12, 2026 2:40:58 PM",ENUM01,SCTO-DEV-01,+25672867825,"Jul 12, 2026 1:10:58 PM","Jul 12, 2026 1:26:58 PM",16.0,1402066,1402,0.414837 32.586360 0.0 12.0,1,32,1,0,2,9,1,1,,1,2,,1,1,36,0,7,2,0,3,3,Zuri,58,0,0,,,,,,,,,
uuid:71405ee8-373e-416e-a38c-91c3304694d0,"Jul 15, 2026 2:19:40 AM",ENUM01,SCTO-DEV-01,+25672867825,"Jul 15, 2026 1:38:16 AM","Jul 15, 2026 2:02:40 AM",24.4,1302026,1302,0.303074 32.599053 0.0 9.0,1,69,2,1,3,3,1,1,,1,2,,1,0,2,1,4,0,0,2,3,Aisha,4,0,0,,,,,,,,,
uuid:2d295956-577f-40e7-af5e-7cb88cf5b7e6,"Jul 15, 2026 5:47:27 PM",ENUM07,SCTO-DEV-07,+25672719583,"Jul 15, 2026 4:23:27 PM","Jul 15, 2026 4:51:27 PM",28.0,1301077,1301,0.312672 32.441920 0.0 15.0,1,82,2,1,2,3,1,3,,1,-666,Plastic drum,1,1,8,0,5,0,0,3,1,Tendai,1,1,,,,,,,,,,
uuid:4fe09f20-cb8a-41e8-8801-cc4a4a4ff61a,"Jul 19, 2026 9:21:07 PM",ENUM05,SCTO-DEV-05,+25674744854,"Jul 19, 2026 8:53:49 PM","Jul 19, 2026 9:16:07 PM",22.3,1202105,1202,0.203640 32.873775 0.0 10.0,1,37,1,0,3,6,2,4,,,,,,,,,7,5,0,2,1,Sekai,35,0,0,Adaeze,36,0,0,,,,,
uuid:236d335c-695d-4fd8-bc2c-8dcaee567170,"Jul 9, 2026 8:52:58 AM",ENUM05,SCTO-DEV-05,+25674744854,"Jul 9, 2026 7:32:58 AM","Jul 9, 2026 7:47:58 AM",15.0,1403047,1403,0.428925 32.722885 0.0 12.0,1,59,1,1,2,3,2,1,,,,,,,,,7,6,1,1,2,Nia,5,1,,Femi,36,0,0,,,,,
uuid:9f23999b-8920-4075-9f5e-c8df9486f2ef,"Jul 13, 2026 1:51:16 PM",ENUM04,SCTO-DEV-04,+25675108603,"Jul 13, 2026 12:26:46 PM","Jul 13, 2026 12:53:16 PM",26.5,1303115,1303,0.308733 32.737500 0.0 9.0,1,80,2,0,0,7,1,1,,1,2,,1,1,36,0,1,1,0,3,3,Zuri,16,1,,,,,,,,,,
uuid:e8c496c1-7600-4847-b341-7ce1267e1141,"Jul 15, 2026 5:22:20 PM",ENUM08,SCTO-DEV-08,+25672458591,"Jul 15, 2026 4:47:38 PM","Jul 15, 2026 5:05:20 PM",17.7,1303054,1303,0.307060 32.736305 0.0 8.0,1,42,1,1,2,8,2,1,,0,,,,,,,3,7,0,3,2,Imani,5,0,0,Chidi,34,0,0,,,,,
uuid:632aea5d-7baa-4236-b614-b105abf0a1dc,"Jul 15, 2026 3:44:25 AM",ENUM03,SCTO-DEV-03,+25675614226,"Jul 15, 2026 2:30:49 AM","Jul 15, 2026 2:56:25 AM",25.6,1302057,1302,0.315065 32.599185 0.0 6.0,1,30,2,0,2,3,1,1,,1,1,,1,1,36,0,6,7,1,1,2,Imani,27,0,0,,,,,,,,,
uuid:3bc775f7-c624-4949-b11e-da5deae06290,"Jul 13, 2026 3:09:34 AM",ENUM07,SCTO-DEV-07,+25672719583,"Jul 13, 2026 1:40:34 AM","Jul 13, 2026 2:02:34 AM",22.0,1302037,1302,0.309641 32.589680 0.0 10.0,1,20,1,0,1,6,0,1,,1,3,,1,1,24,0,7,7,0,1,2,,,,,,,,,,,,,
uuid:bc2bcf6f-ed34-4561-9935-d8dbd1e447c5,"Jul 17, 2026 4:27:57 AM",ENUM04,SCTO-DEV-04,+25675108603,"Jul 17, 2026 2:42:33 AM","Jul 17, 2026 3:06:33 AM",24.0,1302102,1302,0.310566 32.589917 0.0 14.0,1,98,2,1,0,19,1,3,,1,-666,Plastic drum,1,0,6,0,2,3,0,1,3,Sekai,52,0,0,,,,,,,,,
uuid:0b4a9097-11f6-4f02-9b6a-99e04656c71c,"Jul 2, 2026 6:06:48 PM",ENUM08,SCTO-DEV-08,+25672458591,"Jul 2, 2026 4:39:18 PM","Jul 2, 2026 5:02:48 PM",23.5,1303071,1303,0.311908 32.729267 0.0 15.0,1,62,2,0,1,8,3,2,,0,,,,,,,0,5,1,1,2,Femi,47,0,0,Aisha,11,1,,Chidi,11,0,1,
uuid:3b37ceff-7608-4bcb-89f7-081f9e7375dd,"Jul 10, 2026 11:41:21 PM",ENUM04,SCTO-DEV-04,+25675108603,"Jul 10, 2026 9:54:27 PM","Jul 10, 2026 10:20:21 PM",25.9,1304086,1304,0.303850 32.879057 0.0 12.0,1,21,1,0,1,8,1,1,,1,2,,0,1,99,0,5,0,1,2,3,Femi,14,1,,,,,,,,,,
uuid:86fc2c75-7912-4454-81ae-1b66fafd1d97,"Jul 8, 2026 7:55:40 PM",ENUM08,SCTO-DEV-08,+25672458591,"Jul 8, 2026 6:18:46 PM","Jul 8, 2026 6:40:40 PM",21.9,1303027,1303,0.301425 32.737700 0.0 5.0,1,68,1,1,3,6,2,3,,1,3,,1,1,1,0,7,5,1,3,1,Amara,44,0,1,Jelani,29,0,1,,,,,
uuid:d56e85e3-8425-4dd0-9337-e7e60fcb9d75,"Jul 2, 2026 5:03:52 AM",ENUM04,SCTO-DEV-04,+25675108603,"Jul 2, 2026 4:32:16 AM","Jul 2, 2026 4:50:52 AM",18.6,1202079,1202,0.192213 32.877699 0.0 11.0,1,32,2,1,0,6,2,1,,1,1,,1,0,12,0,3,2,1,3,2,Kwame,42,0,0,Nia,23,0,0,,,,,
uuid:defacf33-727f-448e-acad-4eb1cf7d81e6,"Jul 3, 2026 11:34:47 PM",ENUM08,SCTO-DEV-08,+25672458591,"Jul 3, 2026 10:17:35 PM","Jul 3, 2026 10:37:47 PM",20.2,1204040,1204,0.196006 32.736658 0.0 13.0,1,71,1,1,1,7,1,1,,1,2,,1,1,99,1,3,0,0,2,2,Femi,36,0,0,,,,,,,,,
uuid:e81d96a8-7405-4d88-8530-e1c1fb0ca587,"Jul 18, 2026 9:28:06 AM",ENUM05,SCTO-DEV-05,+25674744854,"Jul 18, 2026 8:21:06 AM","Jul 18, 2026 8:45:06 AM",24.0,1204002,1204,0.197020 32.723628 0.0 6.0,1,70,1,1,0,3,2,1,,,,,,,,,6,0,0,3,3,Sekai,42,0,0,Adaeze,17,0,0,,,,,
uuid:b3cb9cf6-315a-49e4-9148-e69de36180e3,"Jul 12, 2026 6:21:40 AM",ENUM04,SCTO-DEV-04,+25675108603,"Jul 12, 2026 4:43:10 AM","Jul 12, 2026 4:58:40 AM",15.5,1302043,1302,0.317043 32.596335 0.0 14.0,1,51,2,0,0,5,0,-666,Rainwater ,1,2,,1,0,8,0,6,7,1,1,2,,,,,,,,,,,,,
uuid:409003f3-5b5d-4ed8-b3e8-0a4c96f75377,"Jul 12, 2026 6:49:49 AM",ENUM08,SCTO-DEV-08,+25672458591,"Jul 12, 2026 5:20:19 AM","Jul 12, 2026 5:41:49 AM",21.5,1201056,1201,0.191069 32.457650 0.0 7.0,1,57,2,0,3,6,1,-666,Rainwater ,1,1,,0,0,18,0,2,1,1,2,1,Jelani,20,0,0,,,,,,,,,
uuid:561f6b95-dd7c-4abe-9667-8b237e457126,"Jul 12, 2026 9:22:28 AM",ENUM02,SCTO-DEV-02,+25671419610,"Jul 12, 2026 8:48:28 AM","Jul 12, 2026 9:00:28 AM",12.0,1402057,1402,0.429885 32.588426 0.0 14.0,1,52,2,0,1,7,2,1,,1,2,,1,1,24,0,0,0,0,1,1,Naledi,19,0,0,Aisha,26,0,0,,,,,
uuid:14af18e4-23c1-4183-ae33-6696d7494a4a,"Jul 2, 2026 7:54:52 PM",ENUM03,SCTO-DEV-03,+25675614226,"Jul 2, 2026 6:57:04 PM","Jul 2, 2026 7:21:52 PM",24.8,1201038,1201,0.200802 32.448376 0.0 9.0,1,79,1,1,1,8,1,1,,1,3,,1,0,36,0,4,3,0,2,2,Zainab,9,0,0,,,,,,,,,
uuid:03b1f944-6779-4f6f-b20d-e28722091cab,"Jul 12, 2026 2:35:42 PM",ENUM04,SCTO-DEV-04,+25675108603,"Jul 12, 2026 1:15:24 PM","Jul 12, 2026 1:32:42 PM",17.3,1402010,1402,0.429956 32.595518 0.0 15.0,1,50,1,1,3,2,0,1,,0,,,,,,,6,7,1,2,1,,,,,,,,,,,,,
uuid:1564dd92-78f5-4e5f-857c-18f2701e3a92,"Jul 20, 2026 12:19:36 AM",ENUM03,SCTO-DEV-03,+25675614226,"Jul 19, 2026 10:52:24 PM","Jul 19, 2026 11:15:36 PM",23.2,1403034,1403,0.420326 32.734574 0.0 14.0,1,62,2,1,2,6,1,4,,1,3,,0,1,6,0,4,7,0,1,3,Amara,9,0,0,,,,,,,,,
uuid:08852281-e11f-4003-b11e-f3e3feea1719,"Jul 8, 2026 4:34:49 PM",ENUM05,SCTO-DEV-05,+25674744854,"Jul 8, 2026 3:14:25 PM","Jul 8, 2026 3:29:49 PM",15.4,1204074,1204,0.201775 32.729446 0.0 8.0,1,19,1,1,1,8,3,-666,Rainwater ,,,,,,,,2,7,0,3,2,Imani,9,0,0,Adaeze,3,0,0,Nia,46,1,,
uuid:39528d6d-e32e-4fd9-a10a-af3a733727fe,"Jul 9, 2026 8:33:18 AM",ENUM01,SCTO-DEV-01,+25672867825,"Jul 9, 2026 6:52:54 AM","Jul 9, 2026 7:14:18 AM",21.4,1303107,1303,0.304599 32.733278 0.0 7.0,1,38,1,1,0,3,3,4,,1,3,,0,1,2,0,0,4,0,3,3,Kojo,59,0,0,Imani,44,0,0,Sekai,56,0,0,
uuid:3dfc9a47-e33e-4587-affa-b5bed2a63f71,"Jul 11, 2026 6:43:13 AM",ENUM04,SCTO-DEV-04,+25675108603,"Jul 11, 2026 5:21:25 AM","Jul 11, 2026 5:48:13 AM",26.8,1204083,1204,0.200895 32.738121 0.0 14.0,1,64,1,1,3,4,1,1,,1,1,,1,1,99,0,3,4,0,3,1,Nia,10,0,0,,,,,,,,,
uuid:8f1fb887-db77-44b2-9a79-ae9d78f30296,"Jul 7, 2026 7:37:39 AM",ENUM04,SCTO-DEV-04,+25675108603,"Jul 7, 2026 7:05:27 AM","Jul 7, 2026 7:28:39 AM",23.2,1401090,1401,0.419763 32.444238 0.0 10.0,1,55,2,1,2,6,0,1,,0,,,,,,,4,7,0,1,1,,,,,,,,,,,,,
uuid:4d7b7e65-3c6d-42d3-9e36-d42e38e16bfb,"Jul 4, 2026 5:27:59 AM",ENUM06,SCTO-DEV-06,+25673341057,"Jul 4, 2026 4:15:11 AM","Jul 4, 2026 4:18:53 AM",3.7,1404087,1404,0.413118 32.871885 0.0 4.0,1,43,1,1,1,6,1,1,,1,2,,0,0,99,0,1,4,0,3,1,Kofi,2,0,0,,,,,,,,,
uuid:43c86a02-23aa-4c97-92d7-5333dbb8a7d6,"Jul 7, 2026 11:05:57 PM",ENUM05,SCTO-DEV-05,+25674744854,"Jul 7, 2026 9:21:27 PM","Jul 7, 2026 9:48:57 PM",27.5,1204108,1204,0.207883 32.725096 0.0 4.0,1,65,1,0,2,8,2,-999,,,,,,,,,0,0,0,2,3,Thabo,38,0,0,Jelani,35,0,1,,,,,
uuid:f3c20224-3d1a-4925-b4e8-61523217d569,"Jul 10, 2026 1:54:49 PM",ENUM03,SCTO-DEV-03,+25675614226,"Jul 10, 2026 12:28:43 PM","Jul 10, 2026 12:47:49 PM",19.1,1401073,1401,0.410685 32.449583 0.0 6.0,1,81,1,1,0,6,1,2,,1,2,,1,1,6,0,5,0,0,3,2,Sekai,60,0,0,,,,,,,,,
uuid:f023657a-c854-4e06-b0ca-cf8b04b49f80,"Jul 11, 2026 10:25:01 PM",ENUM05,SCTO-DEV-05,+25674744854,"Jul 11, 2026 9:22:07 PM","Jul 11, 2026 9:41:01 PM",18.9,1203128,1203,0.204511 32.583312 0.0 15.0,1,,2,1,-999,3,1,-999,,,,,,,,,,,0,2,3,Amara,10,0,0,,,,,,,,,
uuid:0c3a2cb2-b1f6-45cd-af1d-9c5351a01ce9,"Jul 7, 2026 5:10:03 PM",ENUM01,SCTO-DEV-01,+25672867825,"Jul 7, 2026 3:51:21 PM","Jul 7, 2026 4:04:03 PM",12.7,1401074,1401,0.427017 32.443320 0.0 12.0,1,20,2,1,3,8,1,3,,0,,,,,,,6,0,1,2,3,Imani,31,0,1,,,,,,,,,
uuid:b32889be-fb7d-4dae-a11d-cdf457b0657c,"Jul 3, 2026 12:06:27 PM",ENUM01,SCTO-DEV-01,+25672867825,"Jul 3, 2026 11:41:39 AM","Jul 3, 2026 12:06:27 PM",24.8,1404104,1404,0.412622 32.879761 0.0 11.0,1,28,1,0,1,2,0,-666,Rain,1,1,,1,0,12,0,3,4,0,2,3,,,,,,,,,,,,,
uuid:d8473108-f196-4580-85cb-2804dacccb8d,"Jul 19, 2026 1:28:10 PM",ENUM02,SCTO-DEV-02,+25671419610,"Jul 19, 2026 12:34:10 PM","Jul 19, 2026 12:49:10 PM",15.0,1302001,1302,0.304493 32.583983 0.0 4.0,1,24,1,0,0,9,1,2,,1,3,,1,1,60,0,6,6,0,2,3,Zainab,29,1,,,,,,,,,,
uuid:b9a1d144-0e25-48c1-8dad-18e268b5ed87,"Jul 16, 2026 2:05:45 AM",ENUM01,SCTO-DEV-01,+25672867825,"Jul 16, 2026 12:39:45 AM","Jul 16, 2026 12:58:45 AM",19.0,1401031,1401,0.420407 32.446339 0.0 7.0,1,56,1,0,1,7,0,1,,0,,,,,,,4,2,0,2,3,,,,,,,,,,,,,
uuid:6257f2b1-286d-4b53-9ee3-4dc8b04ed88c,"Jul 16, 2026 7:11:21 AM",ENUM05,SCTO-DEV-05,+25674744854,"Jul 16, 2026 5:32:27 AM","Jul 16, 2026 5:53:21 AM",20.9,1304083,1304,0.316993 32.878853 0.0 14.0,1,57,2,0,3,6,3,1,,,,,,,,,0,4,0,3,3,Sekai,53,0,0,Femi,1,0,0,Baraka,21,0,0,
uuid:5b414b00-0f71-4f00-905f-411366811a3c,"Jul 1, 2026 8:10:08 PM",ENUM06,SCTO-DEV-06,+25673341057,"Jul 1, 2026 7:25:14 PM","Jul 1, 2026 7:29:14 PM",4.0,1404083,1404,0.424585 32.866201 0.0 8.0,1,27,2,1,2,9,3,1,,1,1,,0,1,6,1,3,4,0,2,3,Adaeze,7,0,1,Zuri,42,0,0,Oluwaseun,57,0,0,
uuid:ec6ae66d-8870-47c0-8028-3041791f136f,"Jul 13, 2026 9:09:57 PM",ENUM07,SCTO-DEV-07,+25672719583,"Jul 13, 2026 7:47:33 PM","Jul 13, 2026 8:14:57 PM",27.4,1403083,1403,0.418999 32.730778 0.0 13.0,1,52,2,1,3,3,1,4,,1,3,,0,1,1,1,0,2,1,3,2,Zainab,16,0,0,,,,,,,,,
uuid:4d0e5cb3-5d38-41e1-85c1-63da334fcfe4,"Jul 3, 2026 2:29:13 PM",ENUM08,SCTO-DEV-08,+25672458591,"Jul 3, 2026 1:49:31 PM","Jul 3, 2026 2:08:13 PM",18.7,1203042,1203,0.208681 32.583229 0.0 8.0,1,65,2,1,0,4,2,2,,0,,,,,,,7,5,0,1,1,Amina,31,1,,Kwame,25,0,0,,,,,
uuid:7a0ce737-c890-44fe-b925-2f7aa73707a6,"Jul 19, 2026 9:20:04 PM",ENUM06,SCTO-DEV-06,+25673341057,"Jul 19, 2026 7:51:10 PM","Jul 19, 2026 7:55:04 PM",3.9,1304081,1304,0.319233 32.876322 0.0 8.0,1,76,2,1,0,3,1,1,,1,3,,1,0,18,1,1,7,0,2,3,Oluwaseun,60,0,0,,,,,,,,,
uuid:35042492-d4e9-46d8-bd88-31e8c7fcc48c,"Jul 13, 2026 12:54:53 PM",ENUM07,SCTO-DEV-07,+25672719583,"Jul 13, 2026 12:12:53 PM","Jul 13, 2026 12:33:53 PM",21.0,1203009,1203,0.191306 32.580914 0.0 8.0,1,77,2,0,1,7,3,2,,0,,,,,,,0,7,0,3,3,Naledi,13,0,0,Chidi,7,0,0,Kofi,24,0,0,
uuid:f1e11ae3-f420-4025-bc17-dcf4c227d5eb,"Jul 13, 2026 6:04:07 PM",ENUM04,SCTO-DEV-04,+25675108603,"Jul 13, 2026 4:29:25 PM","Jul 13, 2026 4:53:07 PM",23.7,1301005,1301,0.311610 32.451505 0.0 11.0,1,66,2,0,1,7,3,2,,1,3,,1,0,99,1,1,3,1,2,2,Sekai,46,0,0,Kwame,2,0,1,Nia,41,1,,
uuid:91b633c9-23cb-4f7a-8788-c0b2b8f40504,"Jul 4, 2026 4:20:14 PM",ENUM06,SCTO-DEV-06,+25673341057,"Jul 4, 2026 3:35:14 PM","Jul 4, 2026 3:39:32 PM",4.3,1401069,1401,0.418923 32.449194 0.0 8.0,1,22,1,0,3,9,1,2,,1,3,,1,0,18,0,0,3,0,3,3,Thabo,49,0,0,,,,,,,,,
uuid:9fee0b4c-7030-4910-9532-cc99dc8dfbf6,"Jul 20, 2026 11:36:24 AM",ENUM06,SCTO-DEV-06,+25673341057,"Jul 20, 2026 10:29:48 AM","Jul 20, 2026 10:33:30 AM",3.7,1404017,1404,0.419066 32.860605 0.0 11.0,1,33,2,0,3,4,1,1,,1,2,,1,0,2,0,4,5,0,2,2,Jelani,15,0,0,,,,,,,,,
uuid:1858b67b-18cc-4ffb-836b-518e29d86186,"Jul 7, 2026 7:22:10 AM",ENUM05,SCTO-DEV-05,+25674744854,"Jul 7, 2026 6:59:16 AM","Jul 7, 2026 7:11:10 AM",11.9,1203122,1203,0.200880 32.583798 0.0 13.0,1,49,1,1,0,3,3,3,,,,,,,,,3,1,1,3,3,Femi,6,0,0,Adaeze,38,0,0,Sekai,45,0,0,
uuid:adafb832-7045-4733-944a-2eabeab4afd2,"Jul 8, 2026 2:17:07 AM",ENUM05,SCTO-DEV-05,+25674744854,"Jul 8, 2026 1:22:49 AM","Jul 8, 2026 1:42:07 AM",19.3,1203072,1203,0.203097 32.594623 0.0 15.0,1,33,1,0,2,5,2,2,,,,,,,,,5,0,0,1,3,Naledi,14,0,1,Sekai,31,0,0,,,,,
uuid:fe24afac-96e3-4408-b718-1b637c9459fa,"Jul 20, 2026 5:14:21 PM",ENUM07,SCTO-DEV-07,+25672719583,"Jul 20, 2026 4:50:03 PM","Jul 20, 2026 5:04:21 PM",14.3,1401075,1401,0.416528 32.449473 0.0 13.0,1,60,2,0,2,4,0,1,,0,,,,,,,4,0,0,1,3,,,,,,,,,,,,,
uuid:ed651f5c-3167-47b2-8881-b36a734699a4,"Jul 6, 2026 6:39:38 PM",ENUM05,SCTO-DEV-05,+25674744854,"Jul 6, 2026 4:47:26 PM","Jul 6, 2026 5:13:38 PM",26.2,1303098,1303,0.312952 32.736698 0.0 13.0,1,25,1,0,0,6,0,2,,,,,,,,,7,4,0,2,3,,,,,,,,,,,,,
uuid:c19c053a-d9fc-42f3-990c-1b215dfdf605,"Jul 18, 2026 6:45:16 PM",ENUM03,SCTO-DEV-03,+25675614226,"Jul 18, 2026 4:53:22 PM","Jul 18, 2026 5:18:16 PM",24.9,1403060,1403,0.422627 32.723683 0.0 15.0,1,64,2,1,3,4,2,2,,0,,,,,,,0,4,0,3,1,Thabo,55,0,1,Tendai,34,1,,,,,,
uuid:a0d254b1-e893-4b23-8590-d92260cc57d8,"Jul 18, 2026 6:01:35 PM",ENUM05,SCTO-DEV-05,+25674744854,"Jul 18, 2026 4:15:17 PM","Jul 18, 2026 4:36:35 PM",21.3,1401028,1401,0.411496 32.457853 0.0 10.0,1,74,2,0,1,5,0,2,,1,1,,1,1,48,0,1,3,1,2,1,,,,,,,,,,,,,
uuid:ce465d88-2816-4e88-9e23-a715b820a850,"Jul 2, 2026 10:41:48 PM",ENUM05,SCTO-DEV-05,+25674744854,"Jul 2, 2026 9:59:12 PM","Jul 2, 2026 10:17:48 PM",18.6,1304040,1304,0.315826 32.865524 0.0 6.0,1,65,1,0,1,5,2,1,,,,,,,,,2,0,1,3,1,Jelani,56,0,0,Aisha,59,0,1,,,,,
uuid:009b2087-da9c-4b85-8815-1026e7529573,"Jul 8, 2026 11:44:06 PM",ENUM05,SCTO-DEV-05,+25674744854,"Jul 8, 2026 10:44:12 PM","Jul 8, 2026 11:10:06 PM",25.9,1404063,1404,0.411222 32.863324 0.0 5.0,1,27,2,1,2,7,0,1,,1,3,,1,0,8,1,6,3,0,1,2,,,,,,,,,,,,,
uuid:7875dab3-b9a3-42ed-8a5d-ea5a900eb88a,"Jul 20, 2026 6:53:52 AM",ENUM02,SCTO-DEV-02,+25671419610,"Jul 20, 2026 5:41:58 AM","Jul 20, 2026 5:53:52 AM",11.9,1404074,1404,0.428266 32.869135 0.0 10.0,1,49,2,0,0,7,0,1,,1,2,,0,0,48,0,4,5,1,3,3,,,,,,,,,,,,,
uuid:8f82613f-cdf3-418b-b345-e03fe1ea071f,"Jul 17, 2026 9:50:26 AM",ENUM03,SCTO-DEV-03,+25675614226,"Jul 17, 2026 9:27:44 AM","Jul 17, 2026 9:44:26 AM",16.7,1204034,1204,0.209407 32.726185 0.0 6.0,1,63,2,0,1,9,0,1,,0,,,,,,,1,0,1,3,3,,,,,,,,,,,,,
uuid:a850f492-aa49-4127-a389-f617ea0dcc7c,"Jul 9, 2026 1:42:37 PM",ENUM07,SCTO-DEV-07,+25672719583,"Jul 9, 2026 12:26:31 PM","Jul 9, 2026 12:51:37 PM",25.1,1202006,1202,0.198320 32.861902 0.0 10.0,1,59,2,0,1,9,0,3,,1,1,,1,0,36,1,7,3,0,2,1,,,,,,,,,,,,,
uuid:009a1d4d-8879-41cc-a060-994eeccd1618,"Jul 16, 2026 11:47:12 PM",ENUM03,SCTO-DEV-03,+25675614226,"Jul 16, 2026 10:19:42 PM","Jul 16, 2026 10:45:12 PM",25.5,1301014,1301,0.315645 32.441107 0.0 5.0,1,59,2,1,3,7,2,4,,1,3,,0,1,48,0,7,3,0,1,1,Imani,31,0,0,Tendai,49,0,0,,,,,
uuid:fe9893ee-3a0e-4adb-b4db-5a4ef70e7f8e,"Jul 15, 2026 9:00:55 AM",ENUM04,SCTO-DEV-04,+25675108603,"Jul 15, 2026 7:38:37 AM","Jul 15, 2026 7:51:55 AM",13.3,1203083,1203,0.207106 32.590068 0.0 7.0,1,22,1,0,0,8,2,3,,0,,,,,,,1,0,1,3,3,Thabo,46,0,0,Kojo,24,0,0,,,,,
uuid:ae8f615d-8ab7-4381-ba32-014104a9dfd6,"Jul 17, 2026 12:41:06 PM",ENUM05,SCTO-DEV-05,+25674744854,"Jul 17, 2026 11:35:00 AM","Jul 17, 2026 12:02:06 PM",27.1,1403114,1403,0.421355 32.737955 0.0 12.0,1,,2,0,-999,2,2,2,,1,3,,1,0,1,1,3,,0,3,2,Amara,43,0,0,Aisha,33,0,0,,,,,
uuid:a6ba35dc-2734-4f20-be60-d808f96c10c3,"Jul 12, 2026 12:08:27 PM",ENUM04,SCTO-DEV-04,+25675108603,"Jul 12, 2026 11:26:15 AM","Jul 12, 2026 11:43:27 AM",17.2,1304034,1304,0.313553 32.874081 0.0 8.0,1,21,1,1,3,8,1,2,,1,2,,0,1,1,0,7,7,0,3,2,Kwame,36,0,1,,,,,,,,,
uuid:e9b4ab4b-b361-423b-af2b-1a74b44bfa3d,"Jul 13, 2026 4:51:17 PM",ENUM05,SCTO-DEV-05,+25674744854,"Jul 13, 2026 3:07:41 PM","Jul 13, 2026 3:28:17 PM",20.6,1203011,1203,0.203429 32.599007 0.0 9.0,1,25,1,0,2,9,2,1,,,,,,,,,7,1,0,2,3,Chidi,31,0,0,Adaeze,6,0,0,,,,,
uuid:b4da48d9-b4a6-4949-9ad8-0de4b44cf94d,"Jul 11, 2026 5:23:59 AM",ENUM04,SCTO-DEV-04,+25675108603,"Jul 11, 2026 5:01:59 AM","Jul 11, 2026 5:13:59 AM",12.0,1304027,1304,0.305529 32.872207 0.0 9.0,1,27,2,1,2,6,1,2,,1,1,,0,0,6,1,0,4,0,2,3,Baraka,3,0,0,,,,,,,,,
uuid:838b5307-2f3c-4fe2-8705-f3aeb91b5ecb,"Jul 2, 2026 6:03:19 PM",ENUM06,SCTO-DEV-06,+25673341057,"Jul 2, 2026 5:12:19 PM","Jul 2, 2026 5:16:19 PM",4.0,1204106,1204,0.204990 32.739571 0.0 13.0,1,57,1,0,2,4,1,2,,1,3,,1,0,24,0,0,2,1,1,3,Oluwaseun,45,0,0,,,,,,,,,
uuid:59ff3f0a-3f55-4eed-856b-d780217a8e44,"Jul 16, 2026 6:40:07 PM",ENUM06,SCTO-DEV-06,+25673341057,"Jul 16, 2026 5:29:01 PM","Jul 16, 2026 5:32:37 PM",3.6,1402079,1402,0.421653 32.583818 0.0 5.0,1,41,2,1,2,5,3,2,,1,3,,0,1,48,1,4,4,0,2,3,Tendai,30,1,,Zainab,49,0,0,Tendai,23,0,0,
uuid:43afcd65-1b3a-431a-b3f8-5be5628490c4,"Jul 4, 2026 12:43:10 PM",ENUM06,SCTO-DEV-06,+25673341057,"Jul 4, 2026 11:10:40 AM","Jul 4, 2026 11:14:34 AM",3.9,1404094,1404,0.410600 32.866635 0.0 10.0,1,63,1,1,3,6,2,1,,1,3,,1,1,24,1,6,2,0,2,3,Aisha,32,1,,Chidi,47,0,1,,,,,
uuid:e51b6db5-9c7a-49ff-8d6c-2ea8f72f1aab,"Jul 3, 2026 1:51:13 PM",ENUM03,SCTO-DEV-03,+25675614226,"Jul 3, 2026 12:27:13 PM","Jul 3, 2026 12:41:13 PM",14.0,1202022,1202,0.206624 32.878636 0.0 7.0,1,29,2,0,2,4,2,1,,1,1,,1,1,60,1,6,3,0,3,3,Thabo,28,0,0,Adaeze,48,0,0,,,,,
uuid:dcdb2a47-ab7c-4de7-a7e0-bc0b888cc9d1,"Jul 4, 2026 11:33:17 PM",ENUM06,SCTO-DEV-06,+25673341057,"Jul 4, 2026 10:02:11 PM","Jul 4, 2026 10:06:29 PM",4.3,1403068,1403,0.419901 32.726298 0.0 10.0,1,67,1,1,3,3,2,3,,1,2,,1,1,60,1,2,7,1,3,2,Zuri,23,0,1,Oluwaseun,12,0,1,,,,,
uuid:a3a2d312-4387-45be-b3d8-eb064fc589f2,"Jul 8, 2026 8:07:56 AM",ENUM07,SCTO-DEV-07,+25672719583,"Jul 8, 2026 7:50:44 AM","Jul 8, 2026 8:05:56 AM",15.2,1204050,1204,0.201421 32.725221 0.0 8.0,1,82,1,1,3,9,0,2,,1,1,,1,0,48,0,3,3,1,2,1,,,,,,,,,,,,,
uuid:33a20a84-5941-428a-8f90-446c2ecfcfb3,"Jul 7, 2026 5:35:13 PM",ENUM03,SCTO-DEV-03,+25675614226,"Jul 7, 2026 4:37:19 PM","Jul 7, 2026 4:49:13 PM",11.9,1402047,1402,0.422796 32.584548 0.0 11.0,1,38,2,1,2,3,0,1,,1,-666,Plastic drum,0,1,18,0,0,1,0,2,1,,,,,,,,,,,,,
uuid:59bc855f-0163-4026-9129-43a59760a837,"Jul 15, 2026 9:08:27 PM",ENUM06,SCTO-DEV-06,+25673341057,"Jul 15, 2026 8:45:27 PM","Jul 15, 2026 8:49:27 PM",4.0,1303090,1303,0.310535 32.732376 0.0 8.0,1,40,1,1,0,4,1,1,,1,1,,1,1,24,0,4,2,0,3,3,Zuri,13,0,0,,,,,,,,,
uuid:6a7e65b1-56b5-4d5c-91cb-16b62670f3c6,"Jul 8, 2026 1:45:01 PM",ENUM08,SCTO-DEV-08,+25672458591,"Jul 8, 2026 1:16:13 PM","Jul 8, 2026 1:44:01 PM",27.8,1404068,1404,0.421461 32.869965 0.0 14.0,0,,,,,,,,,,,,,,,,,,,,,,,,,,,,,,,,,
uuid:4487135f-27a2-418e-ae64-d82313d4fa10,"Jul 15, 2026 6:07:03 AM",ENUM01,SCTO-DEV-01,+25672867825,"Jul 15, 2026 4:37:57 AM","Jul 15, 2026 4:59:03 AM",21.1,1201008,1201,0.200951 32.441703 0.0 7.0,1,63,1,0,1,4,0,2,,1,1,,1,0,1,0,7,7,0,2,3,,,,,,,,,,,,,
uuid:175a48ea-1899-4866-bb6f-6f7990901ce0,"Jul 6, 2026 4:14:55 AM",ENUM03,SCTO-DEV-03,+25675614226,"Jul 6, 2026 2:54:31 AM","Jul 6, 2026 3:08:55 AM",14.4,1302058,1302,0.319880 32.592472 0.0 7.0,1,20,1,1,1,7,1,-666,Rainwater ,1,3,,1,1,8,0,2,5,1,1,2,Oluwaseun,59,0,0,,,,,,,,,
uuid:db4a12b0-658d-4170-bc0b-4143558a58d8,"Jul 11, 2026 6:09:41 AM",ENUM02,SCTO-DEV-02,+25671419610,"Jul 11, 2026 5:47:53 AM","Jul 11, 2026 6:07:41 AM",19.8,1203052,1203,0.202372 32.583398 0.0 9.0,1,66,1,1,0,5,0,1,,1,2,,1,0,60,1,3,0,0,2,2,,,,,,,,,,,,,
uuid:cdae5928-51c5-4e8e-85ad-0e5e9b1b4aa7,"Jul 8, 2026 10:19:04 PM",ENUM04,SCTO-DEV-04,+25675108603,"Jul 8, 2026 9:27:22 PM","Jul 8, 2026 9:53:04 PM",25.7,1204063,1204,0.196152 32.726145 0.0 10.0,1,67,1,1,1,3,1,2,,0,,,,,,,4,5,1,3,2,Amara,25,0,0,,,,,,,,,
uuid:0535d848-315f-439b-823a-4d0f6f08a1ec,"Jul 7, 2026 4:54:29 AM",ENUM05,SCTO-DEV-05,+25674744854,"Jul 7, 2026 3:52:41 AM","Jul 7, 2026 4:16:29 AM",23.8,1203053,1203,0.206505 32.590839 0.0 5.0,1,43,1,1,0,6,0,1,,,,,,,,,0,1,0,2,3,,,,,,,,,,,,,
uuid:3fc0c3a5-1b9e-4b58-ac5a-918a983bbd23,"Jul 13, 2026 8:14:00 AM",ENUM06,SCTO-DEV-06,+25673341057,"Jul 13, 2026 7:48:30 AM","Jul 13, 2026 7:52:24 AM",3.9,1404098,1404,0.428565 32.875744 0.0 9.0,1,68,2,0,3,7,2,2,,1,3,,1,1,2,0,0,2,0,2,3,Imani,60,0,0,Adaeze,58,0,0,,,,,
uuid:d427b857-b1da-44f8-a374-1f352e71ab4d,"Jul 8, 2026 8:13:12 PM",ENUM03,SCTO-DEV-03,+25675614226,"Jul 8, 2026 6:23:54 PM","Jul 8, 2026 6:49:12 PM",25.3,1202103,1202,0.198463 32.870602 0.0 13.0,1,80,2,1,1,2,1,-666,Rainwater ,1,1,,1,0,99,0,3,0,0,2,3,Amara,18,0,1,,,,,,,,,
uuid:89a70ff0-592f-46a7-97f4-ea721a00c5d9,"Jul 18, 2026 12:51:47 PM",ENUM01,SCTO-DEV-01,+25672867825,"Jul 18, 2026 11:01:05 AM","Jul 18, 2026 11:23:47 AM",22.7,1201044,1201,0.201831 32.454083 0.0 5.0,1,46,1,0,2,5,2,2,,1,2,,1,1,60,0,0,1,0,3,2,Kojo,30,0,0,Imani,55,0,0,,,,,
uuid:46c0411b-f346-4655-bdb4-2019e4bf41da,"Jul 16, 2026 1:51:02 AM",ENUM06,SCTO-DEV-06,+25673341057,"Jul 16, 2026 1:21:32 AM","Jul 16, 2026 1:26:08 AM",4.6,1203003,1203,0.195500 32.592662 0.0 12.0,1,60,2,0,3,8,0,3,,0,,,,,,,4,5,0,3,2,,,,,,,,,,,,,
uuid:a5c28039-d3af-45c0-b5e0-5ceca8e5eb5f,"Jul 18, 2026 10:45:50 PM",ENUM04,SCTO-DEV-04,+25675108603,"Jul 18, 2026 9:17:26 PM","Jul 18, 2026 9:33:50 PM",16.4,1202038,1202,0.190284 32.863054 0.0 8.0,1,41,2,0,1,2,1,1,,1,1,,1,1,60,0,0,2,0,2,3,Chidi,9,0,0,,,,,,,,,
uuid:31b755b7-9109-45ff-bf09-f6f8b53cb377,"Jul 12, 2026 11:12:38 PM",ENUM04,SCTO-DEV-04,+25675108603,"Jul 12, 2026 10:16:02 PM","Jul 12, 2026 10:30:38 PM",14.6,1402007,1402,0.416064 32.598180 0.0 7.0,1,43,1,0,1,5,1,1,,1,1,,1,0,8,1,3,3,1,1,2,Nia,58,0,0,,,,,,,,,
uuid:9bb87ab7-971c-46a8-aae9-331d3a74530c,"Jul 14, 2026 7:56:20 PM",ENUM03,SCTO-DEV-03,+25675614226,"Jul 14, 2026 7:22:08 PM","Jul 14, 2026 7:34:20 PM",12.2,1401057,1401,0.419598 32.449504 0.0 4.0,1,55,2,1,2,3,1,1,,1,2,,0,1,12,0,2,6,0,3,2,Tendai,22,0,0,,,,,,,,,
uuid:65b4f402-8a6f-40f8-b824-5f26e809f324,"Jul 3, 2026 3:39:28 PM",ENUM01,SCTO-DEV-01,+25672867825,"Jul 3, 2026 2:45:52 PM","Jul 3, 2026 3:03:28 PM",17.6,1202095,1202,0.199907 32.870489 0.0 14.0,1,70,1,0,2,8,3,1,,0,,,,,,,0,5,0,3,1,Femi,5,0,0,Naledi,49,0,0,Amara,49,0,0,
uuid:a9bc8828-b999-4cfe-8b43-4e961bfbbd17,"Jul 2, 2026 1:43:52 PM",ENUM08,SCTO-DEV-08,+25672458591,"Jul 2, 2026 12:00:16 PM","Jul 2, 2026 12:21:52 PM",21.6,1403080,1403,0.410333 32.722826 0.0 7.0,1,21,1,1,1,7,2,1,,1,3,,1,1,48,0,0,4,0,3,3,Baraka,54,0,0,Tendai,40,0,0,,,,,
uuid:aa73f773-e806-46fa-a139-f75df39135ad,"Jul 13, 2026 5:25:23 AM",ENUM02,SCTO-DEV-02,+25671419610,"Jul 13, 2026 4:28:59 AM","Jul 13, 2026 4:52:23 AM",23.4,1204101,1204,0.200192 32.738877 0.0 8.0,1,82,2,1,2,7,2,1,,1,2,,1,0,2,1,0,0,1,3,2,Imani,27,0,1,Femi,51,0,0,,,,,
uuid:24f2657d-45a2-4aef-ba71-99753d11b6c1,"Jul 18, 2026 4:40:17 PM",ENUM04,SCTO-DEV-04,+25675108603,"Jul 18, 2026 3:55:59 PM","Jul 18, 2026 4:09:17 PM",13.3,1403098,1403,0.414364 32.729224 0.0 4.0,1,82,1,0,0,2,1,4,,1,3,,1,1,4,1,0,0,0,3,2,Thabo,18,0,0,,,,,,,,,
uuid:15f46b8c-7530-4bcc-8ffa-ea0de121f4b4,"Jul 19, 2026 6:04:14 PM",ENUM08,SCTO-DEV-08,+25672458591,"Jul 19, 2026 4:47:56 PM","Jul 19, 2026 5:15:14 PM",27.3,1401044,1401,0.411906 32.459215 0.0 10.0,1,20,1,1,1,2,2,1,,1,3,,1,1,48,0,0,4,1,2,2,Kwame,52,0,1,Adaeze,58,1,,,,,,
uuid:882e2c46-13df-4610-bf5a-25059d8e5522,"Jul 9, 2026 7:53:25 AM",ENUM01,SCTO-DEV-01,+25672867825,"Jul 9, 2026 7:23:01 AM","Jul 9, 2026 7:35:25 AM",12.4,1404014,1404,0.411121 32.875513 0.0 5.0,1,79,1,1,2,8,2,1,,0,,,,,,,0,5,0,2,3,Sekai,47,0,0,Aisha,30,0,0,,,,,
uuid:2116ce3d-b016-494f-bd76-b76e55adc3b1,"Jul 6, 2026 8:29:19 AM",ENUM07,SCTO-DEV-07,+25672719583,"Jul 6, 2026 7:40:07 AM","Jul 6, 2026 7:58:19 AM",18.2,1401048,1401,0.418216 32.454187 0.0 6.0,1,31,2,0,2,2,1,1,,1,3,,1,0,8,0,3,0,1,3,3,Imani,50,0,0,,,,,,,,,
uuid:421ab4cf-e76c-4568-86c3-60e52233a044,"Jul 8, 2026 1:06:04 PM",ENUM08,SCTO-DEV-08,+25672458591,"Jul 8, 2026 11:26:34 AM","Jul 8, 2026 11:38:04 AM",11.5,1303112,1303,0.306612 32.727599 0.0 9.0,1,30,1,1,0,3,2,1,,1,1,,0,0,60,1,1,3,1,2,2,Kofi,50,1,,Naledi,11,1,,,,,,
uuid:470d31a5-c9a6-4c68-b292-2f75cce5bc98,"Jul 18, 2026 2:34:16 AM",ENUM02,SCTO-DEV-02,+25671419610,"Jul 18, 2026 1:59:52 AM","Jul 18, 2026 2:21:16 AM",21.4,1201079,1201,0.195133 32.456089 0.0 12.0,1,49,2,0,2,6,1,4,,1,2,,1,0,99,0,7,3,0,3,1,Imani,21,0,0,,,,,,,,,
uuid:973c15d5-172d-499d-af65-538673d2971c,"Jul 6, 2026 11:35:47 PM",ENUM08,SCTO-DEV-08,+25672458591,"Jul 6, 2026 10:05:41 PM","Jul 6, 2026 10:28:47 PM",23.1,1402017,1402,0.410380 32.591528 0.0 12.0,1,27,2,0,3,3,1,4,,1,3,,1,1,6,0,2,3,0,2,1,Sekai,8,0,0,,,,,,,,,
uuid:71879c7d-463e-43da-b4b6-013a5242676b,"Jul 12, 2026 7:32:25 PM",ENUM05,SCTO-DEV-05,+25674744854,"Jul 12, 2026 5:59:37 PM","Jul 12, 2026 6:15:25 PM",15.8,1202028,1202,0.192015 32.863697 0.0 11.0,1,65,2,0,0,3,2,2,,,,,,,,,0,2,0,2,2,Jelani,23,0,0,Amina,24,1,,,,,,
uuid:9a90a21a-2a24-4921-9b59-eb4a31b38c8e,"Jul 15, 2026 3:04:10 AM",ENUM01,SCTO-DEV-01,+25672867825,"Jul 15, 2026 2:45:52 AM","Jul 15, 2026 2:59:10 AM",13.3,1304053,1304,0.300657 32.861418 0.0 10.0,1,59,1,1,3,6,3,3,,1,3,,1,1,99,0,0,6,1,2,2,Amina,35,0,0,Adaeze,22,0,0,Thabo,49,1,,
uuid:d793f377-ce07-42f7-bc73-e43c01627415,"Jul 19, 2026 2:37:01 PM",ENUM04,SCTO-DEV-04,+25675108603,"Jul 19, 2026 1:45:19 PM","Jul 19, 2026 2:09:01 PM",23.7,1404020,1404,0.416409 32.877959 0.0 12.0,1,73,2,1,0,7,1,2,,1,1,,1,0,36,0,2,2,0,2,1,Zuri,12,0,0,,,,,,,,,
uuid:48a71bb4-f8e1-48fa-a9c4-e68916760a14,"Jul 12, 2026 6:24:36 PM",ENUM01,SCTO-DEV-01,+25672867825,"Jul 12, 2026 5:11:48 PM","Jul 12, 2026 5:26:36 PM",14.8,1303003,1303,0.306993 32.736411 0.0 7.0,1,47,1,1,3,7,1,1,,0,,,,,,,1,3,0,1,3,Amara,7,0,0,,,,,,,,,
uuid:feae26ec-515c-44b7-bc76-fe895885715a,"Jul 20, 2026 8:37:07 AM",ENUM01,SCTO-DEV-01,+25672867825,"Jul 20, 2026 6:48:55 AM","Jul 20, 2026 7:16:07 AM",27.2,1201064,1201,0.193911 32.458808 0.0 8.0,1,41,2,0,1,6,2,2,,1,2,,0,0,1,0,1,6,0,1,2,Kwame,25,0,0,Oluwaseun,57,0,0,,,,,
uuid:964ba022-70a3-43c2-9232-e4c5c3b76cbb,"Jul 19, 2026 11:22:13 PM",ENUM05,SCTO-DEV-05,+25674744854,"Jul 19, 2026 10:55:01 PM","Jul 19, 2026 11:16:13 PM",21.2,1403050,1403,0.419933 32.731604 0.0 12.0,1,55,1,1,3,7,0,2,,1,2,,1,1,24,1,0,5,1,2,2,,,,,,,,,,,,,
uuid:0f5ab08b-3685-4318-a7cb-ae439a121e7f,"Jul 11, 2026 1:14:43 PM",ENUM03,SCTO-DEV-03,+25675614226,"Jul 11, 2026 12:03:43 PM","Jul 11, 2026 12:23:43 PM",20.0,1302052,1302,0.317241 32.599580 0.0 10.0,1,23,2,0,1,5,3,-666,Rainwater ,0,,,,,,,7,3,0,1,3,Baraka,24,0,0,Kwame,25,0,0,Nia,21,1,,
uuid:1555af2e-7aef-4726-9dcb-0a81b5e63075,"Jul 3, 2026 3:02:34 PM",ENUM04,SCTO-DEV-04,+25675108603,"Jul 3, 2026 1:49:40 PM","Jul 3, 2026 2:03:34 PM",13.9,1303087,1303,0.319621 32.727330 0.0 9.0,1,76,1,0,0,8,1,2,,1,3,,1,1,6,0,4,3,0,2,3,Chidi,44,1,,,,,,,,,,
uuid:c2e8fd35-919f-47bc-9e55-4a1b792f827b,"Jul 16, 2026 8:44:30 PM",ENUM03,SCTO-DEV-03,+25675614226,"Jul 16, 2026 8:22:12 PM","Jul 16, 2026 8:38:30 PM",16.3,1402027,1402,0.420686 32.580944 0.0 8.0,1,68,1,0,0,8,2,2,,1,2,,1,0,2,0,0,0,1,2,2,Amina,40,0,1,Femi,13,0,1,,,,,
uuid:c914bf3c-6c19-4767-874d-ee31a0e143c3,"Jul 7, 2026 1:24:41 PM",ENUM07,SCTO-DEV-07,+25672719583,"Jul 7, 2026 12:28:29 PM","Jul 7, 2026 12:48:41 PM",20.2,1203013,1203,0.190494 32.590337 0.0 9.0,1,76,2,1,2,5,1,1,,1,-666,Plastic drum,0,1,60,1,4,5,0,2,3,Kojo,53,0,0,,,,,,,,,
uuid:6e697b07-bcf8-403b-80cb-9f3013056c42,"Jul 4, 2026 10:26:06 PM",ENUM02,SCTO-DEV-02,+25671419610,"Jul 4, 2026 9:14:18 PM","Jul 4, 2026 9:42:06 PM",27.8,1203126,1203,0.201989 32.591347 0.0 9.0,1,59,2,1,2,4,0,3,,1,3,,0,1,99,0,4,4,0,3,2,,,,,,,,,,,,,
uuid:df8ab585-0758-476e-bb4a-7e68eefb620b,"Jul 6, 2026 10:53:58 PM",ENUM01,SCTO-DEV-01,+25672867825,"Jul 6, 2026 10:30:46 PM","Jul 6, 2026 10:51:58 PM",21.2,1203006,1203,0.200529 32.580014 0.0 13.0,1,44,1,0,1,7,0,1,,0,,,,,,,0,0,0,3,3,,,,,,,,,,,,,
uuid:7b255227-3834-4913-b5e1-2c2a71309ca6,"Jul 8, 2026 1:42:04 PM",ENUM04,SCTO-DEV-04,+25675108603,"Jul 8, 2026 1:06:16 PM","Jul 8, 2026 1:29:04 PM",22.8,1303022,1303,0.312612 32.727185 0.0 5.0,1,75,1,1,0,5,0,-666,Rainwater ,1,2,,0,0,24,0,6,2,0,3,3,,,,,,,,,,,,,
uuid:0686745a-8a24-4892-a057-8f74c17e2fe9,"Jul 14, 2026 12:00:47 PM",ENUM06,SCTO-DEV-06,+25673341057,"Jul 14, 2026 11:00:35 AM","Jul 14, 2026 11:04:05 AM",3.5,1302029,1302,0.302268 32.583516 0.0 10.0,1,66,1,1,3,8,1,2,,1,2,,1,0,2,0,6,0,0,2,2,Thabo,47,0,0,,,,,,,,,
uuid:a88edf74-7af9-41d5-bdeb-6eaeb770b48f,"Jul 17, 2026 8:56:03 PM",ENUM05,SCTO-DEV-05,+25674744854,"Jul 17, 2026 8:18:27 PM","Jul 17, 2026 8:34:03 PM",15.6,1404105,1404,0.413849 32.873439 0.0 7.0,1,,2,0,0,2,1,-999,,0,,,,,,,,7,0,2,2,Zainab,30,0,0,,,,,,,,,
uuid:456a93c2-7fed-4c77-a62f-46ebc89fa8bc,"Jul 10, 2026 11:20:36 PM",ENUM03,SCTO-DEV-03,+25675614226,"Jul 10, 2026 10:50:06 PM","Jul 10, 2026 11:11:36 PM",21.5,1401037,1401,0.413972 32.441811 0.0 13.0,1,70,2,1,2,7,1,4,,1,-666,Plastic drum,0,0,8,0,7,1,1,1,3,Naledi,42,0,1,,,,,,,,,
uuid:6191bdeb-e180-4042-aaab-17c7807afbb0,"Jul 8, 2026 10:01:01 PM",ENUM01,SCTO-DEV-01,+25672867825,"Jul 8, 2026 8:41:25 PM","Jul 8, 2026 9:08:01 PM",26.6,1303051,1303,0.301859 32.726665 0.0 15.0,1,25,1,1,0,2,0,2,,1,2,,1,1,48,0,6,0,1,3,1,,,,,,,,,,,,,
uuid:e15f0739-51d5-4dd5-93b3-60e89b7c7e05,"Jul 17, 2026 1:52:19 PM",ENUM06,SCTO-DEV-06,+25673341057,"Jul 17, 2026 12:38:49 PM","Jul 17, 2026 12:43:31 PM",4.7,1303004,1303,0.314484 32.736810 0.0 6.0,1,22,2,1,0,8,0,2,,1,2,,1,1,18,1,7,2,0,2,2,,,,,,,,,,,,,
uuid:ff2c5769-b58c-400d-839a-015763a3af1c,"Jul 7, 2026 11:19:01 AM",ENUM01,SCTO-DEV-01,+25672867825,"Jul 7, 2026 9:39:13 AM","Jul 7, 2026 10:03:01 AM",23.8,1304032,1304,0.305415 32.872623 0.0 9.0,1,80,2,0,2,5,1,2,,1,2,,1,0,4,0,1,7,0,3,3,Adaeze,43,0,0,,,,,,,,,
uuid:318201e9-2d6e-4c2c-aede-59c828822165,"Jul 8, 2026 12:15:45 AM",ENUM02,SCTO-DEV-02,+25671419610,"Jul 7, 2026 10:17:51 PM","Jul 7, 2026 10:45:45 PM",27.9,1404027,1404,0.421479 32.872622 0.0 7.0,1,82,2,0,0,7,0,3,,0,,,,,,,7,0,0,1,2,,,,,,,,,,,,,
uuid:1d801ca4-b233-48d7-aeff-ec0fcec7b8ee,"Jul 3, 2026 3:04:31 PM",ENUM04,SCTO-DEV-04,+25675108603,"Jul 3, 2026 1:56:55 PM","Jul 3, 2026 2:09:31 PM",12.6,1303001,1303,0.307086 32.728222 0.0 15.0,1,25,1,1,3,7,2,1,,1,2,,1,1,24,1,7,2,0,2,3,Kojo,53,1,,Zuri,59,0,0,,,,,
uuid:5252bd0a-6a61-49ed-a251-ddcd50f74837,"Jul 8, 2026 8:49:00 AM",ENUM03,SCTO-DEV-03,+25675614226,"Jul 8, 2026 8:03:06 AM","Jul 8, 2026 8:23:00 AM",19.9,1204033,1204,0.206056 32.739040 0.0 9.0,1,51,2,0,1,7,3,3,,0,,,,,,,0,3,0,3,2,Naledi,30,1,,Amara,19,0,0,Tendai,34,0,1,
uuid:6e231305-62c4-46b9-81b0-f0fc20433edc,"Jul 18, 2026 1:34:12 PM",ENUM06,SCTO-DEV-06,+25673341057,"Jul 18, 2026 12:30:42 PM","Jul 18, 2026 12:34:12 PM",3.5,1301012,1301,0.301736 32.457541 0.0 9.0,1,76,2,1,2,4,0,3,,0,,,,,,,7,2,1,2,2,,,,,,,,,,,,,
uuid:603bcb6a-3c14-45e6-98eb-07cd56b3c03f,"Jul 4, 2026 2:10:32 PM",ENUM08,SCTO-DEV-08,+25672458591,"Jul 4, 2026 1:42:14 PM","Jul 4, 2026 1:58:32 PM",16.3,1202078,1202,0.197835 32.860264 0.0 8.0,1,50,1,1,0,2,1,1,,1,2,,1,1,1,0,7,1,0,2,1,Adaeze,20,0,0,,,,,,,,,
uuid:8c319c2d-d3fa-4250-9051-6e3217a3d082,"Jul 14, 2026 1:05:07 AM",ENUM07,SCTO-DEV-07,+25672719583,"Jul 14, 2026 12:13:49 AM","Jul 14, 2026 12:26:07 AM",12.3,1303009,1303,0.314916 32.724431 0.0 6.0,1,28,1,1,2,7,2,3,,0,,,,,,,0,0,1,2,2,Zuri,11,0,0,Sekai,48,0,0,,,,,
uuid:6d8a95cb-1c3a-4fce-8d37-c4b20b1493ac,"Jul 13, 2026 12:56:59 PM",ENUM05,SCTO-DEV-05,+25674744854,"Jul 13, 2026 12:14:23 PM","Jul 13, 2026 12:40:59 PM",26.6,1403078,1403,0.417754 32.725063 0.0 12.0,1,45,1,1,3,9,2,1,,,,,,,,,3,7,0,2,2,Zuri,44,0,1,Nia,40,0,0,,,,,
uuid:1b938ecc-65eb-4e38-aa55-73265bea18fb,"Jul 13, 2026 3:37:57 PM",ENUM03,SCTO-DEV-03,+25675614226,"Jul 13, 2026 2:06:15 PM","Jul 13, 2026 2:31:57 PM",25.7,1203099,1203,0.197807 32.598779 0.0 5.0,1,30,1,1,1,4,0,2,,1,3,,0,1,2,0,5,3,0,3,3,,,,,,,,,,,,,
uuid:9ff71eb3-4e92-44f3-8b81-92362860ec7f,"Jul 9, 2026 3:52:52 AM",ENUM07,SCTO-DEV-07,+25672719583,"Jul 9, 2026 2:51:16 AM","Jul 9, 2026 3:07:52 AM",16.6,1403070,1403,0.427769 32.727041 0.0 6.0,1,51,2,0,2,2,0,1,,1,2,,0,0,4,1,0,0,0,3,3,,,,,,,,,,,,,
uuid:1b6cdcd4-bcd0-416c-b33e-ad0864d00235,"Jul 10, 2026 1:40:51 PM",ENUM08,SCTO-DEV-08,+25672458591,"Jul 10, 2026 1:16:51 PM","Jul 10, 2026 1:34:51 PM",18.0,1204087,1204,0.201355 32.730398 0.0 8.0,1,74,1,1,0,6,0,1,,0,,,,,,,3,0,0,1,2,,,,,,,,,,,,,
uuid:313f7367-3245-493f-bf3e-189bfa31e1d5,"Jul 13, 2026 5:04:10 AM",ENUM02,SCTO-DEV-02,+25671419610,"Jul 13, 2026 3:55:34 AM","Jul 13, 2026 4:19:10 AM",23.6,1202034,1202,0.204994 32.866338 0.0 7.0,1,45,1,0,3,6,1,4,,1,2,,1,0,2,0,7,6,0,1,3,Zuri,41,0,0,,,,,,,,,
uuid:6a61eb2d-c4fd-4710-8ca6-04be50f10c78,"Jul 20, 2026 12:32:51 PM",ENUM01,SCTO-DEV-01,+25672867825,"Jul 20, 2026 11:30:57 AM","Jul 20, 2026 11:52:51 AM",21.9,1404048,1404,0.423631 32.860013 0.0 14.0,1,42,1,0,0,6,3,2,,0,,,,,,,5,2,0,3,2,Kofi,1,0,0,Kojo,11,0,0,Oluwaseun,17,0,0,
uuid:14f0674e-068d-414f-b02c-fe85f3ebdc62,"Jul 7, 2026 9:31:44 AM",ENUM01,SCTO-DEV-01,+25672867825,"Jul 7, 2026 7:54:02 AM","Jul 7, 2026 8:14:44 AM",20.7,1304073,1304,0.317472 32.868439 0.0 9.0,1,45,2,1,3,8,1,1,,1,2,,1,1,48,0,1,0,0,2,1,Kwame,47,0,0,,,,,,,,,
uuid:1470eae1-5019-4333-be76-853ee6a386a9,"Jul 5, 2026 12:39:53 PM",ENUM02,SCTO-DEV-02,+25671419610,"Jul 5, 2026 11:57:17 AM","Jul 5, 2026 12:15:53 PM",18.6,1404101,1404,0.424513 32.869860 0.0 8.0,1,37,2,1,1,4,3,4,,1,1,,1,0,18,0,7,3,1,2,1,Amara,49,1,1,Imani,46,0,0,Oluwaseun,6,1,,
uuid:2d472b9e-274a-42ff-a787-f3794abff1fb,"Jul 15, 2026 3:21:36 PM",ENUM08,SCTO-DEV-08,+25672458591,"Jul 15, 2026 2:29:36 PM","Jul 15, 2026 2:54:36 PM",25.0,1304066,1304,0.301271 32.877497 0.0 4.0,1,56,1,0,2,5,1,2,,1,2,,1,1,12,0,0,5,0,1,3,Aisha,37,1,,,,,,,,,,
uuid:f4a4cbe3-b9c1-4880-a99c-00cfeb9f5306,"Jul 5, 2026 7:48:32 PM",ENUM08,SCTO-DEV-08,+25672458591,"Jul 5, 2026 6:12:56 PM","Jul 5, 2026 6:39:32 PM",26.6,1404005,1404,0.429806 32.879145 0.0 12.0,1,23,1,1,0,8,0,2,,1,1,,1,1,1,0,4,4,0,2,3,,,,,,,,,,,,,
uuid:2786e869-c1e3-4ac1-b904-b691f267a5c7,"Jul 15, 2026 10:14:58 PM",ENUM06,SCTO-DEV-06,+25673341057,"Jul 15, 2026 8:32:40 PM","Jul 15, 2026 8:35:58 PM",3.3,1301088,1301,0.313750 32.454022 0.0 5.0,1,21,2,1,3,2,2,1,,1,1,,1,1,6,0,0,0,0,2,1,Kojo,49,1,,Imani,47,0,0,,,,,
uuid:0ed356fb-e462-49b3-939f-7627592771d7,"Jul 8, 2026 12:48:24 PM",ENUM08,SCTO-DEV-08,+25672458591,"Jul 8, 2026 11:14:30 AM","Jul 8, 2026 11:39:24 AM",24.9,1204014,1204,0.197342 32.720014 0.0 14.0,1,67,1,1,2,5,1,1,,0,1,,,,6,,6,0,0,2,3,Kwame,20,0,0,,,,,,,,,
uuid:7c13907e-0e5e-427d-91b4-36c1ee031918,"Jul 3, 2026 8:39:05 AM",ENUM02,SCTO-DEV-02,+25671419610,"Jul 3, 2026 7:20:17 AM","Jul 3, 2026 7:45:05 AM",24.8,1402040,1402,0.429708 32.580508 0.0 4.0,1,24,1,1,2,7,2,2,,0,,,,,,,0,0,0,1,1,Tendai,51,0,0,Aisha,0,0,0,,,,,
uuid:c5256ec4-1434-4d13-9357-8fab2fdebd9f,"Jul 6, 2026 5:25:57 AM",ENUM06,SCTO-DEV-06,+25673341057,"Jul 6, 2026 5:01:21 AM","Jul 6, 2026 5:05:57 AM",4.6,1204097,1204,0.207981 32.739400 0.0 14.0,1,42,1,0,0,5,1,1,,1,2,,1,1,1,0,2,3,0,3,3,Naledi,34,0,0,,,,,,,,,
uuid:5a73b113-cca5-4f36-8b60-9d11abe8560f,"Jul 6, 2026 6:23:01 AM",ENUM07,SCTO-DEV-07,+25672719583,"Jul 6, 2026 4:44:49 AM","Jul 6, 2026 5:12:01 AM",27.2,1203051,1203,0.206929 32.584016 0.0 12.0,1,23,2,0,0,3,0,3,,1,3,,0,1,48,0,5,2,0,2,2,,,,,,,,,,,,,
uuid:20983b52-6dce-44d6-a14b-ec1682e810d5,"Jul 3, 2026 9:26:48 AM",ENUM02,SCTO-DEV-02,+25671419610,"Jul 3, 2026 8:59:42 AM","Jul 3, 2026 9:13:48 AM",14.1,1304025,1304,0.318349 32.878450 0.0 10.0,1,44,2,0,0,4,6,2,,1,3,,1,1,36,1,2,4,1,3,2,Femi,3,0,0,,,,,,,,,
uuid:78a0a993-7a75-4c4d-9455-357ef1be79a7,"Jul 17, 2026 10:12:30 PM",ENUM04,SCTO-DEV-04,+25675108603,"Jul 17, 2026 9:49:00 PM","Jul 17, 2026 10:05:30 PM",16.5,1403001,1403,0.414581 32.720642 0.0 9.0,1,70,2,1,1,7,0,2,,0,,,,,,,4,0,1,2,2,,,,,,,,,,,,,
uuid:c60c5756-e069-4711-97a9-6e6e6874ce5e,"Jul 2, 2026 1:07:16 PM",ENUM04,SCTO-DEV-04,+25675108603,"Jul 2, 2026 12:24:10 PM","Jul 2, 2026 12:38:16 PM",14.1,1403089,1403,0.418462 32.722029 0.0 6.0,1,38,2,0,2,2,2,2,,1,3,,1,1,12,1,7,2,1,1,3,Amara,31,0,0,Oluwaseun,20,0,0,,,,,
uuid:07e0c95c-5e70-4f89-a123-a473b88d120b,"Jul 14, 2026 6:41:32 PM",ENUM08,SCTO-DEV-08,+25672458591,"Jul 14, 2026 5:24:20 PM","Jul 14, 2026 5:40:32 PM",16.2,1303120,1303,0.311421 32.736546 0.0 14.0,1,71,1,1,3,5,0,1,,1,,,,,,,1,3,1,3,3,,,,,,,,,,,,,
uuid:56850972-3c40-4ea1-9f9e-f79b2483956f,"Jul 14, 2026 6:17:05 PM",ENUM05,SCTO-DEV-05,+25674744854,"Jul 14, 2026 5:49:17 PM","Jul 14, 2026 6:16:05 PM",26.8,1404029,1404,0.429243 32.868480 0.0 12.0,1,36,2,0,0,8,0,1,,,,,,,,,0,2,0,3,1,,,,,,,,,,,,,
uuid:8c3d43e3-3995-44b4-a190-677720b8d440,"Jul 14, 2026 10:30:36 PM",ENUM06,SCTO-DEV-06,+25673341057,"Jul 14, 2026 9:19:48 PM","Jul 14, 2026 9:23:30 PM",3.7,1203101,1203,0.208450 32.599028 0.0 13.0,1,35,2,0,1,9,0,3,,1,3,,0,0,18,1,6,3,0,3,3,,,,,,,,,,,,,
uuid:8fe9faed-c06f-40ed-9597-0eae4ab0b71b,"Jul 20, 2026 7:30:22 AM",ENUM01,SCTO-DEV-01,+25672867825,"Jul 20, 2026 5:54:10 AM","Jul 20, 2026 6:17:22 AM",23.2,1301085,1301,0.301701 32.453659 0.0 9.0,1,23,1,1,1,8,2,3,,0,,,,,,,5,7,1,1,2,Kojo,17,0,0,Thabo,52,0,1,,,,,
uuid:cd7257b5-12a8-48b7-8b0c-d2cd59cb2d2c,"Jul 14, 2026 1:44:23 PM",ENUM01,SCTO-DEV-01,+25672867825,"Jul 14, 2026 1:04:59 PM","Jul 14, 2026 1:19:23 PM",14.4,1302024,1302,0.313502 32.585000 0.0 15.0,1,54,1,1,2,2,2,1,,1,-666,Plastic drum,0,0,60,1,4,7,0,1,3,Aisha,30,0,0,Kojo,48,0,0,,,,,
uuid:cb96c61a-fefb-4582-9c2a-0cde24bfd5a4,"Jul 1, 2026 2:49:06 PM",ENUM04,SCTO-DEV-04,+25675108603,"Jul 1, 2026 2:29:36 PM","Jul 1, 2026 2:42:06 PM",12.5,1402064,1402,0.411137 32.580754 0.0 4.0,1,49,1,0,0,2,2,1,,0,,,,,,,7,0,0,1,3,Imani,4,0,0,Jelani,48,0,0,,,,,
uuid:ff3c13e4-6ee8-484e-a3a6-6143cf768628,"Jul 13, 2026 1:41:34 AM",ENUM03,SCTO-DEV-03,+25675614226,"Jul 13, 2026 12:10:46 AM","Jul 13, 2026 12:26:34 AM",15.8,1203131,1203,0.208334 32.595323 0.0 5.0,1,,,,,,1,,,,2,,1,1,36,0,,,,,,Amara,26,0,0,,,,,,,,,
uuid:1af2600c-658d-428e-9e58-0c5cdb2f1bab,"Jul 13, 2026 4:33:42 PM",ENUM07,SCTO-DEV-07,+25672719583,"Jul 13, 2026 3:59:00 PM","Jul 13, 2026 4:23:42 PM",24.7,1404100,1404,0.422904 32.875807 0.0 15.0,1,47,2,1,0,9,3,2,,1,1,,1,1,60,0,1,3,1,3,3,Amina,6,0,0,Nia,15,0,0,Kofi,23,0,0,
uuid:3d4671fa-2ff2-4ef3-bbd4-0cc6e9b0ac84,"Jul 11, 2026 7:35:19 PM",ENUM06,SCTO-DEV-06,+25673341057,"Jul 11, 2026 7:04:25 PM","Jul 11, 2026 7:07:37 PM",3.2,1304094,1304,0.309618 32.872730 0.0 15.0,1,34,1,1,1,8,3,4,,1,1,,1,1,48,0,3,1,0,2,1,Baraka,31,0,0,Amara,21,0,0,Amara,31,0,0,
uuid:f91ea3a4-d3a5-477f-94d4-6fce124647d1,"Jul 6, 2026 1:43:46 PM",ENUM06,SCTO-DEV-06,+25673341057,"Jul 6, 2026 1:09:52 PM","Jul 6, 2026 1:14:16 PM",4.4,1303114,1303,0.307224 32.727129 0.0 7.0,1,33,1,0,1,2,1,2,,1,2,,1,0,12,1,4,6,0,1,1,Tendai,8,0,0,,,,,,,,,
uuid:b42b149c-76af-4faa-a1af-2447526f66ef,"Jul 5, 2026 10:48:19 AM",ENUM06,SCTO-DEV-06,+25673341057,"Jul 5, 2026 10:06:13 AM","Jul 5, 2026 10:10:13 AM",4.0,1203031,1203,0.190282 32.590517 0.0 11.0,1,82,1,1,1,5,3,3,,1,3,,1,1,6,0,7,1,0,2,2,Naledi,1,0,0,Jelani,28,0,0,Sekai,5,1,,
uuid:826c18d1-dbf4-4ec3-8bb4-8590d935b58c,"Jul 9, 2026 3:21:19 AM",ENUM04,SCTO-DEV-04,+25675108603,"Jul 9, 2026 3:00:01 AM","Jul 9, 2026 3:13:19 AM",13.3,1304030,1304,0.317889 32.864140 0.0 11.0,1,77,1,0,1,4,3,2,,1,2,,1,0,4,1,5,0,0,2,2,Zainab,30,0,1,Adaeze,16,0,0,Jelani,41,0,0,
uuid:e73068bd-35b7-4f72-b239-cdb78dd2fa29,"Jul 2, 2026 7:14:24 AM",ENUM02,SCTO-DEV-02,+25671419610,"Jul 2, 2026 5:45:18 AM","Jul 2, 2026 6:11:24 AM",26.1,1304028,1304,0.303414 32.876063 0.0 11.0,1,36,2,0,0,6,0,-666,Rainwater ,0,,,,,,,6,1,1,1,2,,,,,,,,,,,,,
uuid:6963c5ec-9837-4e76-8f49-e8bb7792a0a5,"Jul 6, 2026 6:56:52 PM",ENUM07,SCTO-DEV-07,+25672719583,"Jul 6, 2026 5:47:22 PM","Jul 6, 2026 6:03:52 PM",16.5,1403012,1403,0.428317 32.726399 0.0 5.0,1,66,1,1,1,5,2,-666,Rainwater,0,,,,,,,0,3,1,1,3,Kojo,29,1,,Aisha,18,0,0,,,,,
uuid:8bafd8d5-2db6-4083-8991-acf9383153e1,"Jul 19, 2026 10:33:50 PM",ENUM04,SCTO-DEV-04,+25675108603,"Jul 19, 2026 9:55:50 PM","Jul 19, 2026 10:10:50 PM",15.0,1402091,1402,0.418961 32.593485 0.0 9.0,1,51,1,0,1,7,2,4,,1,-666,Plastic drum,1,0,2,0,0,3,1,3,1,Oluwaseun,43,0,0,Baraka,43,0,0,,,,,
uuid:44df8285-3143-425a-897b-5ee49bc694e8,"Jul 6, 2026 9:14:08 AM",ENUM01,SCTO-DEV-01,+25672867825,"Jul 6, 2026 7:58:32 AM","Jul 6, 2026 8:11:08 AM",12.6,1204082,1204,0.203853 32.736346 0.0 10.0,1,73,2,1,1,6,1,1,,0,,,,,,,3,0,0,2,3,Kofi,51,1,,,,,,,,,,
uuid:5cfbea18-d164-426b-bd40-9c2cb1ab3a9f,"Jul 16, 2026 10:25:46 AM",ENUM04,SCTO-DEV-04,+25675108603,"Jul 16, 2026 9:11:10 AM","Jul 16, 2026 9:24:46 AM",13.6,1302084,1302,0.313177 32.587760 0.0 11.0,1,30,2,1,1,6,1,3,,0,,,,,,,2,4,0,3,3,Oluwaseun,35,0,0,,,,,,,,,
uuid:37a76f23-4f4b-4704-84c6-95a955bfaf37,"Jul 9, 2026 12:01:02 AM",ENUM01,SCTO-DEV-01,+25672867825,"Jul 8, 2026 10:54:50 PM","Jul 8, 2026 11:14:02 PM",19.2,1202100,1202,0.203998 32.863870 0.0 15.0,1,25,1,0,0,8,2,1,,1,2,,1,1,24,1,7,1,1,1,3,Jelani,10,0,0,Baraka,55,0,0,,,,,
uuid:e0a051fd-eea1-4f57-961f-629aeac16072,"Jul 18, 2026 1:51:20 AM",ENUM07,SCTO-DEV-07,+25672719583,"Jul 18, 2026 12:14:08 AM","Jul 18, 2026 12:36:20 AM",22.2,1302078,1302,0.317818 32.587351 0.0 14.0,1,42,1,1,0,3,1,1,,1,1,,0,1,18,0,0,7,0,1,2,Zainab,1,0,0,,,,,,,,,
uuid:1aa7696b-fe8b-41a7-a033-051a97db0c2e,"Jul 4, 2026 11:54:50 AM",ENUM08,SCTO-DEV-08,+25672458591,"Jul 4, 2026 10:22:20 AM","Jul 4, 2026 10:49:50 AM",27.5,1304019,1304,0.317265 32.862361 0.0 7.0,1,77,2,1,1,7,3,1,,0,,,,,,,0,2,1,2,3,Kwame,23,0,0,Naledi,9,0,0,Kwame,56,0,0,
uuid:5373051b-4b86-4ea7-bfaa-4a75793ff8ef,"Jul 6, 2026 11:55:30 AM",ENUM03,SCTO-DEV-03,+25675614226,"Jul 6, 2026 10:07:48 AM","Jul 6, 2026 10:33:30 AM",25.7,1404025,1404,0.415659 32.875963 0.0 15.0,1,28,2,1,3,6,0,-666,Rainwater ,0,,,,,,,0,6,1,2,3,,,,,,,,,,,,,
uuid:5b6a35d0-10c2-4c84-9636-93f43c0394ec,"Jul 12, 2026 3:52:05 PM",ENUM01,SCTO-DEV-01,+25672867825,"Jul 12, 2026 2:47:35 PM","Jul 12, 2026 3:14:05 PM",26.5,1303078,1303,0.305833 32.727686 0.0 11.0,1,51,2,1,0,7,2,2,,1,3,,0,1,99,0,7,0,1,3,3,Chidi,57,0,0,Tendai,25,0,1,,,,,
uuid:522d3989-4ca1-4a5e-a34e-fc17d61c11db,"Jul 12, 2026 1:15:17 PM",ENUM02,SCTO-DEV-02,+25671419610,"Jul 12, 2026 11:20:41 AM","Jul 12, 2026 11:47:17 AM",26.6,1303063,1303,0.302213 32.739399 0.0 10.0,1,50,2,0,3,4,2,1,,0,,,,,,,5,5,0,2,1,Kojo,24,0,0,Oluwaseun,36,0,1,,,,,
uuid:715361d1-85b0-40eb-9fa7-0502872d1ec3,"Jul 9, 2026 10:46:36 PM",ENUM02,SCTO-DEV-02,+25671419610,"Jul 9, 2026 9:10:12 PM","Jul 9, 2026 9:30:36 PM",20.4,1201006,1201,0.201961 32.446489 0.0 10.0,1,20,2,0,3,3,2,2,,0,,,,,,,0,3,0,3,3,Imani,31,0,0,Imani,26,0,0,,,,,
uuid:7ea6983c-d9f3-4166-949d-b23eb2f1b153,"Jul 11, 2026 2:56:42 AM",ENUM02,SCTO-DEV-02,+25671419610,"Jul 11, 2026 1:56:54 AM","Jul 11, 2026 2:16:42 AM",19.8,1201063,1201,0.197629 32.448948 0.0 11.0,1,76,2,1,0,2,0,2,,0,,,,,,,0,6,0,2,2,,,,,,,,,,,,,
uuid:684349f5-ef24-46ee-a355-cad44641bd29,"Jul 10, 2026 6:38:41 PM",ENUM01,SCTO-DEV-01,+25672867825,"Jul 10, 2026 5:31:59 PM","Jul 10, 2026 5:52:41 PM",20.7,1404042,1404,0.417619 32.869819 0.0 15.0,1,76,2,1,3,6,1,1,,0,,,,,,,0,0,1,2,2,Zainab,51,0,1,,,,,,,,,
uuid:9f5cdda0-1471-4991-8c6e-2378292e01a5,"Jul 18, 2026 4:32:20 PM",ENUM03,SCTO-DEV-03,+25675614226,"Jul 18, 2026 3:46:50 PM","Jul 18, 2026 4:05:20 PM",18.5,1202104,1202,0.202158 32.875395 0.0 13.0,1,42,1,0,0,2,0,1,,1,3,,1,1,60,0,7,4,0,1,2,,,,,,,,,,,,,
uuid:22e8a6e0-d1e1-4337-adcd-b9ac1977428b,"Jul 11, 2026 12:15:07 AM",ENUM03,SCTO-DEV-03,+25675614226,"Jul 10, 2026 11:49:25 PM","Jul 11, 2026 12:13:07 AM",23.7,1203111,1203,0.205654 32.586834 0.0 15.0,1,53,2,0,2,4,2,2,,1,2,,1,0,6,0,0,1,1,3,2,Imani,40,0,0,Nia,54,0,0,,,,,
uuid:62e7a294-6c3a-426e-b76f-8a2d5c2ffee0,"Jul 10, 2026 10:18:56 AM",ENUM02,SCTO-DEV-02,+25671419610,"Jul 10, 2026 9:24:08 AM","Jul 10, 2026 9:38:56 AM",14.8,1303010,1303,0.318617 32.736784 0.0 14.0,1,61,1,1,0,6,3,2,,0,,,,,,,5,10,0,1,3,Aisha,53,0,0,Jelani,33,0,0,Baraka,19,0,0,
uuid:f448bd57-b0ea-4467-8247-4560213d65ee,"Jul 3, 2026 1:12:07 PM",ENUM04,SCTO-DEV-04,+25675108603,"Jul 3, 2026 11:58:25 AM","Jul 3, 2026 12:24:07 PM",25.7,1402019,1402,0.418146 32.586129 0.0 14.0,1,48,1,0,3,9,0,1,,1,1,,1,0,99,0,1,0,1,3,2,,,,,,,,,,,,,
uuid:dca9f089-0e20-41e3-8b72-1e490dc32e2d,"Jul 20, 2026 12:24:53 PM",ENUM04,SCTO-DEV-04,+25675108603,"Jul 20, 2026 10:47:29 AM","Jul 20, 2026 11:04:53 AM",17.4,1404095,1404,0.428994 32.861897 0.0 15.0,1,71,2,0,2,7,1,1,,1,1,,1,1,2,1,6,0,0,3,2,Thabo,25,0,0,,,,,,,,,
uuid:06d46151-3299-4c57-9541-546bb91d3b2a,"Jul 18, 2026 10:31:17 PM",ENUM02,SCTO-DEV-02,+25671419610,"Jul 18, 2026 9:04:11 PM","Jul 18, 2026 9:31:17 PM",27.1,1403093,1403,0.426540 32.721164 0.0 7.0,1,47,2,0,3,8,1,1,,0,,,,,,,2,4,1,3,3,Amina,59,1,,,,,,,,,,
uuid:daeae477-86aa-4978-908a-e76909a70c6b,"Jul 18, 2026 3:27:43 AM",ENUM06,SCTO-DEV-06,+25673341057,"Jul 18, 2026 2:42:55 AM","Jul 18, 2026 2:47:25 AM",4.5,1204021,1204,0.204267 32.734169 0.0 15.0,1,51,1,1,0,2,1,1,,0,,,,,,,7,7,0,2,2,Kofi,0,0,0,,,,,,,,,
uuid:03523c93-f431-4500-ae19-d0122e94b3cd,"Jul 17, 2026 12:38:29 PM",ENUM05,SCTO-DEV-05,+25674744854,"Jul 17, 2026 11:29:35 AM","Jul 17, 2026 11:47:29 AM",17.9,1301001,1301,0.313944 32.451088 0.0 7.0,1,72,2,1,2,8,1,1,,,,,,,,,4,3,0,1,2,Zuri,18,0,0,,,,,,,,,
uuid:8bae20e6-9de9-4702-b9c2-5aa5549dfd72,"Jul 17, 2026 8:01:18 AM",ENUM07,SCTO-DEV-07,+25672719583,"Jul 17, 2026 6:32:54 AM","Jul 17, 2026 6:49:18 AM",16.4,1302041,1302,0.317363 32.583679 0.0 6.0,1,51,2,1,3,7,0,4,,1,2,,0,0,99,1,0,0,0,3,2,,,,,,,,,,,,,
uuid:2ae569db-4faa-4d44-8573-c498d7a89416,"Jul 5, 2026 9:36:04 AM",ENUM01,SCTO-DEV-01,+25672867825,"Jul 5, 2026 8:59:34 AM","Jul 5, 2026 9:17:04 AM",17.5,1304092,1304,0.309800 32.876793 0.0 14.0,1,73,2,0,2,7,1,2,,1,2,,0,0,24,0,1,6,0,3,1,Imani,55,0,1,,,,,,,,,
uuid:bcf6aac7-d3d5-4310-9bc5-e17f9ac2c4aa,"Jul 15, 2026 5:44:10 AM",ENUM01,SCTO-DEV-01,+25672867825,"Jul 15, 2026 4:19:10 AM","Jul 15, 2026 4:44:10 AM",25.0,1301033,1301,0.319945 32.452645 0.0 11.0,1,41,2,1,0,7,0,4,,1,3,,0,1,18,0,0,2,0,3,1,,,,,,,,,,,,,
uuid:8ff3e850-dd06-4531-a721-e8b727dcc9d2,"Jul 14, 2026 3:30:48 PM",ENUM01,SCTO-DEV-01,+25672867825,"Jul 14, 2026 2:21:24 PM","Jul 14, 2026 2:38:48 PM",17.4,1202012,1202,0.207643 32.868742 0.0 7.0,1,39,2,0,1,6,0,2,,1,3,,1,0,8,1,5,6,0,1,3,,,,,,,,,,,,,
uuid:9bfee36d-e61c-4ee3-ae0e-594ddc69d3f4,"Jul 12, 2026 1:05:32 PM",ENUM02,SCTO-DEV-02,+25671419610,"Jul 12, 2026 12:12:20 PM","Jul 12, 2026 12:23:32 PM",11.2,1304060,1304,0.315012 32.870582 0.0 8.0,1,61,1,0,1,8,1,4,,1,2,,1,1,99,1,0,3,1,2,2,Zuri,36,0,0,,,,,,,,,
uuid:04c42d80-0eea-4030-826e-384fab48af77,"Jul 20, 2026 4:38:47 AM",ENUM08,SCTO-DEV-08,+25672458591,"Jul 20, 2026 4:14:05 AM","Jul 20, 2026 4:38:47 AM",24.7,1404069,1404,0.410069 32.872763 0.0 10.0,1,71,1,0,0,9,0,1,,1,1,,1,1,12,0,4,0,1,3,3,,,,,,,,,,,,,
uuid:d7d69eb9-f3e2-4f4b-8cb5-3c4713444dca,"Jul 4, 2026 1:17:40 AM",ENUM07,SCTO-DEV-07,+25672719583,"Jul 3, 2026 11:35:52 PM","Jul 3, 2026 11:51:40 PM",15.8,1302005,1302,0.311863 32.590539 0.0 8.0,1,24,1,0,0,2,0,4,,0,,,,,,,5,1,1,2,2,,,,,,,,,,,,,
uuid:64cc106c-0285-4c41-a3db-3c61b3efc727,"Jul 14, 2026 4:40:54 AM",ENUM05,SCTO-DEV-05,+25674744854,"Jul 14, 2026 2:47:00 AM","Jul 14, 2026 3:12:54 AM",25.9,1201080,1201,0.190651 32.444750 0.0 4.0,1,63,2,0,3,5,3,1,,0,,,,,,,2,2,1,1,1,Naledi,17,0,0,Nia,15,0,1,Zuri,34,0,1,
uuid:1883fdc7-0286-4a1e-b12e-ebd6bb9a5441,"Jul 5, 2026 9:34:04 AM",ENUM08,SCTO-DEV-08,+25672458591,"Jul 5, 2026 8:53:52 AM","Jul 5, 2026 9:20:04 AM",26.2,1301022,1301,0.309643 32.450813 0.0 7.0,0,,,,,,,,,,,,,,,,,,,,,,,,,,,,,,,,,
uuid:f26bb411-3e22-41ba-849d-91c1320ca8f6,"Jul 2, 2026 10:59:50 PM",ENUM05,SCTO-DEV-05,+25674744854,"Jul 2, 2026 10:07:20 PM","Jul 2, 2026 10:34:50 PM",27.5,1401045,1401,0.414053 32.444642 0.0 6.0,1,59,2,1,1,7,3,1,,,,,,,,,0,0,0,3,2,Zainab,42,0,0,Kojo,36,0,0,Aisha,13,0,0,
uuid:dae44a5d-b452-4ee1-be27-77c2a9fbe86e,"Jul 12, 2026 10:06:47 AM",ENUM02,SCTO-DEV-02,+25671419610,"Jul 12, 2026 8:54:29 AM","Jul 12, 2026 9:07:47 AM",13.3,1202001,1202,0.203352 32.879758 0.0 13.0,1,59,2,0,3,4,2,2,,1,1,,1,0,36,0,0,2,0,3,3,Kojo,5,0,0,Naledi,45,0,0,,,,,
uuid:3363129a-6342-4aa1-9c86-92de6412b2b4,"Jul 12, 2026 12:50:39 PM",ENUM08,SCTO-DEV-08,+25672458591,"Jul 12, 2026 11:03:51 AM","Jul 12, 2026 11:26:39 AM",22.8,1403025,1403,0.429316 32.732038 0.0 11.0,1,57,2,0,2,3,0,1,,1,1,,0,0,6,0,0,0,0,1,2,,,,,,,,,,,,,
uuid:bc26983e-4299-488e-a1de-bbda30558516,"Jul 20, 2026 3:39:07 PM",ENUM07,SCTO-DEV-07,+25672719583,"Jul 20, 2026 3:04:19 PM","Jul 20, 2026 3:21:07 PM",16.8,1201041,1201,0.194451 32.448894 0.0 11.0,1,35,2,0,2,8,0,2,,1,3,,1,1,60,0,6,6,0,3,1,,,,,,,,,,,,,
uuid:7b04df2a-0319-4a8c-930a-d64428a6e6d6,"Jul 5, 2026 4:09:23 PM",ENUM05,SCTO-DEV-05,+25674744854,"Jul 5, 2026 2:41:41 PM","Jul 5, 2026 2:57:23 PM",15.7,1404036,1404,0.416311 32.864519 0.0 7.0,1,53,1,1,2,6,2,1,,,,,,,,,4,0,0,2,3,Amina,13,0,0,Kwame,13,0,0,,,,,
uuid:6ea39ec6-682b-4b49-a4e1-5b7e2d36e7ff,"Jul 2, 2026 12:21:08 PM",ENUM08,SCTO-DEV-08,+25672458591,"Jul 2, 2026 11:38:08 AM","Jul 2, 2026 12:01:08 PM",23.0,1403085,1403,0.412915 32.720933 0.0 14.0,1,78,2,0,3,4,1,1,,1,1,,1,1,12,1,5,0,0,2,1,Amara,45,0,0,,,,,,,,,
uuid:7380f188-9b3c-456a-831a-c8589f6b124a,"Jul 15, 2026 9:34:38 PM",ENUM07,SCTO-DEV-07,+25672719583,"Jul 15, 2026 8:10:20 PM","Jul 15, 2026 8:23:38 PM",13.3,1301073,1301,0.319707 32.458345 0.0 8.0,1,25,1,1,1,6,2,3,,1,2,,1,1,60,0,6,0,0,3,3,Oluwaseun,50,1,1,Kofi,34,0,0,,,,,
uuid:8076c6d3-9f72-4a9e-b944-d275c24c9bcd,"Jul 5, 2026 2:34:30 AM",ENUM08,SCTO-DEV-08,+25672458591,"Jul 5, 2026 1:39:42 AM","Jul 5, 2026 2:02:30 AM",22.8,1301082,1301,0.318336 32.459986 0.0 6.0,1,65,2,1,3,9,2,2,,1,2,,1,1,99,0,0,1,0,2,3,Adaeze,5,0,0,Zainab,38,0,0,,,,,
uuid:62465b64-1bd4-4919-b73d-18217bcbd73e,"Jul 17, 2026 12:00:16 PM",ENUM01,SCTO-DEV-01,+25672867825,"Jul 17, 2026 11:25:10 AM","Jul 17, 2026 11:42:16 AM",17.1,1402015,1402,0.424319 32.588553 0.0 10.0,1,66,1,0,2,7,1,1,,1,1,,0,0,18,0,0,6,0,2,1,Naledi,53,0,1,,,,,,,,,
uuid:699ee7de-07d3-4228-af49-48e84dcc2318,"Jul 15, 2026 3:30:31 AM",ENUM02,SCTO-DEV-02,+25671419610,"Jul 15, 2026 2:35:01 AM","Jul 15, 2026 2:50:31 AM",15.5,1404038,1404,0.419016 32.874844 0.0 11.0,1,66,2,0,3,7,1,3,,1,1,,1,1,24,0,5,7,0,1,2,Naledi,9,0,0,,,,,,,,,
uuid:f67ea762-ea97-4c52-b024-123e4db04cf3,"Jul 17, 2026 5:00:59 AM",ENUM04,SCTO-DEV-04,+25675108603,"Jul 17, 2026 4:37:35 AM","Jul 17, 2026 4:58:59 AM",21.4,1301034,1301,0.306653 32.453440 0.0 9.0,1,40,2,1,3,8,2,2,,1,3,,1,0,2,1,0,4,0,2,2,Amara,19,0,0,Nia,29,0,0,,,,,
uuid:fb95eb79-ea7b-4849-9343-069d5dcfee41,"Jul 7, 2026 8:56:40 PM",ENUM03,SCTO-DEV-03,+25675614226,"Jul 7, 2026 7:42:58 PM","Jul 7, 2026 8:06:40 PM",23.7,1302027,1302,0.313980 32.580128 0.0 6.0,1,81,1,1,0,8,1,2,,0,,,,,,,0,2,0,3,3,Tendai,28,0,0,,,,,,,,,
uuid:0c26fa55-c426-4b92-a480-30c705787bc7,"Jul 8, 2026 3:19:22 PM",ENUM08,SCTO-DEV-08,+25672458591,"Jul 8, 2026 2:43:58 PM","Jul 8, 2026 3:05:22 PM",21.4,1403072,1403,0.423152 32.727579 0.0 13.0,1,55,1,1,1,3,1,4,,1,1,,0,1,1,0,4,7,1,3,2,Oluwaseun,21,0,0,,,,,,,,,
uuid:010097e4-e65b-4f37-a8ca-7b4425d6a4c8,"Jul 11, 2026 2:58:10 PM",ENUM08,SCTO-DEV-08,+25672458591,"Jul 11, 2026 1:43:04 PM","Jul 11, 2026 2:02:10 PM",19.1,1304097,1304,0.318356 32.877295 0.0 7.0,1,80,2,1,1,5,2,1,,0,,,,,,,0,3,0,3,3,Thabo,14,1,,Oluwaseun,7,0,0,,,,,
uuid:431b8ef0-9625-44f9-8804-61cf2c40e6db,"Jul 2, 2026 9:07:44 AM",ENUM07,SCTO-DEV-07,+25672719583,"Jul 2, 2026 7:31:32 AM","Jul 2, 2026 7:52:44 AM",21.2,1403046,1403,0.426764 32.732854 0.0 5.0,1,31,1,1,2,8,2,3,,1,2,,1,1,36,1,1,6,0,2,1,Aisha,36,0,0,Nia,6,0,0,,,,,
uuid:6a0092ce-d8c4-4470-9073-c117412a7b94,"Jul 1, 2026 2:00:07 PM",ENUM07,SCTO-DEV-07,+25672719583,"Jul 1, 2026 1:15:13 PM","Jul 1, 2026 1:43:07 PM",27.9,1202081,1202,0.192580 32.866445 0.0 6.0,1,48,1,1,2,4,3,2,,1,2,,0,0,18,0,0,7,1,2,1,Femi,14,0,0,Adaeze,39,0,0,Kwame,0,0,0,
uuid:84c47eac-a8c5-41bd-b94f-b56958421ec3,"Jul 3, 2026 9:13:24 PM",ENUM04,SCTO-DEV-04,+25675108603,"Jul 3, 2026 8:25:06 PM","Jul 3, 2026 8:51:24 PM",26.3,1202030,1202,0.204563 32.867682 0.0 10.0,1,27,1,0,0,2,2,1,,0,,,,,,,4,6,0,3,2,Femi,8,0,0,Aisha,12,0,0,,,,,
uuid:48bdaa9a-073f-477f-93e6-1d815450ed08,"Jul 1, 2026 9:39:42 PM",ENUM08,SCTO-DEV-08,+25672458591,"Jul 1, 2026 8:15:06 PM","Jul 1, 2026 8:31:42 PM",16.6,1304009,1304,0.304238 32.870928 0.0 8.0,1,80,1,1,3,2,1,1,,1,3,,1,1,1,1,4,4,0,3,3,Kwame,55,0,0,,,,,,,,,
uuid:74d76950-72ab-411b-b51f-0b53c9937ebe,"Jul 8, 2026 5:54:10 AM",ENUM01,SCTO-DEV-01,+25672867825,"Jul 8, 2026 5:30:52 AM","Jul 8, 2026 5:46:10 AM",15.3,1401067,1401,0.411225 32.441229 0.0 7.0,0,,,,,,,,,,,,,,,,,,,,,,,,,,,,,,,,,
uuid:2eedfaa3-5b38-407a-a7a6-ab07ca92cc62,"Jul 8, 2026 9:52:29 PM",ENUM01,SCTO-DEV-01,+25672867825,"Jul 8, 2026 8:43:41 PM","Jul 8, 2026 9:04:29 PM",20.8,1203002,1203,0.197933 32.594300 0.0 5.0,1,50,1,0,0,2,1,1,,1,2,,1,0,24,1,7,4,0,2,2,Zainab,41,0,0,,,,,,,,,
uuid:daf07992-512d-434d-b0ae-527cd55153d3,"Jul 11, 2026 11:39:05 PM",ENUM08,SCTO-DEV-08,+25672458591,"Jul 11, 2026 10:22:47 PM","Jul 11, 2026 10:49:05 PM",26.3,1203069,1203,0.205283 32.584858 0.0 8.0,1,40,2,1,0,5,3,2,,1,1,,1,1,99,1,12,6,1,2,1,Kofi,16,0,0,Kofi,24,0,0,Baraka,20,0,0,
uuid:6cf2ebd1-ea92-4212-be1a-4f06a2e19112,"Jul 9, 2026 7:55:11 PM",ENUM04,SCTO-DEV-04,+25675108603,"Jul 9, 2026 6:29:53 PM","Jul 9, 2026 6:56:11 PM",26.3,1401055,1401,0.424743 32.454566 0.0 5.0,1,80,2,1,3,9,1,1,,1,3,,1,0,4,1,6,3,1,2,3,Zuri,39,0,0,,,,,,,,,
uuid:76b068dc-8cb7-4083-91a6-169efdd6474e,"Jul 9, 2026 5:50:21 PM",ENUM07,SCTO-DEV-07,+25672719583,"Jul 9, 2026 5:28:03 PM","Jul 9, 2026 5:46:21 PM",18.3,1202051,1202,0.195139 32.866613 0.0 4.0,1,71,1,0,2,5,1,1,,0,,,,,,,7,3,0,1,2,Tendai,56,0,0,,,,,,,,,
uuid:3e5a662f-0c7e-4852-92ee-3302e939d316,"Jul 17, 2026 7:36:27 AM",ENUM04,SCTO-DEV-04,+25675108603,"Jul 17, 2026 6:39:21 AM","Jul 17, 2026 6:53:27 AM",14.1,1203107,1203,0.192798 32.597994 0.0 6.0,1,70,2,1,1,8,3,1,,1,2,,1,1,4,0,1,7,0,3,3,Zainab,17,0,0,Adaeze,49,0,0,Zainab,7,0,0,
uuid:d2cc8ba7-746b-43aa-b9a6-4b1e62067c20,"Jul 2, 2026 8:51:10 PM",ENUM08,SCTO-DEV-08,+25672458591,"Jul 2, 2026 7:35:16 PM","Jul 2, 2026 7:48:10 PM",12.9,1403005,1403,0.421935 32.720329 0.0 12.0,1,49,1,0,3,2,2,1,,1,3,,1,0,2,0,3,5,0,3,1,Kofi,40,0,0,Amara,22,0,0,,,,,
uuid:63bd86ac-e3a4-45ed-b152-614e821b216d,"Jul 9, 2026 8:40:36 PM",ENUM07,SCTO-DEV-07,+25672719583,"Jul 9, 2026 8:25:06 PM","Jul 9, 2026 8:40:36 PM",15.5,1302094,1302,0.319569 32.580587 0.0 13.0,1,34,2,0,0,4,2,1,,1,1,,0,0,12,1,3,7,1,3,3,Kojo,8,0,0,Femi,59,0,0,,,,,
uuid:97994e61-bc46-4ddc-b3cd-c5c888f0f3b9,"Jul 1, 2026 9:54:08 PM",ENUM06,SCTO-DEV-06,+25673341057,"Jul 1, 2026 8:51:08 PM","Jul 1, 2026 8:55:26 PM",4.3,1201065,1201,0.196383 32.441191 0.0 15.0,1,23,1,0,3,9,0,3,,1,1,,1,0,48,0,3,4,0,1,2,,,,,,,,,,,,,
uuid:19a34e47-8f4d-4a11-aacb-8909068580a9,"Jul 19, 2026 12:35:09 PM",ENUM04,SCTO-DEV-04,+25675108603,"Jul 19, 2026 10:57:51 AM","Jul 19, 2026 11:12:09 AM",14.3,1202026,1202,0.190183 32.874519 0.0 13.0,1,32,1,0,3,4,3,1,,0,,,,,,,0,0,0,2,2,Naledi,40,0,0,Tendai,15,0,0,Jelani,11,0,0,
uuid:a70b934a-ae4f-4f60-b58b-b0854cc0a7f2,"Jul 15, 2026 6:08:38 PM",ENUM08,SCTO-DEV-08,+25672458591,"Jul 15, 2026 4:39:20 PM","Jul 15, 2026 5:01:38 PM",22.3,1302020,1302,0.316838 32.588905 0.0 8.0,1,35,2,1,2,5,1,-666,Rainwater ,0,,,,,,,0,2,0,3,1,Kojo,18,0,0,,,,,,,,,
uuid:b2424178-c7ed-410e-a0b0-a3eea7ca3d75,"Jul 17, 2026 9:11:51 AM",ENUM07,SCTO-DEV-07,+25672719583,"Jul 17, 2026 7:36:39 AM","Jul 17, 2026 7:50:51 AM",14.2,1304022,1304,0.319151 32.876252 0.0 4.0,1,65,1,0,3,5,2,1,,1,1,,1,0,24,0,6,7,0,3,3,Naledi,55,0,0,Zainab,2,0,0,,,,,
uuid:4e3479e1-8d44-4d4d-b1b1-efaa5eb58e1f,"Jul 10, 2026 3:00:26 PM",ENUM04,SCTO-DEV-04,+25675108603,"Jul 10, 2026 1:46:08 PM","Jul 10, 2026 1:57:26 PM",11.3,1404033,1404,0.424551 32.879029 0.0 12.0,1,32,2,1,0,8,2,1,,1,1,,1,1,60,0,0,0,0,2,3,Naledi,25,0,0,Amina,48,0,0,,,,,
uuid:cf71992a-9886-478e-8c0e-0d69f855f65c,"Jul 16, 2026 2:23:16 PM",ENUM03,SCTO-DEV-03,+25675614226,"Jul 16, 2026 1:44:40 PM","Jul 16, 2026 2:08:16 PM",23.6,1203040,1203,0.190821 32.599367 0.0 14.0,1,43,1,0,0,3,3,2,,1,2,,0,1,4,1,0,3,1,1,1,Kojo,22,0,0,Tendai,58,0,0,Zainab,59,0,0,
uuid:67bbf93e-5d53-490d-9236-f0989d56c110,"Jul 4, 2026 2:43:59 AM",ENUM07,SCTO-DEV-07,+25672719583,"Jul 4, 2026 1:32:41 AM","Jul 4, 2026 1:55:59 AM",23.3,1402094,1402,0.426180 32.591899 0.0 10.0,1,28,2,0,0,4,2,3,,1,2,,0,0,18,0,2,6,1,3,2,Tendai,6,0,0,Naledi,46,0,1,,,,,
uuid:6d1bdfd7-2ad9-41b5-894e-6b22e2b7510f,"Jul 14, 2026 7:33:24 AM",ENUM08,SCTO-DEV-08,+25672458591,"Jul 14, 2026 6:24:00 AM","Jul 14, 2026 6:50:24 AM",26.4,1201073,1201,0.195847 32.450857 0.0 7.0,1,44,1,0,3,4,3,2,,1,2,,1,1,2,0,1,7,1,3,2,Imani,47,0,0,Tendai,39,0,1,Oluwaseun,2,0,0,
uuid:b118ee2c-f4c9-4197-9a2d-32d5cff3b3b9,"Jul 20, 2026 6:28:43 PM",ENUM03,SCTO-DEV-03,+25675614226,"Jul 20, 2026 4:51:55 PM","Jul 20, 2026 5:17:43 PM",25.8,1303118,1303,0.308392 32.737738 0.0 7.0,1,65,2,1,2,6,1,1,,0,,,,,,,5,6,0,3,1,Naledi,5,1,,,,,,,,,,
uuid:dea34504-2c2e-49a7-abc5-04490d2c4f34,"Jul 10, 2026 8:24:11 PM",ENUM06,SCTO-DEV-06,+25673341057,"Jul 10, 2026 7:50:59 PM","Jul 10, 2026 7:55:41 PM",4.7,1204015,1204,0.204598 32.730414 0.0 14.0,1,48,2,1,1,8,3,4,,1,2,,1,1,36,0,0,0,0,1,1,Adaeze,58,0,1,Amina,58,0,1,Kojo,60,0,0,
uuid:ccdf02b6-4a0f-4d97-bcbd-d51d51f993cf,"Jul 19, 2026 8:16:45 AM",ENUM02,SCTO-DEV-02,+25671419610,"Jul 19, 2026 7:17:27 AM","Jul 19, 2026 7:33:45 AM",16.3,1301091,1301,0.301033 32.459574 0.0 6.0,1,77,2,1,1,8,1,1,,1,2,,1,0,60,0,6,7,1,2,2,Imani,22,0,0,,,,,,,,,
uuid:b07b384e-4d87-4be7-8707-886d2409983a,"Jul 8, 2026 7:18:56 AM",ENUM01,SCTO-DEV-01,+25672867825,"Jul 8, 2026 6:06:38 AM","Jul 8, 2026 6:28:56 AM",22.3,1402050,1402,0.412288 32.580634 0.0 11.0,1,41,1,1,2,8,1,1,,1,1,,1,1,2,0,5,0,0,3,2,Adaeze,4,0,1,,,,,,,,,
uuid:8dd849f6-3c40-45d3-b44b-f359966c2b31,"Jul 2, 2026 12:49:00 AM",ENUM06,SCTO-DEV-06,+25673341057,"Jul 1, 2026 11:19:18 PM","Jul 1, 2026 11:23:12 PM",3.9,1201091,1201,0.196323 32.457457 0.0 15.0,1,30,2,1,2,6,2,3,,0,,,,,,,1,1,0,2,2,Kwame,49,0,0,Imani,50,0,1,,,,,
uuid:3b16ab11-ed6f-43c1-8ad3-ed13960ec799,"Jul 14, 2026 5:59:20 PM",ENUM01,SCTO-DEV-01,+25672867825,"Jul 14, 2026 4:51:08 PM","Jul 14, 2026 5:10:20 PM",19.2,1403038,1403,0.425314 32.733909 0.0 10.0,1,73,1,1,3,3,3,-666,Rainwater ,1,1,,1,1,6,1,0,2,0,1,2,Kofi,51,1,,Baraka,52,1,,Kofi,8,0,0,
uuid:088398ef-449a-418a-8aff-2e344dd94f9a,"Jul 2, 2026 6:19:09 PM",ENUM05,SCTO-DEV-05,+25674744854,"Jul 2, 2026 5:41:27 PM","Jul 2, 2026 6:01:09 PM",19.7,1201097,1201,0.190448 32.455812 0.0 7.0,1,52,2,1,0,9,1,1,,,,,,,,,0,0,0,3,2,Femi,24,1,,,,,,,,,,
uuid:d1f45669-ff20-4bb4-b916-d2e61844cdf2,"Jul 5, 2026 7:38:16 PM",ENUM08,SCTO-DEV-08,+25672458591,"Jul 5, 2026 6:23:22 PM","Jul 5, 2026 6:48:16 PM",24.9,1203103,1203,0.196215 32.581317 0.0 11.0,1,61,2,1,0,3,1,1,,1,1,,0,0,99,1,6,0,0,2,1,Nia,39,0,0,,,,,,,,,
uuid:9c73cd99-5979-46e8-85f0-c75b0a68b152,"Jul 17, 2026 2:30:08 AM",ENUM03,SCTO-DEV-03,+25675614226,"Jul 17, 2026 1:39:02 AM","Jul 17, 2026 1:55:08 AM",16.1,1404006,1404,0.411867 32.867209 0.0 5.0,1,66,1,1,3,6,2,3,,1,1,,1,1,2,1,0,4,1,2,1,Adaeze,44,0,1,Femi,5,0,1,,,,,
uuid:ddc393f8-aba1-4c13-ac29-e784f8867f8f,"Jul 4, 2026 5:10:46 AM",ENUM06,SCTO-DEV-06,+25673341057,"Jul 4, 2026 4:33:58 AM","Jul 4, 2026 4:38:16 AM",4.3,1302104,1302,0.317272 32.581435 0.0 7.0,1,61,2,1,1,4,1,1,,1,,,,,,,7,4,0,2,1,Kwame,35,0,0,,,,,,,,,
uuid:38fda061-45dd-49ec-b044-1b2454f50d74,"Jul 5, 2026 1:26:35 AM",ENUM08,SCTO-DEV-08,+25672458591,"Jul 5, 2026 12:31:23 AM","Jul 5, 2026 12:43:35 AM",12.2,1203049,1203,0.207505 32.598990 0.0 4.0,0,,,,,,,,,,,,,,,,,,,,,,,,,,,,,,,,,
uuid:0532f492-b9a2-444e-a84b-b6ff6ce68ce2,"Jul 10, 2026 4:22:15 PM",ENUM07,SCTO-DEV-07,+25672719583,"Jul 10, 2026 3:14:33 PM","Jul 10, 2026 3:32:15 PM",17.7,1303121,1303,0.313019 32.738770 0.0 8.0,0,80,1,1,1,4,1,3,,1,1,,1,1,60,0,0,0,0,3,1,Baraka,31,0,0,,,,,,,,,
uuid:7bc90577-98ad-473a-8ada-574ccc8b9883,"Jul 15, 2026 8:39:01 PM",ENUM03,SCTO-DEV-03,+25675614226,"Jul 15, 2026 4:28:01 PM","Jul 15, 2026 8:34:01 PM",246.0,1304104,1304,0.306288 32.869557 0.0 11.0,1,45,2,0,3,2,1,3,,1,2,,1,1,60,0,1,5,0,3,3,Baraka,21,0,0,,,,,,,,,
uuid:32358fa9-3526-4219-92c0-85b3d63f2136,"Jul 3, 2026 12:17:39 AM",ENUM06,SCTO-DEV-06,+25673341057,"Jul 2, 2026 11:21:03 PM","Jul 2, 2026 11:25:15 PM",4.2,1204037,1204,0.208569 32.733163 0.0 7.0,1,57,1,0,2,5,3,1,,1,1,,0,1,18,1,6,6,1,3,2,Aisha,13,0,0,Tendai,5,0,0,Amina,46,0,0,
uuid:f73f3e67-6c69-4233-a7f1-737837f56f28,"Jul 13, 2026 9:11:45 PM",ENUM02,SCTO-DEV-02,+25671419610,"Jul 13, 2026 8:15:03 PM","Jul 13, 2026 8:41:45 PM",26.7,1302082,1302,0.313862 32.583556 0.0 14.0,1,79,2,1,3,9,1,4,,1,1,,1,0,12,0,4,3,0,2,1,Oluwaseun,30,1,,,,,,,,,,
uuid:111a2a6b-b394-41b2-97ad-13c640182554,"Jul 7, 2026 7:17:33 AM",ENUM04,SCTO-DEV-04,+25675108603,"Jul 7, 2026 5:55:39 AM","Jul 7, 2026 6:21:33 AM",25.9,1202036,1202,0.202958 32.864319 0.0 4.0,1,56,1,1,3,32,1,2,,1,2,,0,0,60,0,7,2,1,2,3,Imani,27,0,0,,,,,,,,,
uuid:b90b19f6-3c67-4567-82ba-b20bdd300d62,"Jul 14, 2026 7:17:42 AM",ENUM02,SCTO-DEV-02,+25671419610,"Jul 14, 2026 5:39:36 AM","Jul 14, 2026 5:53:42 AM",14.1,1201049,1201,0.208677 32.448115 0.0 8.0,1,76,1,0,1,6,3,2,,1,3,,0,1,8,1,3,0,1,3,2,Adaeze,25,0,0,Kofi,8,0,1,Nia,52,0,0,
uuid:55049aeb-ec8c-4da4-a408-6d35100ba14c,"Jul 18, 2026 11:11:29 AM",ENUM02,SCTO-DEV-02,+25671419610,"Jul 18, 2026 10:44:47 AM","Jul 18, 2026 11:07:29 AM",22.7,1401033,1401,0.418668 32.458647 0.0 12.0,1,59,1,1,0,5,0,1,,0,,,,,,,4,1,1,1,2,,,,,,,,,,,,,
uuid:bd306520-b50f-4ed1-8b5e-575f02ab2e7f,"Jul 20, 2026 2:42:43 PM",ENUM01,SCTO-DEV-01,+25672867825,"Jul 20, 2026 1:25:43 PM","Jul 20, 2026 1:45:43 PM",20.0,1301046,1301,0.315605 32.446852 0.0 7.0,1,80,1,0,0,5,0,1,,0,,,,,,,0,4,0,2,2,,,,,,,,,,,,,
uuid:73cb54a7-3b94-4d82-ade6-747fabd0d363,"Jul 18, 2026 7:10:30 PM",ENUM08,SCTO-DEV-08,+25672458591,"Jul 18, 2026 5:31:00 PM","Jul 18, 2026 5:43:30 PM",12.5,1401082,1401,0.427045 32.441060 0.0 11.0,0,,,,,,,,,,,,,,,,,,,,,,,,,,,,,,,,,
uuid:63bddf7c-2228-47b6-bcb6-dcebc78c337a,"Jul 12, 2026 9:42:54 AM",ENUM07,SCTO-DEV-07,+25672719583,"Jul 12, 2026 9:09:54 AM","Jul 12, 2026 9:36:54 AM",27.0,1204099,1204,0.203489 32.728104 0.0 11.0,1,26,1,0,2,3,0,4,,1,3,,0,0,18,0,0,3,1,1,2,,,,,,,,,,,,,
uuid:c334becf-4766-4583-94d5-080145e4c20f,"Jul 10, 2026 12:13:54 PM",ENUM03,SCTO-DEV-03,+25675614226,"Jul 10, 2026 12:11:06 PM","Jul 10, 2026 12:11:54 PM",0.8,1403117,1403,0.415714 32.722076 0.0 4.0,1,35,2,0,2,2,1,-666,Rainwater ,1,1,,1,1,4,0,4,3,0,2,2,Kofi,52,0,0,,,,,,,,,
uuid:71a6810b-8573-4efd-86a8-61e2f0aeb204,"Jul 3, 2026 12:23:37 PM",ENUM05,SCTO-DEV-05,+25674744854,"Jul 3, 2026 10:49:25 AM","Jul 3, 2026 11:03:37 AM",14.2,1402077,1402,0.418090 32.586009 0.0 4.0,1,68,1,1,1,8,2,2,,,,,,,,,1,0,0,3,1,Jelani,25,0,0,Tendai,10,0,0,,,,,
uuid:f9f70e0c-5f46-4e8f-b432-89fd0d6e010b,"Jul 4, 2026 11:06:50 AM",ENUM07,SCTO-DEV-07,+25672719583,"Jul 4, 2026 9:44:32 AM","Jul 4, 2026 10:05:50 AM",21.3,1302056,1302,0.314471 32.584371 0.0 13.0,1,53,1,1,1,3,3,-666,Rainwater ,0,,,,,,,2,0,1,1,2,Thabo,20,0,0,Oluwaseun,12,0,0,Adaeze,23,0,0,
uuid:e8144b45-7683-4fef-87bb-c76b38214fd2,"Jul 18, 2026 4:52:57 PM",ENUM04,SCTO-DEV-04,+25675108603,"Jul 18, 2026 3:11:39 PM","Jul 18, 2026 3:28:57 PM",17.3,1403032,1403,0.422955 32.730229 0.0 6.0,1,72,1,0,3,8,0,2,,1,1,,1,1,2,0,0,7,0,3,2,,,,,,,,,,,,,
uuid:4bb90a8f-b208-47bb-bc8e-e1240386da0c,"Jul 3, 2026 9:18:20 PM",ENUM02,SCTO-DEV-02,+25671419610,"Jul 3, 2026 7:49:02 PM","Jul 3, 2026 8:01:20 PM",12.3,1301024,1301,0.315576 32.446709 0.0 7.0,1,55,1,1,0,5,1,3,,1,2,,1,1,8,1,3,0,0,2,3,Zuri,60,0,0,,,,,,,,,
uuid:27ecced7-924a-4899-9848-c515e2efb0b8,"Jul 3, 2026 1:27:42 AM",ENUM01,SCTO-DEV-01,+25672867825,"Jul 3, 2026 12:47:42 AM","Jul 3, 2026 1:09:42 AM",22.0,1204018,1204,0.204427 32.729734 0.0 10.0,1,36,1,1,3,9,3,2,,0,,,,,,,4,3,0,1,3,Baraka,11,0,1,Thabo,54,0,0,Imani,26,0,0,
uuid:91447119-df5a-4a28-8fef-adf08bae9d59,"Jul 15, 2026 4:59:18 AM",ENUM08,SCTO-DEV-08,+25672458591,"Jul 15, 2026 4:08:18 AM","Jul 15, 2026 4:34:18 AM",26.0,1203123,1203,0.203003 32.589126 0.0 5.0,1,49,2,0,3,8,3,1,,0,,,,,,,4,0,0,2,2,Kojo,27,0,1,Kojo,59,0,0,Femi,57,1,,
uuid:7162fe45-8e7d-43e0-bec3-45726631d764,"Jul 19, 2026 8:59:48 AM",ENUM02,SCTO-DEV-02,+25671419610,"Jul 19, 2026 7:56:12 AM","Jul 19, 2026 8:08:48 AM",12.6,1403043,1403,0.415646 32.732300 0.0 7.0,1,47,2,1,2,7,2,2,,1,2,,0,1,4,0,1,0,0,1,2,Femi,40,1,,Aisha,11,1,,,,,,
uuid:00e7ae50-1e1c-41ed-8f22-aa0c2b58588b,"Jul 7, 2026 1:03:01 PM",ENUM01,SCTO-DEV-01,+25672867825,"Jul 7, 2026 12:05:13 PM","Jul 7, 2026 12:19:01 PM",13.8,1402074,1402,0.429262 32.598090 0.0 12.0,1,19,2,1,3,8,2,1,,1,1,,1,0,18,0,4,2,0,2,3,Amina,60,0,1,Zuri,58,0,0,,,,,
uuid:f7005403-9473-421d-a90f-1c25411e7928,"Jul 1, 2026 2:12:20 PM",ENUM03,SCTO-DEV-03,+25675614226,"Jul 1, 2026 1:26:26 PM","Jul 1, 2026 1:54:20 PM",27.9,1401041,1401,0.424887 32.451232 0.0 4.0,1,22,1,0,0,9,1,3,,1,2,,1,1,36,0,6,5,0,2,2,Kojo,46,1,1,,,,,,,,,
uuid:3540b273-87af-41b1-816c-c4966395abaa,"Jul 16, 2026 7:16:42 PM",ENUM02,SCTO-DEV-02,+25671419610,"Jul 16, 2026 6:01:00 PM","Jul 16, 2026 6:19:42 PM",18.7,1301010,1301,0.305443 32.452455 0.0 7.0,1,60,1,1,0,2,0,1,,1,3,,1,1,4,1,0,2,0,2,3,,,,,,,,,,,,,
uuid:568d1a3b-9e84-42ed-88c4-0335c1928306,"Jul 17, 2026 10:26:27 PM",ENUM06,SCTO-DEV-06,+25673341057,"Jul 17, 2026 10:11:15 PM","Jul 17, 2026 10:14:33 PM",3.3,1201048,1201,0.195824 32.443966 0.0 6.0,1,71,2,1,2,6,1,1,,1,3,,1,1,24,0,0,3,0,1,3,Femi,48,0,0,,,,,,,,,
uuid:a95ab02d-b418-444f-b4a1-0e75e7585673,"Jul 4, 2026 7:35:52 PM",ENUM08,SCTO-DEV-08,+25672458591,"Jul 4, 2026 6:38:52 PM","Jul 4, 2026 6:57:52 PM",19.0,1204107,1204,0.204808 32.722835 0.0 4.0,1,74,1,0,0,8,3,1,,0,,,,,,,2,4,0,2,2,Kofi,3,0,0,Kwame,26,0,0,Amina,2,0,0,
uuid:8bd5b7a4-e445-4b4d-a177-d1ca32bbb4c1,"Jul 12, 2026 8:54:53 PM",ENUM08,SCTO-DEV-08,+25672458591,"Jul 12, 2026 8:14:17 PM","Jul 12, 2026 8:34:53 PM",20.6,1401021,1401,0.420134 32.447828 0.0 11.0,1,67,2,0,2,2,0,1,,0,,,,,,,1,5,1,1,3,,,,,,,,,,,,,
uuid:bf0d196a-4d09-4db2-8033-bd8d3324cdb7,"Jul 11, 2026 4:30:59 AM",ENUM06,SCTO-DEV-06,+25673341057,"Jul 11, 2026 4:09:59 AM","Jul 11, 2026 4:13:41 AM",3.7,1403095,1403,0.429624 32.728192 0.0 10.0,1,36,1,1,0,9,0,1,,1,2,,0,0,2,0,0,0,0,3,3,,,,,,,,,,,,,
uuid:5cb236f0-c4f5-4ef0-bcf9-a3b9ac26bcfb,"Jul 9, 2026 9:30:04 PM",ENUM02,SCTO-DEV-02,+25671419610,"Jul 9, 2026 8:38:34 PM","Jul 9, 2026 8:59:04 PM",20.5,1301027,1301,0.313190 32.454705 0.0 7.0,1,28,1,0,0,5,0,1,,0,,,,,,,0,0,1,2,2,,,,,,,,,,,,,
uuid:5e82766a-d0e3-45a1-b824-d8524cafe76f,"Jul 6, 2026 12:01:02 AM",ENUM04,SCTO-DEV-04,+25675108603,"Jul 5, 2026 10:16:14 PM","Jul 5, 2026 10:33:02 PM",16.8,1401062,1401,0.418922 32.456007 0.0 11.0,1,49,1,1,1,3,1,1,,1,3,,1,0,1,0,4,3,0,2,2,Zainab,17,0,0,,,,,,,,,
uuid:c53ffbfa-0f0c-4a1c-980c-9c002404cade,"Jul 18, 2026 9:06:19 AM",ENUM07,SCTO-DEV-07,+25672719583,"Jul 18, 2026 7:45:43 AM","Jul 18, 2026 8:01:19 AM",15.6,1202061,1202,0.200936 32.862377 0.0 15.0,1,76,2,1,2,6,3,1,,1,1,,1,1,18,0,2,5,0,2,2,Naledi,23,0,0,Thabo,58,0,0,Chidi,8,0,0,
uuid:7be264fe-a299-40e6-9142-97b18419899a,"Jul 15, 2026 11:41:45 AM",ENUM07,SCTO-DEV-07,+25672719583,"Jul 15, 2026 10:55:57 AM","Jul 15, 2026 11:13:45 AM",17.8,1404001,1404,0.429947 32.862767 0.0 11.0,1,30,1,1,1,4,2,1,,1,2,,0,1,36,0,0,5,0,2,3,Nia,7,0,0,Amara,46,0,0,,,,,
uuid:a2e639c4-699e-46b5-9c2c-7e93220e1976,"Jul 16, 2026 6:46:11 PM",ENUM06,SCTO-DEV-06,+25673341057,"Jul 16, 2026 5:00:47 PM","Jul 16, 2026 5:04:11 PM",3.4,1302023,1302,0.309054 32.584919 0.0 9.0,1,62,1,0,2,2,2,1,,0,,,,,,,4,0,1,3,2,Thabo,48,0,1,Zuri,34,1,,,,,,
uuid:dba9af13-d321-485f-b635-1a2a59049a61,"Jul 13, 2026 8:09:17 PM",ENUM04,SCTO-DEV-04,+25675108603,"Jul 13, 2026 7:35:17 PM","Jul 13, 2026 7:49:17 PM",14.0,1204006,1204,0.196620 32.728527 0.0 11.0,1,48,2,1,1,8,1,3,,0,,,,,,,2,2,1,3,3,Zuri,36,1,,,,,,,,,,
uuid:88e554bc-ed61-40b7-9fb6-6e22377a859b,"Jul 2, 2026 9:53:23 PM",ENUM05,SCTO-DEV-05,+25674744854,"Jul 2, 2026 9:10:59 PM","Jul 2, 2026 9:33:23 PM",22.4,1402093,1402,0.411226 32.597683 0.0 12.0,1,57,1,0,0,9,1,1,,,,,,,,,4,5,1,3,3,Amina,40,0,0,,,,,,,,,
uuid:108adc98-a1b9-4782-bc3b-dae28d38404c,"Jul 2, 2026 1:29:19 PM",ENUM05,SCTO-DEV-05,+25674744854,"Jul 2, 2026 11:57:07 AM","Jul 2, 2026 12:20:19 PM",23.2,1304069,1304,0.318064 32.875780 0.0 9.0,1,57,2,0,1,6,1,1,,1,2,,1,1,18,0,6,0,0,3,3,Kwame,35,0,0,,,,,,,,,
uuid:36a08e3c-62bc-4d0b-98af-56bc16e0f595,"Jul 10, 2026 12:02:19 PM",ENUM04,SCTO-DEV-04,+25675108603,"Jul 10, 2026 11:15:07 AM","Jul 10, 2026 11:38:19 AM",23.2,1202043,1202,0.200566 32.861283 0.0 8.0,1,50,1,1,1,8,2,1,,1,2,,1,0,18,1,0,6,0,3,2,Zainab,27,0,0,Imani,5,0,1,,,,,
uuid:0246acb5-15a2-43ed-aad5-93c8382e3e0a,"Jul 15, 2026 3:33:17 AM",ENUM04,SCTO-DEV-04,+25675108603,"Jul 15, 2026 2:50:59 AM","Jul 15, 2026 3:10:17 AM",19.3,1204027,1204,0.202951 32.720421 0.0 6.0,1,41,2,1,0,4,0,1,,0,,,,,,,7,0,0,2,1,,,,,,,,,,,,,
uuid:33b4d2ca-00d7-43c2-af7b-0ed729d96c78,"Jul 10, 2026 6:31:23 AM",ENUM07,SCTO-DEV-07,+25672719583,"Jul 10, 2026 5:59:53 AM","Jul 10, 2026 6:24:23 AM",24.5,1401017,1401,0.426473 32.445316 0.0 4.0,1,28,2,1,1,3,0,1,,1,1,,1,0,4,0,3,5,0,2,2,,,,,,,,,,,,,
uuid:8cd356ac-dc8e-4352-b9af-27185795ead2,"Jul 12, 2026 11:06:37 AM",ENUM01,SCTO-DEV-01,+25672867825,"Jul 12, 2026 10:35:43 AM","Jul 12, 2026 10:49:37 AM",13.9,1301053,1301,0.305569 32.457290 0.0 6.0,1,39,2,0,0,2,0,2,,0,,,,,,,6,0,0,2,3,,,,,,,,,,,,,
uuid:505bac27-b756-4d7d-9d2f-56d322c8d1a0,"Jul 16, 2026 3:59:44 PM",ENUM05,SCTO-DEV-05,+25674744854,"Jul 16, 2026 2:57:08 PM","Jul 16, 2026 3:14:44 PM",17.6,1303053,1303,0.318923 32.727473 0.0 8.0,1,24,1,0,1,7,1,2,,,,,,,,,1,5,0,2,1,Zainab,32,0,1,,,,,,,,,
uuid:98402e28-47b5-438a-a0db-ebca26501442,"Jul 3, 2026 3:42:46 PM",ENUM03,SCTO-DEV-03,+25675614226,"Jul 3, 2026 1:54:46 PM","Jul 3, 2026 2:13:46 PM",19.0,1303083,1303,0.309640 32.731191 0.0 5.0,1,61,2,0,3,9,2,1,,0,,,,,,,5,0,0,3,3,Sekai,11,0,0,Amina,35,0,0,,,,,
uuid:b9672e7f-ad18-40b3-8744-a4b18a8433e9,"Jul 15, 2026 3:59:53 AM",ENUM06,SCTO-DEV-06,+25673341057,"Jul 15, 2026 2:35:59 AM","Jul 15, 2026 2:40:11 AM",4.2,1202020,1202,0.199254 32.860782 0.0 5.0,1,55,2,0,2,8,2,3,,1,1,,0,0,24,0,4,4,1,2,3,Chidi,17,0,0,Zuri,44,0,0,,,,,
uuid:2c44e5b2-fdae-4e62-9ed9-f96630970c04,"Jul 15, 2026 10:49:03 PM",ENUM06,SCTO-DEV-06,+25673341057,"Jul 15, 2026 9:55:57 PM","Jul 15, 2026 10:00:09 PM",4.2,1302032,1302,0.319962 32.582594 0.0 10.0,1,80,1,1,0,6,3,1,,0,,,,,,,6,6,0,2,3,Oluwaseun,49,0,0,Baraka,33,0,0,Kojo,32,1,,
uuid:48774092-9982-400f-9053-0995296f7aef,"Jul 4, 2026 6:25:56 PM",ENUM01,SCTO-DEV-01,+25672867825,"Jul 4, 2026 5:27:44 PM","Jul 4, 2026 5:50:56 PM",23.2,1203092,1203,0.192816 32.585904 0.0 8.0,1,81,1,1,2,9,2,2,,1,2,,0,0,99,0,7,4,0,2,3,Jelani,27,0,0,Sekai,26,0,0,,,,,
uuid:804fab2c-ff3b-406a-8249-21ed55f58e8b,"Jul 4, 2026 11:24:05 AM",ENUM06,SCTO-DEV-06,+25673341057,"Jul 4, 2026 10:17:29 AM","Jul 4, 2026 10:20:53 AM",3.4,1304102,1304,0.314756 32.861929 0.0 4.0,1,38,1,0,3,6,1,4,,1,3,,0,1,4,0,3,1,0,1,3,Zainab,55,0,0,,,,,,,,,
uuid:26de9afe-1303-4ae1-b431-9544d6183582,"Jul 17, 2026 12:08:16 AM",ENUM02,SCTO-DEV-02,+25671419610,"Jul 16, 2026 10:49:04 PM","Jul 16, 2026 11:08:16 PM",19.2,1303036,1303,0.312117 32.723607 0.0 15.0,1,52,1,0,2,8,0,1,,0,,,,,,,0,4,0,2,3,,,,,,,,,,,,,
uuid:de74f274-a3aa-4466-a374-98c81d3ce7ef,"Jul 8, 2026 8:09:07 AM",ENUM03,SCTO-DEV-03,+25675614226,"Jul 8, 2026 6:54:49 AM","Jul 8, 2026 7:15:07 AM",20.3,1404043,1404,0.427898 32.864725 0.0 7.0,1,28,1,1,2,4,1,3,,1,2,,1,1,4,1,0,6,0,2,3,Zainab,57,1,,,,,,,,,,
uuid:6c689d71-4e82-4a3e-a1c2-e76dcc0973dd,"Jul 2, 2026 3:21:23 AM",ENUM07,SCTO-DEV-07,+25672719583,"Jul 2, 2026 1:34:41 AM","Jul 2, 2026 1:56:23 AM",21.7,1303089,1303,0.315254 32.737234 0.0 4.0,1,52,2,1,0,3,0,1,,1,-666,Plastic drum,1,0,2,1,4,3,0,2,1,,,,,,,,,,,,,
uuid:34258e6a-47a1-4483-a825-b094689d72d9,"Jul 11, 2026 9:27:43 AM",ENUM08,SCTO-DEV-08,+25672458591,"Jul 11, 2026 7:54:13 AM","Jul 11, 2026 8:10:43 AM",16.5,1201051,1201,0.191426 32.449424 0.0 4.0,1,64,1,0,1,4,3,2,,1,2,,1,1,48,0,3,2,1,3,2,Tendai,20,0,0,Imani,45,0,0,Oluwaseun,15,0,1,
uuid:7f1c8baf-5040-4e48-84db-e567df762b23,"Jul 17, 2026 12:18:00 AM",ENUM01,SCTO-DEV-01,+25672867825,"Jul 16, 2026 11:09:18 PM","Jul 16, 2026 11:26:00 PM",16.7,1302077,1302,0.308171 32.594148 0.0 7.0,1,81,2,0,0,4,2,3,,1,1,,1,1,99,0,0,1,0,3,3,Naledi,21,1,,Baraka,34,0,0,,,,,
uuid:9cfec074-a39c-4543-9800-517491b5170e,"Jul 9, 2026 12:11:59 PM",ENUM02,SCTO-DEV-02,+25671419610,"Jul 9, 2026 11:09:17 AM","Jul 9, 2026 11:26:59 AM",17.7,1304074,1304,0.308377 32.874558 0.0 4.0,1,62,1,0,0,3,1,2,,1,3,,1,1,99,1,7,4,0,2,2,Amara,56,0,0,,,,,,,,,
uuid:ca462c38-327e-4c8b-9083-c39723035837,"Jul 17, 2026 10:06:57 AM",ENUM06,SCTO-DEV-06,+25673341057,"Jul 17, 2026 9:12:15 AM","Jul 17, 2026 9:16:45 AM",4.5,1401071,1401,0.418799 32.448687 0.0 10.0,1,59,1,0,0,7,1,3,,1,3,,1,0,6,0,2,3,0,3,2,Amina,11,0,0,,,,,,,,,
uuid:a21ad798-2ba4-4d57-9dd7-9b38441e55de,"Jul 3, 2026 9:25:34 PM",ENUM04,SCTO-DEV-04,+25675108603,"Jul 3, 2026 8:39:34 PM","Jul 3, 2026 8:57:34 PM",18.0,1403120,1403,0.423272 32.720252 0.0 11.0,1,35,1,0,2,7,1,3,,1,1,,1,1,60,0,6,5,0,2,1,Oluwaseun,49,0,1,,,,,,,,,
uuid:858efbc9-5930-47c9-b763-172296a34d2b,"Jul 9, 2026 11:10:09 PM",ENUM08,SCTO-DEV-08,+25672458591,"Jul 9, 2026 9:47:51 PM","Jul 9, 2026 10:04:09 PM",16.3,1404034,1404,0.416339 32.861564 0.0 13.0,1,46,1,0,1,8,1,2,,0,,,,,,,4,3,0,3,3,Oluwaseun,54,0,0,,,,,,,,,
uuid:e4ccc345-7a7d-4dd9-adfa-8785f4988b7b,"Jul 2, 2026 2:09:23 AM",ENUM07,SCTO-DEV-07,+25672719583,"Jul 2, 2026 1:30:53 AM","Jul 2, 2026 1:42:23 AM",11.5,1402001,1402,0.414653 32.592040 0.0 12.0,1,44,2,1,3,6,2,1,,0,,,,,,,4,1,1,1,3,Zuri,24,1,,Oluwaseun,38,0,1,,,,,
uuid:0874f1d4-cd21-4e24-b667-715a63f748d9,"Jul 17, 2026 5:25:45 PM",ENUM06,SCTO-DEV-06,+25673341057,"Jul 17, 2026 3:31:15 PM","Jul 17, 2026 3:35:39 PM",4.4,1202076,1202,0.200544 32.868150 0.0 11.0,1,26,2,1,1,5,1,1,,1,3,,0,0,48,1,0,0,0,1,3,Kwame,39,0,0,,,,,,,,,
uuid:46fe1741-e1a8-46c9-9180-421e20bb5dd1,"Jul 9, 2026 10:56:19 AM",ENUM01,SCTO-DEV-01,+25672867825,"Jul 9, 2026 9:21:43 AM","Jul 9, 2026 9:48:19 AM",26.6,1402092,1402,0.414257 32.593067 0.0 4.0,1,45,1,1,2,3,2,-666,Rainwater ,0,,,,,,,2,4,1,2,2,Kojo,17,0,0,Sekai,55,0,0,,,,,
uuid:f7ec7398-eef7-4671-a4af-a491fb476a72,"Jul 6, 2026 10:31:16 PM",ENUM04,SCTO-DEV-04,+25675108603,"Jul 6, 2026 8:39:04 PM","Jul 6, 2026 9:02:16 PM",23.2,1201077,1201,0.204288 32.441064 0.0 12.0,1,58,1,1,2,2,0,1,,1,1,,0,1,2,0,3,6,1,3,3,,,,,,,,,,,,,
uuid:82faa7c9-6e87-4633-a9a1-264f0e2f8b78,"Jul 17, 2026 2:12:29 PM",ENUM04,SCTO-DEV-04,+25675108603,"Jul 17, 2026 12:58:05 PM","Jul 17, 2026 1:13:29 PM",15.4,1402063,1402,0.428195 32.591957 0.0 12.0,1,45,1,0,2,5,1,4,,1,1,,1,1,2,0,1,7,0,1,1,Femi,54,0,0,,,,,,,,,
uuid:e4386fcb-3cf9-4076-b66b-54aa55e3be29,"Jul 4, 2026 9:05:40 PM",ENUM04,SCTO-DEV-04,+25675108603,"Jul 4, 2026 8:11:34 PM","Jul 4, 2026 8:34:40 PM",23.1,1204007,1204,0.205229 32.733525 0.0 11.0,1,37,2,0,3,9,0,3,,0,,,,,,,2,5,0,1,2,,,,,,,,,,,,,
uuid:d5331cc0-0682-416e-8c89-a63a2d2fed02,"Jul 10, 2026 7:51:48 PM",ENUM02,SCTO-DEV-02,+25671419610,"Jul 10, 2026 6:33:06 PM","Jul 10, 2026 6:55:48 PM",22.7,1403029,1403,0.411048 32.720093 0.0 10.0,0,,,,,,,,,,,,,,,,,,,,,,,,,,,,,,,,,
uuid:63b6d3b7-fb33-48c1-be5e-71e0a51c8d0f,"Jul 5, 2026 12:56:26 PM",ENUM03,SCTO-DEV-03,+25675614226,"Jul 5, 2026 11:30:50 AM","Jul 5, 2026 11:44:26 AM",13.6,1302047,1302,0.318193 32.584282 0.0 10.0,1,40,1,0,2,3,2,1,,1,1,,1,0,99,0,5,6,0,3,1,Imani,26,0,0,Sekai,47,0,0,,,,,
uuid:0bf821f9-d719-4072-a208-217738236768,"Jul 2, 2026 4:40:59 AM",ENUM06,SCTO-DEV-06,+25673341057,"Jul 2, 2026 4:23:29 AM","Jul 2, 2026 4:27:05 AM",3.6,1201011,1201,0.203340 32.456760 0.0 8.0,1,61,1,1,0,8,3,1,,1,3,,1,0,36,1,2,3,0,3,3,Oluwaseun,57,0,1,Adaeze,53,0,0,Naledi,7,0,0,
uuid:408dbb5c-3c29-4219-a07b-f2784753bd3b,"Jul 9, 2026 4:05:28 PM",ENUM03,SCTO-DEV-03,+25675614226,"Jul 9, 2026 3:10:34 PM","Jul 9, 2026 3:25:28 PM",14.9,1203017,1203,0.203060 32.594209 0.0 13.0,1,69,2,0,2,9,1,1,,1,3,,1,0,99,0,0,2,1,1,2,Kofi,1,0,0,,,,,,,,,
uuid:a7482877-8409-4a6c-a362-33a0a9d00297,"Jul 9, 2026 11:05:16 AM",ENUM06,SCTO-DEV-06,+25673341057,"Jul 9, 2026 10:30:34 AM","Jul 9, 2026 10:35:04 AM",4.5,1304052,1304,0.309211 32.869138 0.0 15.0,1,30,1,0,2,8,2,3,,1,3,,0,0,8,1,5,2,1,3,3,Jelani,60,0,0,Zuri,28,1,,,,,,
uuid:fa7f0972-2f84-4520-a0d5-76afd62fe194,"Jul 8, 2026 1:46:58 AM",ENUM06,SCTO-DEV-06,+25673341057,"Jul 8, 2026 1:12:28 AM","Jul 8, 2026 1:17:04 AM",4.6,1301080,1301,0.318857 32.447791 0.0 10.0,1,69,2,0,0,2,2,1,,0,,,,,,,1,0,1,2,2,Kwame,9,0,0,Chidi,33,1,,,,,,
uuid:707a86e6-a6d7-4dd9-8b6e-047d84f001f4,"Jul 10, 2026 10:23:44 AM",ENUM04,SCTO-DEV-04,+25675108603,"Jul 10, 2026 9:24:32 AM","Jul 10, 2026 9:38:44 AM",14.2,1401068,1401,0.422872 32.441339 0.0 9.0,1,73,2,0,1,7,0,-666,Rainwater ,0,,,,,,,3,3,0,3,3,,,,,,,,,,,,,
uuid:d268dc8a-6ed4-4250-8ffc-be279fd19391,"Jul 10, 2026 8:13:36 PM",ENUM02,SCTO-DEV-02,+25671419610,"Jul 10, 2026 7:38:42 PM","Jul 10, 2026 7:50:36 PM",11.9,1404050,1404,0.424366 32.879207 0.0 14.0,1,79,1,1,3,5,0,3,,0,,,,,,,7,4,0,1,1,,,,,,,,,,,,,
uuid:2f7f059d-6a89-4810-9272-1717ef1e43da,"Jul 8, 2026 8:56:46 PM",ENUM01,SCTO-DEV-01,+25672867825,"Jul 8, 2026 7:10:28 PM","Jul 8, 2026 7:32:46 PM",22.3,1402009,1402,0.424813 32.582389 0.0 15.0,1,36,1,1,3,7,1,3,,0,,,,,,,0,0,0,3,1,Amara,21,0,0,,,,,,,,,
uuid:f0e17a8b-b861-41e9-85c4-2497d82b2b1c,"Jul 8, 2026 10:15:59 PM",ENUM05,SCTO-DEV-05,+25674744854,"Jul 8, 2026 9:40:29 PM","Jul 8, 2026 10:07:59 PM",27.5,1202107,1202,0.206353 32.870293 0.0 5.0,1,82,2,0,-999,7,3,1,,,,,,,,,0,2,,-999,-888,Amara,36,0,0,Naledi,20,1,,Imani,21,0,0,
uuid:f50ad71d-58cf-45b2-877c-b94ff0a1d4ce,"Jul 20, 2026 12:19:26 PM",ENUM08,SCTO-DEV-08,+25672458591,"Jul 20, 2026 11:50:26 AM","Jul 20, 2026 12:13:26 PM",23.0,1201054,1201,0.192646 32.449921 0.0 4.0,1,74,2,0,1,8,1,1,,1,1,,0,0,1,0,0,2,0,2,3,Femi,56,0,0,,,,,,,,,
uuid:15c55c55-6039-4e3f-8960-f1e93344134b,"Jul 7, 2026 10:38:27 PM",ENUM02,SCTO-DEV-02,+25671419610,"Jul 7, 2026 9:49:57 PM","Jul 7, 2026 10:03:27 PM",13.5,1304012,1304,0.302289 32.879166 0.0 12.0,1,32,1,0,2,6,0,3,,1,1,,1,0,12,0,0,0,0,3,3,,,,,,,,,,,,,
uuid:201736b7-8727-497a-b2a9-0a106861176f,"Jul 7, 2026 11:26:59 PM",ENUM01,SCTO-DEV-01,+25672867825,"Jul 7, 2026 10:43:53 PM","Jul 7, 2026 10:57:59 PM",14.1,1304096,1304,0.307046 32.878282 0.0 14.0,1,48,1,0,1,3,2,3,,1,2,,1,0,12,1,5,5,1,1,1,Amara,31,0,1,Kojo,35,0,0,,,,,
uuid:3526b6c1-291e-4ee2-95ad-6724137f568f,"Jul 3, 2026 1:03:02 PM",ENUM08,SCTO-DEV-08,+25672458591,"Jul 3, 2026 12:23:56 PM","Jul 3, 2026 12:41:02 PM",17.1,1201037,1201,0.194706 32.450879 0.0 11.0,1,68,2,1,1,2,2,2,,1,1,,1,0,60,0,2,3,0,3,2,Adaeze,32,1,1,Naledi,20,0,0,,,,,
uuid:92a4e834-ada0-4210-8031-07f36821b8f5,"Jul 20, 2026 11:33:37 AM",ENUM02,SCTO-DEV-02,+25671419610,"Jul 20, 2026 10:31:49 AM","Jul 20, 2026 10:44:37 AM",12.8,1303068,1303,0.316783 32.736415 0.0 15.0,1,23,1,0,1,3,1,1,,1,3,,1,1,99,1,2,5,0,1,3,Amara,38,1,,,,,,,,,,
uuid:3a64ed72-354b-437b-b025-eaf3cbfa9ce3,"Jul 12, 2026 3:09:59 PM",ENUM05,SCTO-DEV-05,+25674744854,"Jul 12, 2026 2:32:41 PM","Jul 12, 2026 2:53:59 PM",21.3,1204066,1204,0.197487 32.734825 0.0 6.0,1,38,1,1,2,7,2,2,,,,,,,,,0,3,0,2,1,Baraka,48,0,0,Kojo,27,0,0,,,,,
uuid:be3f51e4-e559-44ce-b7d1-a72619aa6d60,"Jul 13, 2026 3:29:25 PM",ENUM01,SCTO-DEV-01,+25672867825,"Jul 13, 2026 2:48:31 PM","Jul 13, 2026 3:12:25 PM",23.9,1203119,1203,0.203281 32.588933 0.0 9.0,1,57,2,0,3,9,1,2,,1,1,,1,1,36,0,6,9,0,3,2,Jelani,2,1,,,,,,,,,,
uuid:62bdccef-a13a-4ea2-9979-ad8449920cad,"Jul 18, 2026 6:45:26 PM",ENUM04,SCTO-DEV-04,+25675108603,"Jul 18, 2026 5:14:38 PM","Jul 18, 2026 5:37:26 PM",22.8,1201050,1201,0.203739 32.453297 0.0 5.0,1,49,2,0,0,3,1,3,,1,2,,1,1,4,1,1,3,1,3,1,Zainab,10,0,0,,,,,,,,,
uuid:67a4b126-f1af-4291-9f1d-d333cd5adc50,"Jul 5, 2026 6:27:55 AM",ENUM01,SCTO-DEV-01,+25672867825,"Jul 5, 2026 5:04:01 AM","Jul 5, 2026 5:25:55 AM",21.9,1203062,1203,0.207885 32.591780 0.0 6.0,1,32,1,0,3,4,1,1,,0,,,,,,,5,4,0,2,1,Baraka,55,0,0,,,,,,,,,
uuid:5bc64e81-0829-40b2-ac34-024134f40152,"Jul 2, 2026 5:15:55 PM",ENUM08,SCTO-DEV-08,+25672458591,"Jul 2, 2026 4:11:43 PM","Jul 2, 2026 4:37:55 PM",26.2,1303094,1303,0.301474 32.725073 0.0 15.0,1,67,1,0,0,8,1,3,,0,,,,,,,4,3,1,2,2,Tendai,48,0,0,,,,,,,,,
uuid:f0baffb5-2e16-4e4b-aead-090d1650ed20,"Jul 6, 2026 8:22:25 AM",ENUM04,SCTO-DEV-04,+25675108603,"Jul 6, 2026 8:09:55 AM","Jul 6, 2026 8:21:25 AM",11.5,1204091,1204,0.200861 32.727230 0.0 7.0,1,23,1,1,2,4,1,1,,0,,,,,,,6,5,1,2,2,Zainab,12,1,,,,,,,,,,
uuid:003c51c9-0147-41eb-9dd2-b9c7cdcc488e,"Jul 11, 2026 3:20:41 PM",ENUM04,SCTO-DEV-04,+25675108603,"Jul 11, 2026 2:39:41 PM","Jul 11, 2026 2:52:41 PM",13.0,1403002,1403,0.422953 32.738168 0.0 6.0,1,28,1,1,2,6,1,2,,1,2,,1,1,24,1,0,2,1,3,3,Amina,37,0,0,,,,,,,,,
uuid:8eab079b-52c2-4bfc-9eb8-1dfe6c4e896a,"Jul 9, 2026 9:26:27 PM",ENUM01,SCTO-DEV-01,+25672867825,"Jul 9, 2026 8:51:09 PM","Jul 9, 2026 9:18:27 PM",27.3,1304039,1304,0.319059 32.874120 0.0 13.0,1,56,1,1,3,5,1,1,,1,1,,1,0,18,0,3,3,1,3,2,Naledi,23,0,0,,,,,,,,,
uuid:7a724e4f-45e0-45bd-8787-54134e221b2b,"Jul 20, 2026 12:11:20 PM",ENUM08,SCTO-DEV-08,+25672458591,"Jul 20, 2026 10:47:32 AM","Jul 20, 2026 11:01:20 AM",13.8,1401077,1401,0.428671 32.441243 0.0 7.0,1,38,1,1,0,4,1,2,,1,1,,1,1,36,0,0,6,0,3,2,Amara,41,0,0,,,,,,,,,
uuid:dfe74c75-8c93-4e67-86b8-18491418fbc5,"Jul 14, 2026 9:39:53 PM",ENUM08,SCTO-DEV-08,+25672458591,"Jul 14, 2026 8:48:17 PM","Jul 14, 2026 9:11:53 PM",23.6,1301013,1301,0.300537 32.440049 0.0 8.0,1,57,2,1,2,8,0,4,,1,1,,0,1,2,0,1,3,0,3,2,,,,,,,,,,,,,
uuid:2a0d8bb4-f280-4ad1-a09f-c89dbb10b887,"Jul 2, 2026 6:25:44 PM",ENUM05,SCTO-DEV-05,+25674744854,"Jul 2, 2026 5:45:26 PM","Jul 2, 2026 6:11:44 PM",26.3,1302081,1302,0.303692 32.583380 0.0 7.0,1,68,1,1,0,9,3,1,,,,,,,,,2,0,0,2,3,Jelani,23,1,,Adaeze,41,0,0,Adaeze,11,0,0,
uuid:f2bf8d01-baf6-476f-91f5-9de0e1fc097f,"Jul 19, 2026 4:38:46 AM",ENUM02,SCTO-DEV-02,+25671419610,"Jul 19, 2026 4:08:46 AM","Jul 19, 2026 4:33:46 AM",25.0,1201083,1201,0.190763 32.443022 0.0 13.0,1,29,2,0,3,6,1,3,,1,2,,1,1,1,0,1,4,1,3,3,Nia,57,0,0,,,,,,,,,
uuid:0181ac59-9ddd-4ac6-9593-c4bcd461c5d9,"Jul 8, 2026 7:27:41 AM",ENUM01,SCTO-DEV-01,+25672867825,"Jul 8, 2026 5:54:29 AM","Jul 8, 2026 6:11:41 AM",17.2,1202041,1202,0.197346 32.876414 0.0 12.0,1,39,2,0,1,7,2,1,,1,2,,1,1,8,1,4,6,0,2,1,Zuri,38,0,1,Oluwaseun,41,0,0,,,,,
uuid:d2cbb865-91b0-4490-b826-54f55e7a973d,"Jul 20, 2026 12:55:57 AM",ENUM03,SCTO-DEV-03,+25675614226,"Jul 19, 2026 11:38:45 PM","Jul 19, 2026 11:49:57 PM",11.2,1304018,1304,0.318873 32.861696 0.0 9.0,1,70,1,0,0,8,2,2,,1,3,,1,0,99,0,6,7,0,1,2,Kwame,46,0,0,Amara,52,0,0,,,,,
uuid:15356c65-9062-4d27-aae7-777c08848b0d,"Jul 7, 2026 11:02:21 AM",ENUM06,SCTO-DEV-06,+25673341057,"Jul 7, 2026 10:13:03 AM","Jul 7, 2026 10:17:15 AM",4.2,1204041,1204,0.209641 32.738086 0.0 4.0,1,81,2,1,0,5,2,1,,0,,,,,,,1,1,0,2,2,Nia,35,1,,Jelani,0,0,1,,,,,
uuid:24b523f9-bbd1-4156-8c0c-c7260165a99a,"Jul 1, 2026 11:09:35 PM",ENUM04,SCTO-DEV-04,+25675108603,"Jul 1, 2026 10:45:11 PM","Jul 1, 2026 11:00:35 PM",15.4,1204052,1204,0.207762 32.735570 0.0 4.0,1,37,2,1,3,3,1,1,,1,2,,1,0,1,0,5,0,0,2,2,Naledi,8,0,0,,,,,,,,,
uuid:3ac5337d-047b-4ebf-bba9-719ca5e5030e,"Jul 13, 2026 5:27:38 PM",ENUM08,SCTO-DEV-08,+25672458591,"Jul 13, 2026 4:28:02 PM","Jul 13, 2026 4:53:38 PM",25.6,1401058,1401,0.425802 32.445869 0.0 11.0,1,29,1,1,1,7,0,1,,0,,,,,,,6,1,0,1,1,,,,,,,,,,,,,
uuid:a1572386-6ea0-4e4d-97ca-d9288cdd1567,"Jul 14, 2026 11:43:04 AM",ENUM02,SCTO-DEV-02,+25671419610,"Jul 14, 2026 10:43:28 AM","Jul 14, 2026 10:56:04 AM",12.6,1304088,1304,0.311179 32.867695 0.0 14.0,1,30,2,1,1,8,2,3,,1,2,,1,1,99,0,0,7,0,2,2,Thabo,4,0,0,Kwame,39,0,0,,,,,
uuid:3620e2a6-3359-4628-9031-4d7661735029,"Jul 9, 2026 8:45:59 AM",ENUM05,SCTO-DEV-05,+25674744854,"Jul 9, 2026 7:19:17 AM","Jul 9, 2026 7:31:59 AM",12.7,1204048,1204,0.191647 32.720790 0.0 4.0,1,43,1,0,3,3,1,1,,,,,,,,,0,4,1,2,1,Chidi,41,0,0,,,,,,,,,
uuid:b7052ef3-2a57-47ac-a226-33a7890a1c68,"Jul 5, 2026 6:54:05 PM",ENUM03,SCTO-DEV-03,+25675614226,"Jul 5, 2026 5:37:35 PM","Jul 5, 2026 6:01:05 PM",23.5,1203085,1203,0.198206 32.597152 0.0 13.0,1,54,1,1,3,8,1,2,,1,2,,0,1,6,0,0,4,1,2,2,Zainab,48,0,0,,,,,,,,,
uuid:dd8a59ea-ab2f-45c1-806d-494f9d04f592,"Jul 7, 2026 12:12:05 AM",ENUM01,SCTO-DEV-01,+25672867825,"Jul 6, 2026 11:34:47 PM","Jul 6, 2026 11:49:05 PM",14.3,1303097,1303,0.310838 32.730131 0.0 11.0,1,19,1,0,0,2,0,2,,1,1,,0,1,4,0,4,0,0,2,3,,,,,,,,,,,,,
uuid:a22c1475-9d4f-456b-b0ef-f86f8803b85d,"Jul 15, 2026 6:15:23 PM",ENUM08,SCTO-DEV-08,+25672458591,"Jul 15, 2026 5:17:41 PM","Jul 15, 2026 5:31:23 PM",13.7,1402024,1402,0.422727 32.597667 0.0 9.0,1,20,1,0,2,8,1,1,,1,2,,1,1,60,1,3,0,1,3,2,Naledi,51,0,0,,,,,,,,,
uuid:a59ecadf-1e00-405f-bd6d-25150917eea6,"Jul 7, 2026 6:14:01 AM",ENUM05,SCTO-DEV-05,+25674744854,"Jul 7, 2026 5:17:55 AM","Jul 7, 2026 5:44:01 AM",26.1,1204061,1204,0.200997 32.720038 0.0 9.0,1,39,2,1,0,2,1,2,,,,,,,,,3,6,0,2,1,Aisha,13,0,0,,,,,,,,,
uuid:3f9b9ffc-b564-43f2-8fb8-caaed2df54aa,"Jul 4, 2026 2:27:50 AM",ENUM01,SCTO-DEV-01,+25672867825,"Jul 4, 2026 1:45:56 AM","Jul 4, 2026 2:03:50 AM",17.9,1304047,1304,0.314936 32.873826 0.0 13.0,1,42,1,1,1,2,0,1,,1,1,,1,0,8,0,3,4,0,1,3,,,,,,,,,,,,,
uuid:5926e9d3-4e9e-4431-b867-f92636abee7a,"Jul 13, 2026 10:10:02 AM",ENUM08,SCTO-DEV-08,+25672458591,"Jul 13, 2026 8:25:38 AM","Jul 13, 2026 8:41:02 AM",15.4,1202052,1202,0.208075 32.867945 0.0 14.0,1,45,1,0,3,5,1,2,,1,1,,1,0,48,1,2,6,1,3,1,Naledi,1,0,0,,,,,,,,,
uuid:8e7ab392-601a-4fc3-b880-78a588ccbe23,"Jul 11, 2026 7:03:50 PM",ENUM01,SCTO-DEV-01,+25672867825,"Jul 11, 2026 6:15:50 PM","Jul 11, 2026 6:42:50 PM",27.0,1304005,1304,0.312146 32.868684 0.0 4.0,1,31,2,1,1,8,2,3,,0,,,,,,,0,1,1,3,2,Thabo,9,1,,Amara,27,1,,,,,,
uuid:e48437cc-a2d6-4cdc-a8fe-ba7d6534d0f8,"Jul 5, 2026 1:22:56 AM",ENUM02,SCTO-DEV-02,+25671419610,"Jul 4, 2026 11:41:44 PM","Jul 5, 2026 12:07:56 AM",26.2,1204032,1204,0.201861 32.733478 0.0 11.0,1,67,2,0,1,6,3,1,,1,1,,1,0,48,0,7,1,0,2,1,Kofi,52,0,0,Aisha,27,0,0,Jelani,20,1,,
uuid:d47c5f45-2f4d-41ea-94b1-31429177f55d,"Jul 8, 2026 9:48:52 AM",ENUM04,SCTO-DEV-04,+25675108603,"Jul 8, 2026 9:09:16 AM","Jul 8, 2026 9:20:52 AM",11.6,1201007,1201,0.200752 32.443364 0.0 11.0,1,82,1,1,2,7,1,3,,0,,,,,,,2,0,0,2,2,Baraka,19,0,1,,,,,,,,,
uuid:3e6ee06a-a907-49c5-adeb-04fde7e57425,"Jul 6, 2026 6:26:30 AM",ENUM02,SCTO-DEV-02,+25671419610,"Jul 6, 2026 4:44:54 AM","Jul 6, 2026 4:59:30 AM",14.6,1304085,1304,0.312468 32.873838 0.0 11.0,1,73,2,1,1,9,0,3,,1,1,,1,1,2,0,5,3,0,3,3,,,,,,,,,,,,,
uuid:2be64eb6-3fd7-4c30-bd95-335acaa0a32e,"Jul 7, 2026 2:55:08 PM",ENUM07,SCTO-DEV-07,+25672719583,"Jul 7, 2026 1:10:56 PM","Jul 7, 2026 1:25:08 PM",14.2,1401014,1401,0.424873 32.440142 0.0 12.0,1,34,1,0,1,7,1,1,,1,2,,1,1,48,0,0,4,0,2,2,Thabo,11,0,0,,,,,,,,,
uuid:6e4d76ed-44de-4efd-9711-caf918c605f0,"Jul 20, 2026 3:41:14 AM",ENUM05,SCTO-DEV-05,+25674744854,"Jul 20, 2026 3:17:20 AM","Jul 20, 2026 3:38:14 AM",20.9,1303065,1303,0.305304 32.726321 0.0 13.0,1,40,2,1,2,4,0,4,,,,,,,,,4,0,0,3,2,,,,,,,,,,,,,
uuid:cf32c5ff-cc5d-424b-9ca7-d2e9397476d7,"Jul 12, 2026 3:38:14 PM",ENUM04,SCTO-DEV-04,+25675108603,"Jul 12, 2026 2:46:38 PM","Jul 12, 2026 3:08:14 PM",21.6,1202016,1202,0.199615 32.875367 0.0 9.0,1,67,1,0,1,2,1,1,,1,1,,1,1,48,0,1,7,1,3,3,Imani,46,0,0,,,,,,,,,
uuid:0eba7b02-04d9-4997-baf5-0f2cdcc74fde,"Jul 17, 2026 7:33:59 AM",ENUM01,SCTO-DEV-01,+25672867825,"Jul 17, 2026 6:55:35 AM","Jul 17, 2026 7:20:59 AM",25.4,1302080,1302,0.308767 32.580705 0.0 10.0,1,77,2,1,3,8,2,1,,1,1,,1,0,4,1,5,3,0,2,2,Amina,27,0,0,Oluwaseun,12,0,0,,,,,
uuid:c602adb7-a1b9-4d88-9ab1-bdf338640d26,"Jul 20, 2026 12:06:14 PM",ENUM03,SCTO-DEV-03,+25675614226,"Jul 20, 2026 10:38:44 AM","Jul 20, 2026 11:06:14 AM",27.5,1303117,1303,0.304979 32.739466 0.0 7.0,1,49,2,1,3,4,0,1,,1,1,,0,1,99,0,0,2,1,1,1,,,,,,,,,,,,,
uuid:84a7467d-0958-46d3-9199-063335b63f42,"Jul 1, 2026 12:24:48 PM",ENUM01,SCTO-DEV-01,+25672867825,"Jul 1, 2026 12:09:54 PM","Jul 1, 2026 12:24:48 PM",14.9,1303104,1303,0.317025 32.721854 0.0 10.0,1,36,1,0,1,5,3,1,,1,3,,1,0,60,0,7,2,0,3,2,Baraka,34,0,0,Kofi,60,0,0,Sekai,1,0,0,
uuid:6b223371-6758-48a6-93d4-d8dbb2005c87,"Jul 13, 2026 12:30:17 AM",ENUM08,SCTO-DEV-08,+25672458591,"Jul 12, 2026 11:24:41 PM","Jul 12, 2026 11:39:17 PM",14.6,1303002,1303,0.318049 32.723293 0.0 4.0,1,68,2,0,2,8,2,3,,0,,,,,,,4,3,1,3,3,Kojo,3,0,1,Amina,30,0,0,,,,,
uuid:4b0fa620-bac6-4c2f-81d9-dc98566131af,"Jul 18, 2026 5:20:21 PM",ENUM07,SCTO-DEV-07,+25672719583,"Jul 18, 2026 3:40:27 PM","Jul 18, 2026 4:04:21 PM",23.9,1303077,1303,0.300733 32.722368 0.0 11.0,1,35,1,0,1,4,1,2,,1,1,,1,0,18,0,4,3,1,2,3,Thabo,20,0,0,,,,,,,,,
uuid:af7d10be-0eb6-4605-a5dd-a368ac7a8689,"Jul 19, 2026 1:58:48 PM",ENUM05,SCTO-DEV-05,+25674744854,"Jul 19, 2026 1:22:48 PM","Jul 19, 2026 1:38:48 PM",16.0,1401043,1401,0.411701 32.456255 0.0 13.0,1,80,2,0,0,4,0,3,,,,,,,,,0,3,1,3,3,,,,,,,,,,,,,
uuid:39dce497-b8f9-4d44-9794-fe0ea70364ff,"Jul 15, 2026 3:04:28 AM",ENUM01,SCTO-DEV-01,+25672867825,"Jul 15, 2026 1:58:16 AM","Jul 15, 2026 2:17:28 AM",19.2,1201013,1201,0.192263 32.449631 0.0 15.0,1,29,1,0,3,3,1,2,,1,2,,1,0,60,0,5,1,1,3,2,Thabo,29,0,0,,,,,,,,,
uuid:7751c896-8cbd-482c-aa54-79db237fd496,"Jul 15, 2026 10:35:45 AM",ENUM07,SCTO-DEV-07,+25672719583,"Jul 15, 2026 9:04:33 AM","Jul 15, 2026 9:18:45 AM",14.2,1302093,1302,0.302417 32.588142 0.0 10.0,1,57,1,0,0,9,0,1,,0,,,,,,,6,0,1,1,3,,,,,,,,,,,,,
uuid:c924819e-0451-44b1-958a-3b862578419c,"Jul 15, 2026 3:30:11 AM",ENUM04,SCTO-DEV-04,+25675108603,"Jul 15, 2026 1:41:05 AM","Jul 15, 2026 2:03:11 AM",22.1,1201086,1201,0.204424 32.456880 0.0 9.0,1,26,2,0,3,9,2,3,,1,2,,1,0,60,0,1,1,1,2,2,Zuri,44,0,0,Amina,9,0,0,,,,,
uuid:d0e5f19c-d1e2-4870-a5de-79867479a728,"Jul 5, 2026 8:45:53 AM",ENUM06,SCTO-DEV-06,+25673341057,"Jul 5, 2026 8:17:29 AM","Jul 5, 2026 8:21:23 AM",3.9,1401050,1401,0.411588 32.454598 0.0 11.0,1,30,2,0,1,5,1,-666,Rainwater ,1,3,,1,0,24,1,6,4,0,3,2,Chidi,55,0,0,,,,,,,,,
uuid:90298f9f-a14d-4d4f-8aee-dab846a6f8f0,"Jul 14, 2026 2:46:09 AM",ENUM08,SCTO-DEV-08,+25672458591,"Jul 14, 2026 1:18:45 AM","Jul 14, 2026 1:40:09 AM",21.4,1302075,1302,0.313123 32.596653 0.0 11.0,1,55,2,1,2,4,3,1,,1,1,,1,1,12,0,1,5,0,2,3,Amara,27,1,,Aisha,40,0,0,Nia,26,0,1,
uuid:07fe2c3b-593d-4c0d-8541-f17f008605a8,"Jul 5, 2026 3:10:32 AM",ENUM05,SCTO-DEV-05,+25674744854,"Jul 5, 2026 2:53:50 AM","Jul 5, 2026 3:07:32 AM",13.7,1403116,1403,0.411536 32.724301 0.0 12.0,1,42,1,,-999,3,1,1,,,,,,,,,0,,,-999,1,Thabo,11,1,,,,,,,,,,
uuid:ec48f4fe-8986-467e-91e3-02cddfb07748,"Jul 20, 2026 9:17:00 AM",ENUM06,SCTO-DEV-06,+25673341057,"Jul 20, 2026 7:56:00 AM","Jul 20, 2026 8:00:00 AM",4.0,1404061,1404,0.410630 32.863394 0.0 8.0,1,56,1,1,1,8,3,1,,0,,,,,,,1,0,0,2,2,Kojo,22,0,0,Thabo,1,0,0,Oluwaseun,4,0,0,
uuid:88bf679a-6a32-4405-90aa-f7d9aedfef62,"Jul 13, 2026 10:59:58 PM",ENUM06,SCTO-DEV-06,+25673341057,"Jul 13, 2026 9:19:04 PM","Jul 13, 2026 9:22:40 PM",3.6,1204030,1204,0.196349 32.723408 0.0 13.0,1,74,1,0,1,8,2,3,,1,1,,1,0,4,0,1,0,1,2,3,Tendai,40,0,0,Imani,53,0,0,,,,,
uuid:2e1d33f7-efd1-4286-b968-0b38b35c1f43,"Jul 9, 2026 10:54:44 PM",ENUM01,SCTO-DEV-01,+25672867825,"Jul 9, 2026 10:05:02 PM","Jul 9, 2026 10:19:44 PM",14.7,1201021,1201,0.193535 32.459432 0.0 12.0,1,32,2,0,1,9,0,1,,1,3,,0,1,6,0,2,0,0,2,2,,,,,,,,,,,,,
uuid:bf799dff-7e3d-45df-b423-0b01d430bc5d,"Jul 1, 2026 2:40:31 PM",ENUM07,SCTO-DEV-07,+25672719583,"Jul 1, 2026 1:54:13 PM","Jul 1, 2026 2:05:31 PM",11.3,1401008,1401,0.420715 32.445734 0.0 12.0,1,74,1,1,0,3,5,2,,1,2,,0,1,18,0,0,4,1,1,3,,,,,,,,,,,,,
uuid:b0e78363-2119-43b7-9a04-bae9112551cc,"Jul 3, 2026 10:09:00 PM",ENUM02,SCTO-DEV-02,+25671419610,"Jul 3, 2026 9:22:36 PM","Jul 3, 2026 9:36:00 PM",13.4,1304026,1304,0.317892 32.861856 0.0 11.0,1,65,1,0,0,9,2,1,,1,2,,1,1,12,0,2,0,1,1,2,Jelani,54,1,,Nia,22,0,0,,,,,
uuid:bc02c44f-e599-47cf-a32e-cfecaa1dc645,"Jul 5, 2026 9:11:21 AM",ENUM07,SCTO-DEV-07,+25672719583,"Jul 5, 2026 8:04:39 AM","Jul 5, 2026 8:27:21 AM",22.7,1402005,1402,0.418943 32.594536 0.0 9.0,1,74,2,1,0,8,1,3,,1,-666,Plastic drum,1,0,24,1,0,5,0,3,2,Jelani,9,0,0,,,,,,,,,
uuid:d4ebdcd2-39e5-44a8-9c86-e94ac83ec306,"Jul 7, 2026 4:06:20 AM",ENUM01,SCTO-DEV-01,+25672867825,"Jul 7, 2026 3:02:08 AM","Jul 7, 2026 3:24:20 AM",22.2,1301039,1301,0.319688 32.459742 0.0 7.0,1,66,2,1,1,4,1,2,,1,3,,1,0,60,0,7,4,0,2,3,Adaeze,24,0,0,,,,,,,,,
uuid:a8812899-7013-4f64-a315-d7435c8ff1e4,"Jul 5, 2026 10:42:19 AM",ENUM08,SCTO-DEV-08,+25672458591,"Jul 5, 2026 9:46:31 AM","Jul 5, 2026 10:14:19 AM",27.8,1203041,1203,0.192035 32.599117 0.0 9.0,1,28,2,1,2,3,3,2,,1,2,,1,0,4,0,4,4,1,1,3,Thabo,42,0,0,Zuri,50,1,,Naledi,49,0,0,
uuid:d1aeec71-b848-49f6-891d-f8ceddfa0153,"Jul 3, 2026 10:38:38 PM",ENUM02,SCTO-DEV-02,+25671419610,"Jul 3, 2026 9:19:02 PM","Jul 3, 2026 9:41:38 PM",22.6,1402078,1402,0.429789 32.595950 0.0 7.0,1,21,2,0,3,8,3,1,,1,3,,1,1,18,1,3,6,0,2,2,Kofi,51,0,0,Chidi,11,1,,Aisha,12,0,0,
uuid:5153261b-44dc-48fe-acb8-dca32779fecd,"Jul 3, 2026 5:40:49 PM",ENUM05,SCTO-DEV-05,+25674744854,"Jul 3, 2026 4:12:25 PM","Jul 3, 2026 4:26:49 PM",14.4,1203014,1203,0.199744 32.586617 0.0 6.0,1,49,1,0,0,5,1,2,,,,,,,,,7,0,1,2,2,Adaeze,17,0,1,,,,,,,,,
uuid:9437e636-9e9f-4758-9dac-9080101250d8,"Jul 2, 2026 9:01:29 AM",ENUM08,SCTO-DEV-08,+25672458591,"Jul 2, 2026 7:50:05 AM","Jul 2, 2026 8:16:29 AM",26.4,1403037,1403,0.429256 32.729358 0.0 15.0,1,77,2,1,1,7,1,4,,1,3,,1,1,4,0,1,5,1,2,2,Imani,50,0,0,,,,,,,,,
uuid:14737ccb-b48b-4282-8d8a-dedf9b256ab8,"Jul 18, 2026 8:40:21 AM",ENUM05,SCTO-DEV-05,+25674744854,"Jul 18, 2026 7:18:33 AM","Jul 18, 2026 7:44:21 AM",25.8,1201072,1201,0.204507 32.444344 0.0 5.0,1,30,2,0,0,7,2,1,,,,,,,,,5,1,0,1,3,Kofi,30,0,0,Femi,19,0,0,,,,,
uuid:6ea7b36e-1422-4160-b119-b5229e3a9af3,"Jul 8, 2026 7:53:00 PM",ENUM01,SCTO-DEV-01,+25672867825,"Jul 8, 2026 6:36:48 PM","Jul 8, 2026 6:56:00 PM",19.2,1303091,1303,0.317352 32.724264 0.0 13.0,0,,,,,,,,,,,,,,,,,,,,,,,,,,,,,,,,,
uuid:683bc05a-ccf3-48a7-a49e-a63bc23e5ea2,"Jul 12, 2026 2:26:33 PM",ENUM06,SCTO-DEV-06,+25673341057,"Jul 12, 2026 12:48:45 PM","Jul 12, 2026 12:52:21 PM",3.6,1303108,1303,0.315096 32.728704 0.0 7.0,1,61,2,0,3,6,2,4,,0,,,,,,,2,5,1,2,2,Aisha,47,0,0,Naledi,20,0,0,,,,,
uuid:391df323-3f73-4537-88d1-5a952ddae80d,"Jul 19, 2026 5:08:20 AM",ENUM08,SCTO-DEV-08,+25672458591,"Jul 19, 2026 4:23:56 AM","Jul 19, 2026 4:38:20 AM",14.4,1202011,1202,0.207455 32.864136 0.0 7.0,1,50,2,1,0,3,3,2,,1,2,,0,1,1,0,1,1,0,1,2,Imani,31,0,0,Zainab,17,0,0,Naledi,3,0,0,
uuid:30f34c92-da1f-4d4f-9be5-d853ab6ab49a,"Jul 16, 2026 10:47:35 PM",ENUM08,SCTO-DEV-08,+25672458591,"Jul 16, 2026 10:20:29 PM","Jul 16, 2026 10:43:35 PM",23.1,1304084,1304,0.301119 32.866612 0.0 9.0,1,64,2,1,0,4,2,1,,1,3,,1,1,24,0,0,5,0,3,2,Naledi,21,0,0,Adaeze,33,0,0,,,,,
uuid:b8e1dd05-dee7-457b-9a51-696ebce81fa7,"Jul 10, 2026 7:19:37 AM",ENUM02,SCTO-DEV-02,+25671419610,"Jul 10, 2026 5:35:31 AM","Jul 10, 2026 5:50:37 AM",15.1,1202044,1202,0.200019 32.863569 0.0 8.0,1,61,1,0,0,7,0,2,,1,3,,1,0,6,0,6,0,0,2,1,,,,,,,,,,,,,
uuid:5008b42e-8980-44ca-a845-adb2448c1f5c,"Jul 13, 2026 8:57:34 AM",ENUM08,SCTO-DEV-08,+25672458591,"Jul 13, 2026 7:31:28 AM","Jul 13, 2026 7:46:34 AM",15.1,1203025,1203,0.205062 32.593863 0.0 10.0,1,46,1,0,2,5,2,1,,1,1,,1,0,99,0,7,3,1,2,3,Oluwaseun,40,0,0,Zuri,24,0,0,,,,,
uuid:8a4f7439-41f1-400d-bf2d-dec7202ef681,"Jul 4, 2026 6:26:26 AM",ENUM03,SCTO-DEV-03,+25675614226,"Jul 4, 2026 5:15:20 AM","Jul 4, 2026 5:31:26 AM",16.1,1403024,1403,0.424718 32.738434 0.0 14.0,1,35,2,1,2,5,1,4,,1,2,,1,0,12,0,2,2,1,3,2,Baraka,41,0,0,,,,,,,,,
uuid:ab76af6a-70e7-4cfd-9956-e0888d32c428,"Jul 9, 2026 7:59:58 AM",ENUM08,SCTO-DEV-08,+25672458591,"Jul 9, 2026 6:25:10 AM","Jul 9, 2026 6:46:58 AM",21.8,1302060,1302,0.306971 32.590398 0.0 12.0,1,33,1,1,1,3,1,2,,0,,,,,,,4,6,0,1,1,Kwame,33,0,0,,,,,,,,,
uuid:45386926-80f0-452e-a87d-235b45cd4e95,"Jul 11, 2026 2:01:55 PM",ENUM02,SCTO-DEV-02,+25671419610,"Jul 11, 2026 1:30:31 PM","Jul 11, 2026 1:49:55 PM",19.4,1202062,1202,0.196321 32.861079 0.0 12.0,1,75,1,0,1,4,1,1,,1,1,,1,1,99,0,0,5,1,2,3,Sekai,37,1,,,,,,,,,,
uuid:4c720f1c-d74d-45b2-84bc-c5fba157b122,"Jul 2, 2026 2:00:43 PM",ENUM05,SCTO-DEV-05,+25674744854,"Jul 2, 2026 1:47:55 PM","Jul 2, 2026 1:59:43 PM",11.8,1303113,1303,0.307731 32.730641 0.0 12.0,1,36,2,0,3,4,3,2,,,,,,,,,6,3,0,1,2,Femi,1,0,1,Amara,56,0,1,Chidi,55,0,0,
uuid:c1c5600f-6187-4cb3-a4bd-967498ddb77f,"Jul 17, 2026 10:40:14 PM",ENUM01,SCTO-DEV-01,+25672867825,"Jul 17, 2026 10:11:08 PM","Jul 17, 2026 10:30:14 PM",19.1,1204077,1204,0.193019 32.731874 0.0 14.0,1,32,1,1,0,7,2,2,,0,,,,,,,0,7,0,2,2,Tendai,32,0,0,Amara,41,0,1,,,,,
uuid:9c51c4eb-9100-4e92-b1e5-fab2ccbd61f0,"Jul 4, 2026 3:18:04 AM",ENUM07,SCTO-DEV-07,+25672719583,"Jul 4, 2026 1:47:52 AM","Jul 4, 2026 1:59:04 AM",11.2,1202059,1202,0.195180 32.874251 0.0 10.0,1,57,1,1,0,8,1,4,,1,3,,1,1,24,0,1,2,0,1,2,Adaeze,54,0,0,,,,,,,,,
uuid:bb49cb5a-2c07-43e7-8615-64b8825904ac,"Jul 5, 2026 4:20:10 PM",ENUM05,SCTO-DEV-05,+25674744854,"Jul 5, 2026 3:53:34 PM","Jul 5, 2026 4:15:10 PM",21.6,1402055,1402,0.426376 32.597600 0.0 5.0,1,79,2,0,0,9,0,1,,,,,,,,,4,3,1,2,3,,,,,,,,,,,,,
uuid:70049cda-539a-4784-9bc3-1473d8a29858,"Jul 20, 2026 5:45:33 AM",ENUM02,SCTO-DEV-02,+25671419610,"Jul 20, 2026 4:03:39 AM","Jul 20, 2026 4:22:33 AM",18.9,1404028,1404,0.417642 32.872647 0.0 11.0,1,16,1,1,0,3,0,2,,0,,,,,,,0,3,0,2,2,,,,,,,,,,,,,
uuid:c19c72c7-66d7-4a4e-9412-c6c2b71c206d,"Jul 3, 2026 5:31:25 AM",ENUM03,SCTO-DEV-03,+25675614226,"Jul 3, 2026 4:17:07 AM","Jul 3, 2026 4:32:25 AM",15.3,1302053,1302,0.317799 32.593898 0.0 6.0,0,,,,,,,,,,,,,,,,,,,,,,,,,,,,,,,,,
uuid:5ede551c-da38-40e3-8290-fff78396628b,"Jul 13, 2026 4:04:25 PM",ENUM01,SCTO-DEV-01,+25672867825,"Jul 13, 2026 2:31:37 PM","Jul 13, 2026 2:44:25 PM",12.8,1203033,1203,0.192361 32.584108 0.0 9.0,1,39,2,0,3,3,0,1,,0,,,,,,,0,0,0,2,3,,,,,,,,,,,,,
uuid:1211208b-4e9a-4c1f-a08c-cb789340b4b9,"Jul 11, 2026 5:10:10 AM",ENUM03,SCTO-DEV-03,+25675614226,"Jul 11, 2026 3:36:58 AM","Jul 11, 2026 3:56:10 AM",19.2,1204095,1204,0.191208 32.728182 0.0 10.0,1,71,1,1,3,7,3,3,,1,1,,1,0,24,1,1,5,0,3,3,Amara,53,1,,Thabo,0,0,0,Amara,28,1,,
uuid:15672bc2-500d-4b6e-841f-13be18f4f653,"Jul 20, 2026 10:29:19 AM",ENUM06,SCTO-DEV-06,+25673341057,"Jul 20, 2026 9:17:25 AM","Jul 20, 2026 9:20:49 AM",3.4,1204075,1204,0.203927 32.736120 0.0 8.0,1,32,2,1,1,5,0,4,,1,2,,1,1,48,0,0,2,0,1,3,,,,,,,,,,,,,
uuid:f1b90c91-c86c-453e-b5a3-8ccd9223de80,"Jul 19, 2026 6:36:32 PM",ENUM08,SCTO-DEV-08,+25672458591,"Jul 19, 2026 5:03:32 PM","Jul 19, 2026 5:30:32 PM",27.0,1201089,1201,0.204164 32.453551 0.0 11.0,1,78,1,1,0,2,2,2,,1,3,,0,1,48,0,5,0,1,3,2,Sekai,23,0,0,Amara,57,0,1,,,,,
uuid:e2304d88-1c78-45d0-8827-9e700b6b1b77,"Jul 4, 2026 1:23:34 PM",ENUM04,SCTO-DEV-04,+25675108603,"Jul 4, 2026 12:46:46 PM","Jul 4, 2026 1:05:34 PM",18.8,1204076,1204,0.194401 32.729475 0.0 11.0,1,22,1,1,1,9,2,2,,1,3,,0,1,8,0,5,4,0,2,2,Sekai,28,0,0,Zuri,40,0,0,,,,,
uuid:e3e744b4-b9a5-4ddb-9823-ef897bb7e464,"Jul 18, 2026 6:34:43 AM",ENUM01,SCTO-DEV-01,+25672867825,"Jul 18, 2026 5:30:31 AM","Jul 18, 2026 5:51:43 AM",21.2,1303048,1303,0.307755 32.724169 0.0 10.0,0,,,,,,,,,,,,,,,,,,,,,,,,,,,,,,,,,
uuid:93f6df9e-fe55-4569-8cdf-019adfaf529d,"Jul 2, 2026 1:42:16 PM",ENUM04,SCTO-DEV-04,+25675108603,"Jul 2, 2026 11:45:34 AM","Jul 2, 2026 12:12:16 PM",26.7,1402065,1402,0.414413 32.588870 0.0 10.0,1,30,1,0,3,4,1,2,,1,3,,1,1,60,0,0,6,0,2,2,Imani,49,0,1,,,,,,,,,
uuid:ccf211c8-b9a9-4e62-a7c4-f6a8344ea857,"Jul 7, 2026 3:58:19 AM",ENUM08,SCTO-DEV-08,+25672458591,"Jul 7, 2026 3:09:19 AM","Jul 7, 2026 3:24:19 AM",15.0,1303081,1303,0.307425 32.737874 0.0 5.0,1,70,2,1,3,8,0,1,,1,1,,1,0,4,0,4,3,1,2,2,,,,,,,,,,,,,
uuid:be20cb94-1f5b-4384-8c9a-ec3406019f29,"Jul 10, 2026 1:21:49 PM",ENUM05,SCTO-DEV-05,+25674744854,"Jul 10, 2026 12:57:07 PM","Jul 10, 2026 1:09:49 PM",12.7,1202064,1202,0.193139 32.870961 0.0 15.0,1,28,1,0,2,7,0,1,,,,,,,,,0,3,0,1,1,,,,,,,,,,,,,
uuid:8f6e7d7b-d1cc-4d2e-a559-035b9198a061,"Jul 4, 2026 1:09:00 AM",ENUM08,SCTO-DEV-08,+25672458591,"Jul 3, 2026 11:38:18 PM","Jul 3, 2026 11:59:00 PM",20.7,1203079,1203,0.206155 32.599288 0.0 11.0,1,19,2,0,2,5,1,-666,Rainwater ,1,1,,1,0,4,1,0,4,1,3,3,Amina,17,0,1,,,,,,,,,
uuid:88579242-1c32-4216-be23-c551d9247871,"Jul 1, 2026 11:18:10 PM",ENUM02,SCTO-DEV-02,+25671419610,"Jul 1, 2026 10:22:22 PM","Jul 1, 2026 10:50:10 PM",27.8,1201085,1201,0.198720 32.440065 0.0 14.0,0,,,,,,,,,,,,,,,,,,,,,,,,,,,,,,,,,
uuid:1aabda9f-854d-4a34-b32d-6953ec37d7b2,"Jul 19, 2026 3:45:19 AM",ENUM04,SCTO-DEV-04,+25675108603,"Jul 19, 2026 2:14:37 AM","Jul 19, 2026 2:38:19 AM",23.7,1201029,1201,0.202019 32.443035 0.0 12.0,1,25,2,1,1,7,0,2,,1,3,,1,0,99,1,7,4,0,3,1,,,,,,,,,,,,,
uuid:06355aba-c548-4c8a-9ef9-2523bf4b8e3b,"Jul 12, 2026 4:21:36 AM",ENUM07,SCTO-DEV-07,+25672719583,"Jul 12, 2026 2:48:12 AM","Jul 12, 2026 3:00:36 AM",12.4,1301019,1301,0.310009 32.455658 0.0 6.0,1,66,1,1,3,9,0,3,,0,,,,,,,4,4,1,3,1,,,,,,,,,,,,,
uuid:ba73c359-d4fa-4c4a-8398-28436de95323,"Jul 3, 2026 2:29:02 PM",ENUM06,SCTO-DEV-06,+25673341057,"Jul 3, 2026 1:09:44 PM","Jul 3, 2026 1:13:38 PM",3.9,1202074,1202,0.199485 32.872792 0.0 13.0,1,61,1,1,3,9,0,2,,0,,,,,,,5,2,0,2,2,,,,,,,,,,,,,
uuid:4d271971-d162-49f8-9ec0-18c111fc42c0,"Jul 3, 2026 6:22:02 PM",ENUM04,SCTO-DEV-04,+25675108603,"Jul 3, 2026 5:28:26 PM","Jul 3, 2026 5:47:02 PM",18.6,1303056,1303,0.315269 32.721800 0.0 6.0,1,73,1,1,0,7,1,1,,1,3,,0,0,24,1,3,2,1,3,2,Nia,5,0,0,,,,,,,,,
uuid:f66bc568-c287-45f5-9448-75005cd9d3a0,"Jul 16, 2026 8:51:03 PM",ENUM07,SCTO-DEV-07,+25672719583,"Jul 16, 2026 8:30:51 PM","Jul 16, 2026 8:48:03 PM",17.2,1403103,1403,0.426373 32.725347 0.0 11.0,1,23,2,1,2,9,1,1,,0,,,,,,,6,0,0,2,2,Adaeze,59,0,0,,,,,,,,,
uuid:92bec9d3-8f1a-460b-85de-ae1c477f4267,"Jul 8, 2026 10:00:12 PM",ENUM06,SCTO-DEV-06,+25673341057,"Jul 8, 2026 9:08:24 PM","Jul 8, 2026 9:13:12 PM",4.8,1302074,1302,0.313773 32.593971 0.0 10.0,1,36,2,1,0,8,1,1,,1,1,,0,0,60,0,2,7,0,2,2,Adaeze,16,0,0,,,,,,,,,
uuid:09367677-cb81-42b7-adf5-59c9678c10cf,"Jul 7, 2026 9:26:55 PM",ENUM01,SCTO-DEV-01,+25672867825,"Jul 7, 2026 8:31:25 PM","Jul 7, 2026 8:49:55 PM",18.5,1304098,1304,0.300786 32.872565 0.0 7.0,1,68,2,1,3,7,1,2,,0,,,,,,,6,7,1,3,1,Baraka,42,0,0,,,,,,,,,
uuid:17c19c9a-494e-46eb-9cc8-da6d3a797ecf,"Jul 10, 2026 10:11:00 PM",ENUM05,SCTO-DEV-05,+25674744854,"Jul 10, 2026 9:53:48 PM","Jul 10, 2026 10:09:00 PM",15.2,1204045,1204,0.208010 32.738073 0.0 8.0,1,81,2,0,3,7,3,2,,,,,,,,,0,3,0,2,2,Jelani,18,0,0,Thabo,2,0,0,Thabo,4,0,0,
uuid:57a6d220-8eaf-4f34-91bb-9ad6ad4bd116,"Jul 1, 2026 11:37:35 AM",ENUM01,SCTO-DEV-01,+25672867825,"Jul 1, 2026 11:12:29 AM","Jul 1, 2026 11:26:35 AM",14.1,1203024,1203,0.204135 32.591875 0.0 8.0,1,72,2,1,1,4,2,2,,1,3,,1,1,4,0,4,0,0,3,2,Kojo,15,0,0,Tendai,39,0,0,,,,,
uuid:a6579078-9443-4a67-9501-7261389ec74b,"Jul 2, 2026 8:44:34 AM",ENUM01,SCTO-DEV-01,+25672867825,"Jul 2, 2026 7:42:10 AM","Jul 2, 2026 8:06:34 AM",24.4,1203115,1203,0.192452 32.590423 0.0 7.0,1,46,1,0,1,8,2,2,,1,3,,1,1,1,0,0,3,0,2,2,Amara,6,0,0,Zuri,11,0,0,,,,,
uuid:e2216cab-73ab-4adb-a755-310d1c9d6cac,"Jul 1, 2026 9:29:07 AM",ENUM05,SCTO-DEV-05,+25674744854,"Jul 1, 2026 7:55:25 AM","Jul 1, 2026 8:20:07 AM",24.7,1202047,1202,0.196479 32.867976 0.0 13.0,1,53,2,1,0,7,2,3,,,,,,,,,3,2,0,2,3,Baraka,34,0,0,Amina,7,0,0,,,,,
uuid:698b5415-dd7c-4ec2-8f62-50036429d093,"Jul 14, 2026 8:59:17 AM",ENUM02,SCTO-DEV-02,+25671419610,"Jul 14, 2026 8:11:41 AM","Jul 14, 2026 8:26:17 AM",14.6,1203001,1203,0.192649 32.586980 0.0 5.0,0,,,,,,,,,,,,,,,,,,,,,,,,,,,,,,,,,
uuid:d0200e5f-e304-4ce5-a057-b75daa0f505f,"Jul 3, 2026 3:40:21 AM",ENUM01,SCTO-DEV-01,+25672867825,"Jul 3, 2026 2:03:27 AM","Jul 3, 2026 2:31:21 AM",27.9,1202065,1202,0.191823 32.868009 0.0 8.0,1,29,1,1,2,4,3,1,,1,3,,1,1,2,0,3,0,0,1,2,Baraka,18,0,0,Aisha,16,0,0,Nia,19,0,0,
uuid:12692075-2c45-41a7-ba44-c229145e1960,"Jul 16, 2026 7:58:16 PM",ENUM01,SCTO-DEV-01,+25672867825,"Jul 16, 2026 7:11:28 PM","Jul 16, 2026 7:30:16 PM",18.8,1404071,1404,0.421111 32.874300 0.0 6.0,1,80,2,0,3,3,0,3,,1,1,,1,1,36,0,0,5,1,2,3,,,,,,,,,,,,,
uuid:3614ca8f-5475-4cd3-91c7-28a719a989d0,"Jul 20, 2026 3:18:47 PM",ENUM04,SCTO-DEV-04,+25675108603,"Jul 20, 2026 2:26:35 PM","Jul 20, 2026 2:45:47 PM",19.2,1204035,1204,0.191943 32.732841 0.0 5.0,1,77,2,1,2,7,1,1,,0,,,,,,,4,3,0,2,3,Kwame,1,0,0,,,,,,,,,
uuid:5619cccd-2d9d-4448-84bf-088151e25013,"Jul 11, 2026 1:43:38 AM",ENUM05,SCTO-DEV-05,+25674744854,"Jul 11, 2026 12:01:44 AM","Jul 11, 2026 12:27:38 AM",25.9,1204096,1204,0.208350 32.739958 0.0 14.0,1,71,2,1,0,8,1,1,,,,,,,,,6,3,1,3,1,Nia,9,0,0,,,,,,,,,
uuid:83d32ea4-5a57-48a9-a4c4-c0eaf68c7cec,"Jul 7, 2026 6:18:23 PM",ENUM03,SCTO-DEV-03,+25675614226,"Jul 7, 2026 5:03:59 PM","Jul 7, 2026 5:27:23 PM",23.4,1303011,1303,0.307319 32.728012 0.0 13.0,1,43,2,0,0,8,1,3,,1,-666,Plastic drum,1,1,2,0,5,1,0,2,3,Zainab,25,0,1,,,,,,,,,
uuid:24998ddc-0e29-4f7c-8da8-fc3d12167c23,"Jul 18, 2026 11:28:16 AM",ENUM07,SCTO-DEV-07,+25672719583,"Jul 18, 2026 9:59:04 AM","Jul 18, 2026 10:26:16 AM",27.2,1302033,1302,0.305596 32.584071 0.0 6.0,1,48,2,1,0,7,2,3,,1,1,,1,0,2,1,6,1,0,3,1,Kofi,17,0,0,Amara,55,0,0,,,,,
uuid:aea4aeac-c521-4b86-98bb-1b56fdff5c84,"Jul 17, 2026 2:00:41 AM",ENUM08,SCTO-DEV-08,+25672458591,"Jul 17, 2026 12:55:23 AM","Jul 17, 2026 1:15:41 AM",20.3,1401052,1401,0.414745 32.452748 0.0 7.0,1,58,1,1,0,8,1,1,,0,,,,,,,4,5,0,3,3,Kofi,10,0,1,,,,,,,,,
uuid:bc753c46-c684-4228-b75d-067081aa92ef,"Jul 1, 2026 4:31:35 PM",ENUM06,SCTO-DEV-06,+25673341057,"Jul 1, 2026 4:11:35 PM","Jul 1, 2026 4:16:17 PM",4.7,1202005,1202,0.192535 32.868419 0.0 5.0,1,27,2,0,2,3,1,1,,1,3,,0,0,8,0,7,0,0,2,2,Thabo,45,0,1,,,,,,,,,
uuid:5205662d-57df-411a-b148-e59c84a8d247,"Jul 4, 2026 9:06:31 AM",ENUM05,SCTO-DEV-05,+25674744854,"Jul 4, 2026 7:29:07 AM","Jul 4, 2026 7:56:31 AM",27.4,1203056,1203,0.209677 32.580065 0.0 7.0,1,51,2,0,2,8,0,1,,1,-666,Plastic drum,1,1,18,0,0,0,0,1,3,,,,,,,,,,,,,
uuid:008cf4cf-f817-4429-ad1e-8bbe5398dafa,"Jul 20, 2026 6:06:42 AM",ENUM07,SCTO-DEV-07,+25672719583,"Jul 20, 2026 5:14:24 AM","Jul 20, 2026 5:37:42 AM",23.3,1403042,1403,0.428657 32.729440 0.0 8.0,1,66,1,0,2,7,2,1,,1,2,,0,1,18,1,8,4,1,2,3,Aisha,13,0,0,Oluwaseun,1,0,0,,,,,
uuid:698751e6-a323-4984-b8d4-fb1ab56364dc,"Jul 1, 2026 9:12:39 AM",ENUM04,SCTO-DEV-04,+25675108603,"Jul 1, 2026 7:29:39 AM","Jul 1, 2026 7:45:39 AM",16.0,1404075,1404,0.412209 32.876111 0.0 10.0,1,31,2,1,0,7,0,2,,1,2,,1,1,18,1,0,1,1,2,2,,,,,,,,,,,,,
uuid:ed3f1af9-3c49-40c2-bb43-d1b57a0b745d,"Jul 16, 2026 4:55:39 PM",ENUM05,SCTO-DEV-05,+25674744854,"Jul 16, 2026 4:21:39 PM","Jul 16, 2026 4:49:39 PM",28.0,1402075,1402,0.415468 32.583046 0.0 14.0,1,57,2,0,2,3,0,2,,,,,,,,,0,3,0,2,1,,,,,,,,,,,,,
uuid:88ec780f-d5c2-41d6-9382-f1d1fc611387,"Jul 8, 2026 12:06:25 AM",ENUM01,SCTO-DEV-01,+25672867825,"Jul 7, 2026 11:02:01 PM","Jul 7, 2026 11:25:25 PM",23.4,1304035,1304,0.300907 32.876948 0.0 6.0,1,20,1,1,1,9,2,1,,0,,,,,,,6,4,0,2,3,Chidi,11,0,0,Chidi,23,0,1,,,,,
uuid:a911773e-8ddd-4bb2-93b0-f94965368215,"Jul 12, 2026 1:25:20 AM",ENUM02,SCTO-DEV-02,+25671419610,"Jul 12, 2026 12:06:14 AM","Jul 12, 2026 12:18:20 AM",12.1,1204105,1204,0.206320 32.733077 0.0 13.0,1,48,2,0,3,7,3,-666,Rainwater ,1,3,,1,1,48,0,5,3,0,3,3,Aisha,15,0,1,Amara,34,0,0,Baraka,3,0,0,
uuid:24f06517-0bc1-48ac-b53b-af0213c7b1a4,"Jul 1, 2026 9:08:19 PM",ENUM08,SCTO-DEV-08,+25672458591,"Jul 1, 2026 7:43:37 PM","Jul 1, 2026 7:58:19 PM",14.7,1402069,1402,0.421175 32.599226 0.0 4.0,1,22,2,1,3,5,1,1,,0,1,,,,6,,5,3,1,1,2,Jelani,7,0,0,,,,,,,,,
uuid:f5dd98ea-60d0-445d-bdf0-9eb80471f21b,"Jul 19, 2026 7:35:08 AM",ENUM04,SCTO-DEV-04,+25675108603,"Jul 19, 2026 6:48:38 AM","Jul 19, 2026 7:02:08 AM",13.5,1201005,1201,0.201066 32.451681 0.0 15.0,1,72,2,1,1,7,0,2,,1,2,,0,1,24,0,4,3,1,2,3,,,,,,,,,,,,,
uuid:9a106725-20d9-4133-b219-5d16d4375b25,"Jul 8, 2026 5:43:30 AM",ENUM08,SCTO-DEV-08,+25672458591,"Jul 8, 2026 4:39:18 AM","Jul 8, 2026 4:52:30 AM",13.2,1201022,1201,0.190740 32.450669 0.0 12.0,1,24,2,1,0,9,0,3,,0,,,,,,,0,5,0,2,3,,,,,,,,,,,,,
uuid:94df7322-48fb-4e51-be38-837ba71783c4,"Jul 10, 2026 8:14:21 PM",ENUM04,SCTO-DEV-04,+25675108603,"Jul 10, 2026 7:13:03 PM","Jul 10, 2026 7:30:21 PM",17.3,1402035,1402,0.412679 32.581159 0.0 8.0,1,28,1,0,0,6,0,1,,1,3,,1,0,18,1,6,0,1,2,3,,,,,,,,,,,,,
uuid:6e6cd656-32a0-4cdb-b69e-be8f0d86f2c1,"Jul 17, 2026 12:42:40 AM",ENUM01,SCTO-DEV-01,+25672867825,"Jul 16, 2026 10:58:16 PM","Jul 16, 2026 11:25:40 PM",27.4,1301015,1301,0.300696 32.454789 0.0 4.0,1,49,2,0,2,7,3,2,,1,1,,1,1,18,0,7,1,0,2,3,Chidi,58,0,0,Adaeze,50,1,,Zuri,52,0,0,
uuid:a6853f88-17d5-4477-8863-02444bb76772,"Jul 10, 2026 8:38:20 PM",ENUM05,SCTO-DEV-05,+25674744854,"Jul 10, 2026 7:00:56 PM","Jul 10, 2026 7:12:20 PM",11.4,1304064,1304,0.306491 32.868568 0.0 11.0,1,53,2,1,1,2,2,4,,,,,,,,,6,2,0,3,3,Nia,22,0,0,Zainab,26,0,0,,,,,
uuid:78864ce9-ec88-4645-be70-f5b80b33fdbe,"Jul 18, 2026 12:59:18 AM",ENUM03,SCTO-DEV-03,+25675614226,"Jul 18, 2026 12:28:24 AM","Jul 18, 2026 12:54:18 AM",25.9,1401084,1401,0.425126 32.441933 0.0 5.0,1,73,1,1,0,5,1,4,,0,,,,,,,7,3,0,2,1,Amina,24,0,0,,,,,,,,,
uuid:0aa530be-bd5a-4771-a1c8-79395f2c653a,"Jul 16, 2026 12:54:09 PM",ENUM06,SCTO-DEV-06,+25673341057,"Jul 16, 2026 11:03:15 AM","Jul 16, 2026 11:07:09 AM",3.9,1403119,1403,0.424008 32.725526 0.0 10.0,1,56,2,0,2,7,1,3,,1,1,,0,1,4,0,6,5,0,2,3,Thabo,6,0,1,,,,,,,,,
uuid:a300f0a2-eb43-43ec-813b-d16648130d1a,"Jul 20, 2026 8:10:28 AM",ENUM02,SCTO-DEV-02,+25671419610,"Jul 20, 2026 6:31:16 AM","Jul 20, 2026 6:48:28 AM",17.2,1301038,1301,0.300508 32.450866 0.0 5.0,1,48,2,1,0,6,0,1,,1,2,,0,0,36,1,6,6,0,3,2,,,,,,,,,,,,,
uuid:0884f7df-2a7d-4c7c-8e41-a8a7182e76c3,"Jul 5, 2026 8:01:57 AM",ENUM01,SCTO-DEV-01,+25672867825,"Jul 5, 2026 7:38:45 AM","Jul 5, 2026 7:52:57 AM",14.2,1204065,1204,0.208082 32.735533 0.0 8.0,1,49,1,0,2,2,1,1,,1,-666,Plastic drum,1,1,4,1,0,0,0,2,3,Kofi,7,0,0,,,,,,,,,
uuid:7304e6cc-af21-4c61-b720-313524210b8d,"Jul 18, 2026 5:56:02 AM",ENUM05,SCTO-DEV-05,+25674744854,"Jul 18, 2026 4:51:38 AM","Jul 18, 2026 5:19:02 AM",27.4,1204026,1204,0.190909 32.731323 0.0 15.0,1,43,2,0,0,4,1,2,,,,,,,,,0,4,0,2,2,Zainab,16,0,0,,,,,,,,,
uuid:cfc9d783-5b7e-487b-99ff-684b8ce2ae53,"Jul 14, 2026 11:58:00 AM",ENUM06,SCTO-DEV-06,+25673341057,"Jul 14, 2026 10:25:00 AM","Jul 14, 2026 10:29:24 AM",4.4,1403015,1403,0.414550 32.721220 0.0 10.0,1,72,2,1,3,6,0,4,,0,,,,,,,3,7,0,2,2,,,,,,,,,,,,,
uuid:7540c854-4fa0-4a1a-a947-8f2d59d24643,"Jul 16, 2026 6:51:32 AM",ENUM05,SCTO-DEV-05,+25674744854,"Jul 16, 2026 5:18:50 AM","Jul 16, 2026 5:35:32 AM",16.7,1402081,1402,0.415781 32.584021 0.0 13.0,1,63,2,0,3,7,1,2,,1,1,,1,1,1,1,5,0,0,2,1,Aisha,24,0,0,,,,,,,,,
uuid:38fa6c2f-4b2d-40ac-a63e-ac495c9ab56f,"Jul 11, 2026 1:14:07 AM",ENUM08,SCTO-DEV-08,+25672458591,"Jul 10, 2026 11:54:37 PM","Jul 11, 2026 12:15:07 AM",20.5,1302066,1302,0.314202 32.589019 0.0 6.0,1,66,2,1,2,3,0,2,,1,3,,0,0,6,1,0,3,1,2,3,,,,,,,,,,,,,
uuid:40dd3f69-a90b-4b9d-90ef-891c27a82b3d,"Jul 16, 2026 4:03:21 PM",ENUM04,SCTO-DEV-04,+25675108603,"Jul 16, 2026 2:26:27 PM","Jul 16, 2026 2:54:21 PM",27.9,1202008,1202,0.205897 32.879788 0.0 15.0,1,64,2,0,2,7,1,1,,1,1,,0,0,1,0,2,2,0,3,3,Baraka,42,0,0,,,,,,,,,
uuid:f6763240-3091-47c6-9e04-e4f4750186bc,"Jul 3, 2026 1:56:26 AM",ENUM06,SCTO-DEV-06,+25673341057,"Jul 3, 2026 12:13:20 AM","Jul 3, 2026 12:17:38 AM",4.3,1201025,1201,0.204786 32.458587 0.0 12.0,1,80,1,0,0,3,0,2,,1,2,,1,0,6,1,0,5,0,2,1,,,,,,,,,,,,,
uuid:90a920c0-9e67-43a6-995b-34fdac961833,"Jul 13, 2026 9:42:37 PM",ENUM04,SCTO-DEV-04,+25675108603,"Jul 13, 2026 8:58:19 PM","Jul 13, 2026 9:12:37 PM",14.3,1304093,1304,0.317261 32.860435 0.0 5.0,1,52,2,1,2,9,3,1,,0,,,,,,,2,3,0,3,1,Oluwaseun,42,0,0,Chidi,26,1,,Sekai,1,0,0,
uuid:817c14c7-567f-40ef-91dd-4e9f87b21f4a,"Jul 5, 2026 12:30:39 PM",ENUM08,SCTO-DEV-08,+25672458591,"Jul 5, 2026 11:42:33 AM","Jul 5, 2026 12:09:39 PM",27.1,1203007,1203,0.209443 32.596169 0.0 6.0,1,24,2,1,3,5,3,2,,0,,,,,,,0,7,0,3,3,Femi,35,0,0,Sekai,58,0,0,Jelani,37,0,0,
uuid:49a9e244-7e34-4d4c-9714-7a4ed4aad09b,"Jul 6, 2026 7:52:29 PM",ENUM06,SCTO-DEV-06,+25673341057,"Jul 6, 2026 7:06:35 PM","Jul 6, 2026 7:10:11 PM",3.6,1403101,1403,0.427743 32.735710 0.0 11.0,1,40,2,0,0,3,0,1,,1,2,,1,1,48,0,5,3,0,2,2,,,,,,,,,,,,,
uuid:674a7fbf-8d28-4312-a365-f596a3ecfca4,"Jul 7, 2026 9:51:08 AM",ENUM03,SCTO-DEV-03,+25675614226,"Jul 7, 2026 8:38:14 AM","Jul 7, 2026 8:50:08 AM",11.9,1202007,1202,0.207482 32.871091 0.0 5.0,1,34,2,1,1,6,1,2,,0,,,,,,,0,7,0,1,1,Adaeze,3,0,0,,,,,,,,,
uuid:0e43921b-2616-4707-b7a0-2ebb26e9e8ea,"Jul 19, 2026 9:04:36 PM",ENUM04,SCTO-DEV-04,+25675108603,"Jul 19, 2026 8:27:48 PM","Jul 19, 2026 8:47:36 PM",19.8,1403104,1403,0.418732 32.725490 0.0 6.0,1,64,1,0,1,7,1,2,,1,2,,1,0,12,0,3,0,0,3,2,Jelani,21,0,0,,,,,,,,,
uuid:45fcd08a-9202-4aaf-af24-a988d0d186f7,"Jul 14, 2026 8:36:18 AM",ENUM04,SCTO-DEV-04,+25675108603,"Jul 14, 2026 6:42:24 AM","Jul 14, 2026 7:08:18 AM",25.9,1401049,1401,0.411319 32.452055 0.0 7.0,1,76,1,1,2,5,2,1,,1,-666,Plastic drum,1,1,36,0,6,3,0,2,2,Naledi,56,0,0,Kofi,19,0,0,,,,,
uuid:a1a5295e-f623-440f-a172-b99d3f96f9d1,"Jul 17, 2026 3:42:45 PM",ENUM05,SCTO-DEV-05,+25674744854,"Jul 17, 2026 3:14:39 PM","Jul 17, 2026 3:39:45 PM",25.1,1302099,1302,0.304698 32.598556 0.0 5.0,1,21,1,0,2,7,2,2,,,,,,,,,0,3,1,2,3,Zuri,28,1,,Zainab,16,0,1,,,,,
uuid:ec7ea652-7dd8-4045-9546-a57b1e3d7bd0,"Jul 19, 2026 8:05:51 AM",ENUM07,SCTO-DEV-07,+25672719583,"Jul 19, 2026 7:31:45 AM","Jul 19, 2026 7:57:51 AM",26.1,1203112,1203,0.202967 32.588937 0.0 8.0,1,58,2,0,2,4,0,2,,0,,,,,,,5,3,0,2,1,,,,,,,,,,,,,
uuid:3872de2e-8546-42cb-9233-bcab5d32a930,"Jul 14, 2026 1:13:39 AM",ENUM08,SCTO-DEV-08,+25672458591,"Jul 14, 2026 12:11:03 AM","Jul 14, 2026 12:27:39 AM",16.6,1403065,1403,0.428425 32.732574 0.0 5.0,1,45,2,0,1,7,1,3,,1,3,,1,0,24,0,0,0,0,2,2,Sekai,7,0,1,,,,,,,,,
uuid:186dccdc-3337-435a-be81-5fa4bf3c07c3,"Jul 12, 2026 11:39:30 PM",ENUM06,SCTO-DEV-06,+25673341057,"Jul 12, 2026 10:35:36 PM","Jul 12, 2026 10:39:36 PM",4.0,1404013,1404,0.425495 32.869739 0.0 5.0,1,41,1,0,1,5,1,4,,0,1,,1,1,6,0,3,5,1,3,3,Kojo,30,0,1,,,,,,,,,
uuid:38f31cf0-ae78-4225-ba1a-3223ad18ce38,"Jul 14, 2026 6:00:25 AM",ENUM08,SCTO-DEV-08,+25672458591,"Jul 14, 2026 5:11:19 AM","Jul 14, 2026 5:31:25 AM",20.1,1401025,1401,0.417693 32.451619 0.0 10.0,1,47,1,1,2,2,0,4,,1,2,,1,1,12,0,6,5,1,2,1,,,,,,,,,,,,,
uuid:4dddf167-d55e-4022-ae7f-45ce2864c74c,"Jul 15, 2026 9:17:16 AM",ENUM05,SCTO-DEV-05,+25674744854,"Jul 15, 2026 7:30:22 AM","Jul 15, 2026 7:47:16 AM",16.9,1301009,1301,0.307963 32.442761 0.0 14.0,1,34,1,0,1,3,0,1,,,,,,,,,4,6,0,2,2,,,,,,,,,,,,,
uuid:9120f85e-785a-461e-8659-788e62b7099c,"Jul 5, 2026 1:22:55 AM",ENUM07,SCTO-DEV-07,+25672719583,"Jul 5, 2026 12:40:13 AM","Jul 5, 2026 1:02:55 AM",22.7,1301045,1301,0.309475 32.440152 0.0 9.0,1,23,1,0,0,3,2,1,,1,1,,1,0,8,0,5,6,0,1,2,Amina,21,0,0,Jelani,34,0,0,,,,,
uuid:996e4742-2643-4989-8b44-e5dc747d9391,"Jul 11, 2026 3:59:59 PM",ENUM03,SCTO-DEV-03,+25675614226,"Jul 11, 2026 3:25:29 PM","Jul 11, 2026 3:39:59 PM",14.5,1303050,1303,0.307229 32.735302 0.0 8.0,1,58,1,1,1,3,3,1,,1,3,,0,0,4,1,2,0,0,2,2,Tendai,30,0,0,Zuri,22,0,0,Femi,51,0,0,
uuid:759463f1-395e-4ba9-bde7-6bc1b02db216,"Jul 9, 2026 2:07:02 AM",ENUM04,SCTO-DEV-04,+25675108603,"Jul 9, 2026 12:58:38 AM","Jul 9, 2026 1:13:02 AM",14.4,1201060,1201,0.191228 32.449561 0.0 14.0,1,31,2,1,1,8,0,1,,1,3,,0,0,2,1,0,5,0,3,1,,,,,,,,,,,,,
uuid:b46b1ddc-854e-47c7-bfd6-2360a310acf8,"Jul 14, 2026 7:06:51 AM",ENUM08,SCTO-DEV-08,+25672458591,"Jul 14, 2026 5:28:15 AM","Jul 14, 2026 5:46:51 AM",18.6,1403108,1403,0.413831 32.735190 0.0 8.0,1,80,1,1,1,2,1,2,,1,1,,1,1,4,1,2,0,1,3,1,Amara,4,1,,,,,,,,,,
uuid:bd4389b8-464e-4c25-9eb5-81efb8167177,"Jul 13, 2026 10:39:02 PM",ENUM06,SCTO-DEV-06,+25673341057,"Jul 13, 2026 9:58:14 PM","Jul 13, 2026 10:02:14 PM",4.0,1301058,1301,0.300011 32.457545 0.0 13.0,1,43,1,0,3,6,2,2,,1,2,,1,0,99,0,3,2,0,3,1,Sekai,50,0,1,Amara,13,1,,,,,,
uuid:ec2f49cd-85c3-4630-970d-ee596932e471,"Jul 8, 2026 3:06:03 PM",ENUM07,SCTO-DEV-07,+25672719583,"Jul 8, 2026 1:14:21 PM","Jul 8, 2026 1:42:03 PM",27.7,1304023,1304,0.318248 32.863184 0.0 4.0,1,69,2,0,3,7,2,1,,1,1,,1,1,36,0,0,5,0,1,1,Kwame,29,0,0,Sekai,44,0,0,,,,,
uuid:139cd647-e543-4abe-ad5b-e6ebc30d9726,"Jul 7, 2026 7:05:15 AM",ENUM07,SCTO-DEV-07,+25672719583,"Jul 7, 2026 6:29:57 AM","Jul 7, 2026 6:49:15 AM",19.3,1401064,1401,0.417592 32.441330 0.0 13.0,1,64,2,0,2,4,2,2,,1,3,,1,1,48,1,0,6,0,1,3,Chidi,47,0,0,Aisha,53,0,0,,,,,
uuid:b5fef838-d9ee-4361-a32a-3f74be66dc29,"Jul 10, 2026 4:21:34 PM",ENUM03,SCTO-DEV-03,+25675614226,"Jul 10, 2026 2:40:22 PM","Jul 10, 2026 2:59:34 PM",19.2,1203038,1203,0.204055 32.585967 0.0 6.0,1,31,2,1,1,8,2,1,,1,2,,0,1,36,0,3,6,0,2,3,Tendai,11,0,0,Amara,35,0,0,,,,,
uuid:fe96a044-61dd-4afd-b9be-5ca09618ef84,"Jul 3, 2026 6:30:03 AM",ENUM01,SCTO-DEV-01,+25672867825,"Jul 3, 2026 5:42:33 AM","Jul 3, 2026 5:55:03 AM",12.5,1402051,1402,0.410649 32.580264 0.0 8.0,1,79,1,1,0,9,2,2,,1,3,,1,0,2,0,5,6,1,1,3,Jelani,48,0,0,Imani,6,0,0,,,,,
uuid:e11fc7ec-10f3-450a-9a73-e8f8ce08bb03,"Jul 9, 2026 8:04:36 AM",ENUM07,SCTO-DEV-07,+25672719583,"Jul 9, 2026 7:08:24 AM","Jul 9, 2026 7:29:36 AM",21.2,1201066,1201,0.191288 32.458157 0.0 4.0,1,67,1,1,0,9,0,2,,1,1,,1,1,2,0,3,7,0,3,1,,,,,,,,,,,,,
uuid:49ff75e7-1b9d-47a8-9244-48b4309ada23,"Jul 6, 2026 3:26:08 PM",ENUM05,SCTO-DEV-05,+25674744854,"Jul 6, 2026 2:29:38 PM","Jul 6, 2026 2:41:08 PM",11.5,1203044,1203,0.194975 32.593570 0.0 10.0,1,73,2,1,2,6,1,1,,,,,,,,,2,0,1,3,1,Sekai,34,0,0,,,,,,,,,
uuid:dcfada7b-f785-45e8-a69d-d2d77a5353ee,"Jul 18, 2026 6:03:30 PM",ENUM03,SCTO-DEV-03,+25675614226,"Jul 18, 2026 5:29:00 PM","Jul 18, 2026 5:52:30 PM",23.5,1404016,1404,0.412283 32.868988 0.0 9.0,1,29,2,1,3,8,0,1,,1,3,,0,1,4,1,5,2,1,2,2,,,,,,,,,,,,,
uuid:30ffb54d-aed6-49ea-8d29-4a1e9c972844,"Jul 17, 2026 2:20:13 AM",ENUM01,SCTO-DEV-01,+25672867825,"Jul 17, 2026 1:05:25 AM","Jul 17, 2026 1:33:13 AM",27.8,1402058,1402,0.418046 32.582634 0.0 4.0,1,29,2,0,1,2,1,1,,1,2,,1,0,4,0,4,5,0,3,1,Kwame,15,0,0,,,,,,,,,
uuid:3a74022b-e507-4155-844e-01ee766daa77,"Jul 4, 2026 5:32:45 PM",ENUM02,SCTO-DEV-02,+25671419610,"Jul 4, 2026 3:44:45 PM","Jul 4, 2026 4:04:45 PM",20.0,1303034,1303,0.306265 32.738698 0.0 15.0,1,64,2,0,3,9,1,1,,1,2,,0,1,4,0,1,0,0,3,2,Amina,56,0,0,,,,,,,,,
uuid:d3a75ae3-ee16-4005-989f-65d32cd60e86,"Jul 20, 2026 10:45:52 AM",ENUM01,SCTO-DEV-01,+25672867825,"Jul 20, 2026 10:29:22 AM","Jul 20, 2026 10:40:52 AM",11.5,1201069,1201,0.201420 32.445555 0.0 4.0,1,71,2,0,2,4,0,1,,1,1,,0,0,60,0,1,1,1,3,2,,,,,,,,,,,,,
uuid:6957e16f-7e43-4091-9ab6-e55bc8d833c6,"Jul 9, 2026 1:11:20 AM",ENUM07,SCTO-DEV-07,+25672719583,"Jul 9, 2026 12:37:44 AM","Jul 9, 2026 1:03:20 AM",25.6,1303024,1303,0.312679 32.736919 0.0 8.0,1,55,1,0,1,8,0,1,,1,3,,1,1,18,0,7,0,1,3,2,,,,,,,,,,,,,
uuid:11cda278-5ad1-4913-b0b6-957cdc40f500,"Jul 3, 2026 4:39:28 AM",ENUM04,SCTO-DEV-04,+25675108603,"Jul 3, 2026 3:24:04 AM","Jul 3, 2026 3:35:28 AM",11.4,1302103,1302,0.301836 32.585020 0.0 8.0,1,49,2,0,1,2,2,1,,0,,,,,,,7,7,0,2,2,,,,,,,,,,,,,
uuid:6dc914d3-723a-46f4-85a1-5ed028da9a84,"Jul 8, 2026 6:34:42 PM",ENUM04,SCTO-DEV-04,+25675108603,"Jul 8, 2026 6:02:00 PM","Jul 8, 2026 6:18:42 PM",16.7,1201076,1201,0.205096 32.441220 0.0 10.0,1,41,2,1,0,5,0,3,,1,3,,1,0,12,0,0,0,0,2,1,,,,,,,,,,,,,
uuid:727cc583-dd27-400a-9001-ecb2856d4b5a,"Jul 12, 2026 12:10:31 PM",ENUM03,SCTO-DEV-03,+25675614226,"Jul 12, 2026 11:47:13 AM","Jul 12, 2026 12:06:31 PM",19.3,1401059,1401,0.416407 32.445620 0.0 5.0,1,72,1,0,3,4,1,1,,1,3,,1,0,6,0,0,2,0,2,3,Baraka,43,1,,,,,,,,,,
uuid:d8a0c582-2171-4efd-92f0-34da81cc1eda,"Jul 4, 2026 7:54:47 AM",ENUM05,SCTO-DEV-05,+25674744854,"Jul 4, 2026 7:11:29 AM","Jul 4, 2026 7:35:47 AM",24.3,1303110,1303,0.309816 32.733591 0.0 10.0,1,65,1,1,2,7,3,2,,,,,,,,,0,2,0,2,3,Jelani,21,0,0,Adaeze,51,0,1,Kojo,42,0,0,
uuid:69b2d4bc-a602-425d-b815-3396ddb03881,"Jul 1, 2026 3:22:36 PM",ENUM02,SCTO-DEV-02,+25671419610,"Jul 1, 2026 3:02:06 PM","Jul 1, 2026 3:17:36 PM",15.5,1402008,1402,0.428452 32.598974 0.0 10.0,1,55,2,0,3,3,2,2,,1,1,,1,0,4,0,1,4,0,2,3,Adaeze,46,0,0,Baraka,5,0,1,,,,,
uuid:e2995935-ba12-4fac-86d1-c5dcd471658f,"Jul 3, 2026 12:53:42 AM",ENUM07,SCTO-DEV-07,+25672719583,"Jul 3, 2026 12:17:00 AM","Jul 3, 2026 12:37:42 AM",20.7,1303037,1303,0.315648 32.725965 0.0 5.0,1,82,1,1,2,2,0,4,,0,,,,,,,0,5,1,1,1,,,,,,,,,,,,,
uuid:92d66a2f-2567-4e5a-b9df-ac1985b62207,"Jul 6, 2026 1:06:35 AM",ENUM06,SCTO-DEV-06,+25673341057,"Jul 5, 2026 11:25:53 PM","Jul 5, 2026 11:30:35 PM",4.7,1203078,1203,0.207467 32.599386 0.0 6.0,1,35,2,1,2,6,2,-666,Rainwater ,0,,,,,,,0,6,0,3,3,Kofi,46,0,0,Naledi,0,0,0,,,,,
uuid:ce13f53d-b611-4b75-8a4e-d47b92ff1b2c,"Jul 10, 2026 10:27:08 AM",ENUM05,SCTO-DEV-05,+25674744854,"Jul 10, 2026 9:45:08 AM","Jul 10, 2026 10:12:08 AM",27.0,1302022,1302,0.301038 32.584792 0.0 13.0,1,49,2,0,0,6,0,2,,,,,,,,,7,4,1,2,2,,,,,,,,,,,,,
uuid:3f253f9f-dad4-43f2-bc20-7c6658175611,"Jul 18, 2026 2:26:00 AM",ENUM05,SCTO-DEV-05,+25674744854,"Jul 18, 2026 12:48:30 AM","Jul 18, 2026 1:11:00 AM",22.5,1402029,1402,0.426357 32.587219 0.0 4.0,1,48,2,1,0,6,0,3,,,,,,,,,0,7,0,3,1,,,,,,,,,,,,,
uuid:e64adf4d-e36b-40ee-bb04-628237475ba0,"Jul 5, 2026 12:52:28 PM",ENUM02,SCTO-DEV-02,+25671419610,"Jul 5, 2026 12:00:22 PM","Jul 5, 2026 12:12:28 PM",12.1,1402070,1402,0.413095 32.598092 0.0 8.0,1,30,1,0,3,3,0,1,,0,,,,,,,1,0,1,3,3,,,,,,,,,,,,,
uuid:c8e8a816-f697-4455-9e4a-72e7edcb986c,"Jul 12, 2026 4:42:21 PM",ENUM04,SCTO-DEV-04,+25675108603,"Jul 12, 2026 3:36:27 PM","Jul 12, 2026 3:50:21 PM",13.9,1303102,1303,0.303572 32.734490 0.0 10.0,1,69,1,1,1,5,1,1,,1,1,,1,1,48,0,7,3,1,2,1,Amina,12,0,0,,,,,,,,,
uuid:be26ca9a-0c5e-470d-a387-ddd9fbe4385f,"Jul 4, 2026 9:13:21 PM",ENUM02,SCTO-DEV-02,+25671419610,"Jul 4, 2026 7:34:33 PM","Jul 4, 2026 7:52:21 PM",17.8,1203065,1203,0.193019 32.583036 0.0 7.0,1,39,1,0,3,9,2,1,,1,3,,1,1,18,0,0,0,1,2,2,Nia,42,0,0,Sekai,59,0,0,,,,,
uuid:a332b241-f472-449e-af14-79abcd7acbaf,"Jul 18, 2026 9:52:50 PM",ENUM03,SCTO-DEV-03,+25675614226,"Jul 18, 2026 8:46:02 PM","Jul 18, 2026 8:59:50 PM",13.8,1403030,1403,0.420250 32.736312 0.0 9.0,1,43,1,0,3,3,0,1,,1,1,,1,1,6,0,0,6,0,3,3,,,,,,,,,,,,,
uuid:0cc4fdb2-6e2f-4d53-b176-c4aaaca29bc7,"Jul 15, 2026 9:02:44 PM",ENUM01,SCTO-DEV-01,+25672867825,"Jul 15, 2026 8:08:02 PM","Jul 15, 2026 8:30:44 PM",22.7,1302035,1302,0.308514 32.593500 0.0 4.0,1,53,1,0,2,8,0,1,,1,2,,1,1,99,0,0,3,1,3,2,,,,,,,,,,,,,
uuid:7d9f6f58-15be-4d93-8da4-8618f3160b3b,"Jul 15, 2026 5:19:25 AM",ENUM06,SCTO-DEV-06,+25673341057,"Jul 15, 2026 3:55:19 AM","Jul 15, 2026 3:59:49 AM",4.5,1202094,1202,0.195158 32.872168 0.0 8.0,1,29,2,1,0,6,2,2,,0,,,,,,,4,7,1,1,2,Kojo,18,0,0,Jelani,5,0,0,,,,,
uuid:5d4de21e-a95d-4ab4-aad0-199cf61e9fb5,"Jul 8, 2026 8:18:04 AM",ENUM05,SCTO-DEV-05,+25674744854,"Jul 8, 2026 6:38:58 AM","Jul 8, 2026 6:52:04 AM",13.1,1404004,1404,0.420864 32.877915 0.0 10.0,1,63,1,0,0,6,3,1,,,,,,,,,4,5,1,1,3,Kojo,44,0,1,Amina,15,0,0,Zainab,14,0,1,
uuid:f1acbd36-d424-4dae-abba-015de736faf3,"Jul 12, 2026 10:13:50 PM",ENUM04,SCTO-DEV-04,+25675108603,"Jul 12, 2026 8:18:56 PM","Jul 12, 2026 8:43:50 PM",24.9,1403048,1403,0.429759 32.732109 0.0 6.0,1,79,2,1,3,4,1,1,,0,,,,,,,0,6,0,3,3,Zuri,12,0,0,,,,,,,,,
uuid:b8431448-8473-4288-84a4-b79596d908c1,"Jul 3, 2026 10:43:11 PM",ENUM07,SCTO-DEV-07,+25672719583,"Jul 3, 2026 9:32:53 PM","Jul 3, 2026 9:48:11 PM",15.3,1302095,1302,0.307103 32.597656 0.0 8.0,1,41,1,1,2,4,0,2,,1,1,,1,0,4,1,1,4,1,1,3,,,,,,,,,,,,,
uuid:20a0b39b-30ab-4da1-b6a5-b2d710702e29,"Jul 13, 2026 5:47:02 AM",ENUM06,SCTO-DEV-06,+25673341057,"Jul 13, 2026 4:38:20 AM","Jul 13, 2026 4:42:32 AM",4.2,1202110,1202,0.202407 32.865787 0.0 13.0,1,,,,,,2,,,,3,,1,1,4,0,,,,,,Nia,8,0,0,Nia,53,0,1,,,,,
uuid:e3528990-542c-4692-a661-4aaa73b49d48,"Jul 7, 2026 4:58:29 AM",ENUM07,SCTO-DEV-07,+25672719583,"Jul 7, 2026 4:15:53 AM","Jul 7, 2026 4:30:29 AM",14.6,1401026,1401,0.411117 32.442756 0.0 15.0,1,37,2,1,3,7,0,1,,1,2,,1,1,4,0,0,0,0,1,3,,,,,,,,,,,,,
uuid:4966a659-58fd-4611-9d7d-5e63cd594c61,"Jul 12, 2026 3:06:13 PM",ENUM08,SCTO-DEV-08,+25672458591,"Jul 12, 2026 1:45:31 PM","Jul 12, 2026 2:11:13 PM",25.7,1303095,1303,0.317154 32.720188 0.0 8.0,1,47,2,0,3,5,2,2,,1,1,,1,1,48,0,5,5,0,1,1,Imani,55,0,0,Kwame,34,0,0,,,,,
uuid:c327422b-9438-4c5d-a379-71f05571ad95,"Jul 18, 2026 8:07:08 PM",ENUM07,SCTO-DEV-07,+25672719583,"Jul 18, 2026 6:32:50 PM","Jul 18, 2026 6:49:08 PM",16.3,1201010,1201,0.208783 32.451439 0.0 12.0,1,23,1,0,3,2,2,1,,1,-666,Plastic drum,1,1,60,0,0,2,0,2,3,Chidi,27,0,0,Zainab,57,0,0,,,,,
uuid:37e28139-20b8-43d5-bca0-371c785e6ef1,"Jul 16, 2026 1:49:27 PM",ENUM04,SCTO-DEV-04,+25675108603,"Jul 16, 2026 12:22:15 PM","Jul 16, 2026 12:36:27 PM",14.2,1304057,1304,0.315388 32.861526 0.0 6.0,1,31,1,1,0,2,0,2,,1,1,,1,0,18,0,5,0,0,1,3,,,,,,,,,,,,,
uuid:5fdda8ad-a7fb-4cc2-b917-71d76b679d4c,"Jul 4, 2026 1:45:46 PM",ENUM08,SCTO-DEV-08,+25672458591,"Jul 4, 2026 12:45:52 PM","Jul 4, 2026 12:59:46 PM",13.9,1401072,1401,0.419366 32.450010 0.0 10.0,1,51,1,1,2,6,2,3,,1,1,,1,0,12,0,4,1,1,3,3,Oluwaseun,22,0,0,Amina,50,0,0,,,,,
uuid:e2b63b20-0223-4c5a-b32b-e2cbac3878c0,"Jul 11, 2026 6:41:55 PM",ENUM07,SCTO-DEV-07,+25672719583,"Jul 11, 2026 6:16:25 PM","Jul 11, 2026 6:35:55 PM",19.5,1402045,1402,0.416537 32.588716 0.0 6.0,1,20,2,0,3,7,1,1,,1,1,,1,0,12,0,0,3,0,2,3,Oluwaseun,16,0,0,,,,,,,,,
uuid:3369037c-a721-4b37-8986-a95b07185fae,"Jul 12, 2026 10:24:57 AM",ENUM04,SCTO-DEV-04,+25675108603,"Jul 12, 2026 10:06:45 AM","Jul 12, 2026 10:23:57 AM",17.2,1204069,1204,0.193653 32.738189 0.0 13.0,1,76,2,1,1,8,2,1,,1,3,,1,1,99,0,1,0,0,3,2,Kojo,52,0,0,Imani,43,1,,,,,,
uuid:d13bf940-274d-48bc-b28e-39a9ac4007eb,"Jul 12, 2026 1:56:04 AM",ENUM01,SCTO-DEV-01,+25672867825,"Jul 12, 2026 12:26:10 AM","Jul 12, 2026 12:38:04 AM",11.9,1204025,1204,0.202524 32.721316 0.0 14.0,1,26,1,0,3,8,0,3,,1,2,,1,1,18,0,2,4,1,2,2,,,,,,,,,,,,,
uuid:839a579b-a27f-47e2-8b12-c2ca2f5f319a,"Jul 21, 2026 10:28:43 AM",ENUM03,SCTO-DEV-03,+25675614226,"Jul 20, 2026 4:51:55 PM","Jul 20, 2026 5:17:43 PM",25.8,1303118,1303,0.308392 32.737738 0.0 7.0,1,67,2,1,2,6,1,1,,0,,,,,,,5,6,0,3,1,Naledi,5,1,,,,,,,,,,
uuid:093c9a67-bc7c-4360-8728-da0f5ac7b799,"Jul 10, 2026 11:30:47 PM",ENUM03,SCTO-DEV-03,+25675614226,"Jul 10, 2026 9:56:05 PM","Jul 10, 2026 10:08:47 PM",12.7,1203075,1203,0.206906 32.596473 0.0 12.0,1,47,1,1,3,8,3,3,,0,1,,1,1,6,0,0,0,0,3,2,Naledi,9,0,0,Zainab,1,0,0,Kwame,16,0,0,
uuid:f0b13796-8e31-4e2b-b25a-b7f8a6685ef5,"Jul 11, 2026 2:38:34 AM",ENUM07,SCTO-DEV-07,+25672719583,"Jul 11, 2026 1:13:10 AM","Jul 11, 2026 1:38:34 AM",25.4,1402043,1402,0.425112 32.589685 0.0 15.0,1,27,1,0,0,2,2,2,,1,1,,1,1,36,0,0,0,1,3,3,Femi,60,0,0,Kojo,39,0,0,,,,,
uuid:26ceebd5-1240-405f-8719-8c2354e40264,"Jul 19, 2026 12:03:24 AM",ENUM03,SCTO-DEV-03,+25675614226,"Jul 18, 2026 11:32:00 PM","Jul 18, 2026 11:55:24 PM",23.4,1302090,1302,0.316716 32.597306 0.0 11.0,1,23,2,1,0,9,2,1,,0,,,,,,,0,1,0,3,2,Zuri,6,0,0,Baraka,3,0,0,,,,,
uuid:2d716220-8be9-45a8-bb76-b8045092cbd5,"Jul 4, 2026 2:22:20 AM",ENUM02,SCTO-DEV-02,+25671419610,"Jul 4, 2026 12:30:56 AM","Jul 4, 2026 12:58:20 AM",27.4,1401085,1401,0.416186 32.457204 0.0 10.0,1,63,1,1,2,4,0,4,,0,,,,,,,2,4,0,2,3,,,,,,,,,,,,,
uuid:e90e8b09-1dc9-437d-980e-9c99f91e0f7b,"Jul 18, 2026 6:11:16 PM",ENUM08,SCTO-DEV-08,+25672458591,"Jul 18, 2026 5:30:58 PM","Jul 18, 2026 5:44:16 PM",13.3,1203060,1203,0.194369 32.581937 0.0 8.0,1,20,2,1,2,9,3,1,,0,,,,,,,4,0,1,2,2,Baraka,2,0,0,Chidi,42,0,0,Thabo,52,0,0,
uuid:113b03ad-4f2d-4819-838f-4ade73a5758d,"Jul 14, 2026 8:04:56 PM",ENUM06,SCTO-DEV-06,+25673341057,"Jul 14, 2026 7:41:26 PM","Jul 14, 2026 7:44:44 PM",3.3,1304043,1304,0.319417 32.873125 0.0 13.0,1,71,1,1,1,5,0,1,,0,,,,,,,0,0,0,3,2,,,,,,,,,,,,,
uuid:9762cc05-63b4-42c4-92e0-f85e7cf37a82,"Jul 18, 2026 6:39:37 AM",ENUM02,SCTO-DEV-02,+25671419610,"Jul 18, 2026 5:30:43 AM","Jul 18, 2026 5:50:37 AM",19.9,1204100,1204,0.199073 32.733763 0.0 7.0,0,,,,,,,,,,,,,,,,,,,,,,,,,,,,,,,,,
uuid:275c04e9-803e-45f7-9e7f-b9c1b5aba886,"Jul 4, 2026 5:21:33 AM",ENUM03,SCTO-DEV-03,+25675614226,"Jul 4, 2026 4:03:39 AM","Jul 4, 2026 4:19:33 AM",15.9,1301030,1301,0.308778 32.457707 0.0 8.0,1,52,1,1,2,4,0,2,,1,1,,1,1,36,0,0,3,0,3,3,,,,,,,,,,,,,
uuid:244169f1-8235-43bd-907e-d00f397dacb8,"Jul 4, 2026 5:01:59 PM",ENUM01,SCTO-DEV-01,+25672867825,"Jul 4, 2026 4:13:41 PM","Jul 4, 2026 4:29:59 PM",16.3,1204103,1204,0.193179 32.730738 0.0 11.0,1,24,2,0,3,2,1,1,,0,,,,,,,0,7,0,2,2,Thabo,40,0,0,,,,,,,,,
uuid:eeca140e-78ee-47aa-8eb0-4b9d6c83587f,"Jul 2, 2026 7:12:53 PM",ENUM05,SCTO-DEV-05,+25674744854,"Jul 2, 2026 6:27:23 PM","Jul 2, 2026 6:41:53 PM",14.5,1204036,1204,0.201714 32.731625 0.0 11.0,1,31,1,0,0,5,1,1,,,,,,,,,3,6,1,1,2,Aisha,37,0,0,,,,,,,,,
uuid:6954a6a4-7a91-4cab-ad14-8094b14a88e5,"Jul 2, 2026 8:48:40 PM",ENUM03,SCTO-DEV-03,+25675614226,"Jul 2, 2026 6:56:40 PM","Jul 2, 2026 7:23:40 PM",27.0,1302088,1302,0.315473 32.592905 0.0 12.0,1,39,1,0,2,3,3,2,,0,,,,,,,0,6,0,3,3,Naledi,3,0,1,Naledi,30,0,0,Imani,29,0,0,
uuid:e77a2bc3-f844-4a7d-81b9-57b4112aef1a,"Jul 2, 2026 6:24:59 AM",ENUM05,SCTO-DEV-05,+25674744854,"Jul 2, 2026 5:17:11 AM","Jul 2, 2026 5:29:59 AM",12.8,1402002,1402,0.416914 32.595729 0.0 10.0,1,33,2,1,2,2,2,1,,,,,,,,,3,5,0,2,3,Zuri,60,0,0,Nia,42,0,0,,,,,
uuid:998e91bf-59f8-4bdd-bc8d-331538ea80ee,"Jul 12, 2026 2:06:27 AM",ENUM02,SCTO-DEV-02,+25671419610,"Jul 12, 2026 12:50:45 AM","Jul 12, 2026 1:04:27 AM",13.7,1402061,1402,0.415910 32.583139 0.0 6.0,1,35,1,0,0,8,1,4,,1,1,,1,0,18,0,0,6,0,3,1,Oluwaseun,48,1,,,,,,,,,,
uuid:0e54a6b7-4b37-48c7-a415-cc2af0369dbe,"Jul 19, 2026 6:11:27 PM",ENUM07,SCTO-DEV-07,+25672719583,"Jul 19, 2026 5:35:57 PM","Jul 19, 2026 5:58:27 PM",22.5,1302059,1302,0.311843 32.597389 0.0 13.0,1,64,1,1,2,8,1,2,,0,,,,,,,0,2,0,1,1,Adaeze,28,0,0,,,,,,,,,
uuid:c3d88347-a87d-46f3-934f-0bdb82ee72a7,"Jul 19, 2026 9:30:35 PM",ENUM08,SCTO-DEV-08,+25672458591,"Jul 19, 2026 7:52:23 PM","Jul 19, 2026 8:19:35 PM",27.2,1302021,1302,0.317061 32.593148 0.0 11.0,1,25,1,1,0,5,0,2,,1,2,,1,0,24,1,1,5,0,2,1,,,,,,,,,,,,,
uuid:eac2eb8d-cac3-41a1-b6fb-a136fe25c6ff,"Jul 10, 2026 8:48:29 PM",ENUM07,SCTO-DEV-07,+25672719583,"Jul 10, 2026 7:18:29 PM","Jul 10, 2026 7:32:29 PM",14.0,1203022,1203,0.207826 32.592589 0.0 15.0,0,,,,,,,,,,,,,,,,,,,,,,,,,,,,,,,,,
uuid:19d281c7-22e3-4cdc-ad96-52bc0ed6bd14,"Jul 10, 2026 9:49:53 PM",ENUM05,SCTO-DEV-05,+25674744854,"Jul 10, 2026 8:42:17 PM","Jul 10, 2026 9:09:53 PM",27.6,1402073,1402,0.419030 32.585282 0.0 14.0,1,53,2,0,1,4,1,3,,,,,,,,,6,7,1,3,1,Aisha,32,0,0,,,,,,,,,
uuid:ba3788d7-e2cf-431f-b2d4-3e9240085281,"Jul 10, 2026 3:28:23 PM",ENUM02,SCTO-DEV-02,+25671419610,"Jul 10, 2026 2:42:41 PM","Jul 10, 2026 3:00:23 PM",17.7,1203071,1203,0.205892 32.592325 0.0 4.0,1,55,2,0,2,9,1,2,,1,1,,1,0,8,1,0,7,1,2,1,Amara,56,0,0,,,,,,,,,
uuid:7af68232-8345-4856-89f9-33c6fd3889c3,"Jul 19, 2026 1:58:43 PM",ENUM07,SCTO-DEV-07,+25672719583,"Jul 19, 2026 12:51:25 PM","Jul 19, 2026 1:06:43 PM",15.3,1404044,1404,0.413338 32.877159 0.0 6.0,1,23,1,1,2,6,0,4,,1,1,,1,1,1,1,5,5,0,2,2,,,,,,,,,,,,,
uuid:c0f40c96-2363-4814-a4e6-6afbea18b9c2,"Jul 16, 2026 1:14:51 PM",ENUM05,SCTO-DEV-05,+25674744854,"Jul 16, 2026 12:58:33 PM","Jul 16, 2026 1:14:51 PM",16.3,1204031,1204,0.206112 32.732473 0.0 7.0,1,33,1,1,1,3,1,1,,,,,,,,,2,0,1,1,3,Jelani,43,0,0,,,,,,,,,
uuid:de7f1930-0599-47e7-b791-9cf1697db14c,"Jul 10, 2026 11:38:20 AM",ENUM02,SCTO-DEV-02,+25671419610,"Jul 10, 2026 10:48:26 AM","Jul 10, 2026 11:12:20 AM",23.9,1202089,1202,0.192353 32.860522 0.0 7.0,1,82,1,1,0,7,2,2,,1,3,,1,1,48,0,6,0,0,1,3,Oluwaseun,38,0,0,Jelani,55,0,0,,,,,
uuid:f6591da8-54eb-46d6-b95c-88ba8c5197b0,"Jul 6, 2026 1:54:39 AM",ENUM03,SCTO-DEV-03,+25675614226,"Jul 6, 2026 1:10:15 AM","Jul 6, 2026 1:21:39 AM",11.4,1202017,1202,0.208213 32.860420 0.0 14.0,1,36,2,1,2,5,1,1,,0,,,,,,,4,7,0,1,1,Zuri,7,0,0,,,,,,,,,
uuid:7c4ef358-a757-458d-a1a3-a202eb6fcf80,"Jul 11, 2026 9:16:21 AM",ENUM07,SCTO-DEV-07,+25672719583,"Jul 11, 2026 7:57:03 AM","Jul 11, 2026 8:13:21 AM",16.3,1203098,1203,0.199581 32.581910 0.0 5.0,1,45,2,1,1,2,0,2,,1,3,,0,0,36,0,1,7,0,2,3,,,,,,,,,,,,,
uuid:578b1a65-3665-455c-823c-c6f98f12af4a,"Jul 5, 2026 7:27:24 AM",ENUM01,SCTO-DEV-01,+25672867825,"Jul 5, 2026 5:48:54 AM","Jul 5, 2026 6:10:24 AM",21.5,1301084,1301,0.301015 32.450901 0.0 12.0,1,27,2,0,2,7,0,1,,1,3,,0,1,4,1,0,1,0,2,2,,,,,,,,,,,,,
uuid:f0cd68ff-1860-40ac-92c7-4cb1569e2388,"Jul 5, 2026 9:41:39 AM",ENUM05,SCTO-DEV-05,+25674744854,"Jul 5, 2026 6:29:39 AM","Jul 5, 2026 9:36:39 AM",187.0,1304103,1304,0.312947 32.865718 0.0 8.0,1,53,1,0,3,2,2,1,,1,1,,0,0,2,0,1,2,0,1,3,Jelani,45,0,0,Nia,42,0,0,,,,,
uuid:eb43cb49-ef0a-4776-9979-cd64722426fc,"Jul 14, 2026 11:32:22 AM",ENUM06,SCTO-DEV-06,+25673341057,"Jul 14, 2026 9:47:16 AM","Jul 14, 2026 9:51:52 AM",4.6,1202037,1202,0.192690 32.877199 0.0 15.0,1,50,1,1,3,7,0,3,,1,1,,1,0,6,0,3,0,0,2,2,,,,,,,,,,,,,
uuid:d200172f-18c7-435a-9653-81ea32f7091d,"Jul 3, 2026 11:29:14 AM",ENUM02,SCTO-DEV-02,+25671419610,"Jul 3, 2026 10:40:38 AM","Jul 3, 2026 11:00:14 AM",19.6,1302044,1302,0.318496 32.585553 0.0 10.0,1,63,2,0,1,2,2,-666,Rainwater ,1,3,,1,0,6,0,5,0,1,3,2,Sekai,14,0,1,Aisha,23,0,0,,,,,
uuid:b5b4a7dc-2ff4-4815-83eb-81885bd1463c,"Jul 7, 2026 4:24:52 PM",ENUM02,SCTO-DEV-02,+25671419610,"Jul 7, 2026 3:53:22 PM","Jul 7, 2026 4:14:52 PM",21.5,1203018,1203,0.203097 32.597709 0.0 8.0,1,48,1,0,3,4,0,3,,1,3,,0,1,24,0,6,7,0,3,1,,,,,,,,,,,,,
uuid:5ca4bd03-11c7-42e0-b0f7-bd1749428e45,"Jul 2, 2026 1:33:40 PM",ENUM02,SCTO-DEV-02,+25671419610,"Jul 2, 2026 12:28:46 PM","Jul 2, 2026 12:44:40 PM",15.9,1204004,1204,0.207283 32.728363 0.0 6.0,1,60,2,1,1,9,3,2,,0,,,,,,,2,0,0,2,3,Amina,22,1,,Kwame,31,0,0,Thabo,18,0,0,
uuid:1d8768c6-ba00-4ca8-bb69-17db2c8fbf29,"Jul 13, 2026 2:18:07 PM",ENUM05,SCTO-DEV-05,+25674744854,"Jul 13, 2026 12:58:25 PM","Jul 13, 2026 1:23:07 PM",24.7,1203030,1203,0.203269 32.586267 0.0 10.0,1,70,2,0,1,2,2,2,,,,,,,,,4,6,0,1,1,Kofi,33,0,0,Baraka,9,0,0,,,,,
uuid:438432c0-859d-447e-bc69-456a6a499de2,"Jul 4, 2026 1:09:51 AM",ENUM06,SCTO-DEV-06,+25673341057,"Jul 3, 2026 11:40:03 PM","Jul 3, 2026 11:44:15 PM",4.2,1403081,1403,0.417270 32.724469 0.0 7.0,1,63,2,0,2,3,1,3,,0,,,,,,,5,6,0,2,3,Zuri,30,0,0,,,,,,,,,
uuid:6ea2ab37-c8c9-4d7d-9d7e-210d47bafba3,"Jul 14, 2026 8:46:41 PM",ENUM07,SCTO-DEV-07,+25672719583,"Jul 14, 2026 7:39:29 PM","Jul 14, 2026 7:56:41 PM",17.2,1202004,1202,0.190278 32.870731 0.0 11.0,1,66,2,0,2,3,2,2,,1,3,,1,0,60,1,6,7,1,2,3,Kofi,19,0,1,Baraka,56,0,0,,,,,
uuid:e77f8382-ce85-43e1-ac18-7b07b7f001be,"Jul 1, 2026 1:03:33 PM",ENUM07,SCTO-DEV-07,+25672719583,"Jul 1, 2026 12:44:03 PM","Jul 1, 2026 12:55:33 PM",11.5,1204071,1204,0.195792 32.720993 0.0 14.0,1,78,2,1,0,6,2,2,,0,,,,,,,6,5,0,3,3,Aisha,33,0,0,Naledi,57,0,0,,,,,
uuid:213143b8-b743-40e4-9137-b444d3406061,"Jul 2, 2026 2:10:20 PM",ENUM08,SCTO-DEV-08,+25672458591,"Jul 2, 2026 12:42:26 PM","Jul 2, 2026 1:07:20 PM",24.9,1403094,1403,0.421105 32.727242 0.0 15.0,1,41,1,0,0,4,1,1,,1,3,,0,1,60,0,0,0,0,2,1,Oluwaseun,57,0,0,,,,,,,,,
uuid:e52eb52d-7d40-460a-a4f0-443cc04d6406,"Jul 18, 2026 3:44:58 PM",ENUM08,SCTO-DEV-08,+25672458591,"Jul 18, 2026 3:26:22 PM","Jul 18, 2026 3:43:58 PM",17.6,1403056,1403,0.420955 32.736357 0.0 7.0,1,66,2,1,2,2,2,1,,1,3,,1,0,2,0,5,5,1,2,2,Kojo,41,0,0,Adaeze,55,0,0,,,,,
uuid:153ff1a7-e4e4-477d-9373-a5bef79f1028,"Jul 8, 2026 2:43:26 PM",ENUM03,SCTO-DEV-03,+25675614226,"Jul 8, 2026 1:52:14 PM","Jul 8, 2026 2:19:26 PM",27.2,1401081,1401,0.426451 32.447248 0.0 7.0,1,41,1,1,2,6,0,3,,1,-666,Plastic drum,1,1,1,0,0,5,1,2,3,,,,,,,,,,,,,
uuid:9e28247e-a1e2-4a9c-9be5-b39be71fd975,"Jul 20, 2026 3:08:54 PM",ENUM06,SCTO-DEV-06,+25673341057,"Jul 20, 2026 1:51:54 PM","Jul 20, 2026 1:56:06 PM",4.2,1202075,1202,0.198005 32.874937 0.0 5.0,1,63,2,0,2,8,3,1,,1,3,,1,0,24,0,7,6,0,2,2,Kofi,40,0,0,Kwame,39,0,1,Naledi,45,0,0,
uuid:c04fce5d-dd81-40e9-acec-fdd48005314a,"Jul 17, 2026 1:52:23 PM",ENUM02,SCTO-DEV-02,+25671419610,"Jul 17, 2026 1:20:59 PM","Jul 17, 2026 1:45:23 PM",24.4,1304076,1304,0.318927 32.875186 0.0 9.0,1,34,1,0,1,4,2,1,,1,3,,0,1,4,1,4,5,1,3,2,Baraka,16,0,1,Femi,52,0,1,,,,,
uuid:33664a83-2b34-44ff-85c7-814923a18778,"Jul 9, 2026 11:35:17 PM",ENUM08,SCTO-DEV-08,+25672458591,"Jul 9, 2026 10:17:29 PM","Jul 9, 2026 10:44:17 PM",26.8,1403084,1403,0.413410 32.735643 0.0 13.0,1,67,1,1,1,6,1,3,,0,,,,,,,5,0,0,3,2,Oluwaseun,31,0,1,,,,,,,,,
uuid:23627d65-cfe0-488e-aa85-99b92d55603a,"Jul 19, 2026 2:10:21 PM",ENUM08,SCTO-DEV-08,+25672458591,"Jul 19, 2026 12:58:33 PM","Jul 19, 2026 1:23:21 PM",24.8,1403112,1403,0.426328 32.734392 0.0 10.0,1,70,2,0,3,2,1,1,,1,3,,1,0,48,0,1,1,1,2,3,Amina,39,0,0,,,,,,,,,
uuid:0d77e48b-6a5f-490f-aae9-85d42b51fa9b,"Jul 4, 2026 11:02:08 AM",ENUM03,SCTO-DEV-03,+25675614226,"Jul 4, 2026 9:43:44 AM","Jul 4, 2026 10:03:08 AM",19.4,1403069,1403,0.419337 32.724075 0.0 5.0,1,72,1,0,3,6,2,1,,0,,,,,,,0,3,1,3,3,Jelani,20,0,0,Kwame,8,0,1,,,,,
uuid:f6db1bce-8bb0-45be-ba8e-cc04b9e01ab5,"Jul 9, 2026 2:48:26 AM",ENUM02,SCTO-DEV-02,+25671419610,"Jul 9, 2026 1:13:14 AM","Jul 9, 2026 1:40:26 AM",27.2,1203080,1203,0.201629 32.596832 0.0 6.0,1,74,2,0,3,6,1,1,,0,,,,,,,7,4,1,2,1,Amara,32,0,0,,,,,,,,,
uuid:939e124e-ee18-4d54-91e8-c7a56d2138c8,"Jul 8, 2026 8:52:55 AM",ENUM02,SCTO-DEV-02,+25671419610,"Jul 8, 2026 7:50:31 AM","Jul 8, 2026 8:14:55 AM",24.4,1401013,1401,0.422131 32.445630 0.0 11.0,1,67,2,1,3,4,1,1,,1,3,,1,0,4,1,6,7,0,2,1,Amara,35,0,1,,,,,,,,,
uuid:f3f2999c-2e7a-4425-a8e0-f4b5f3ae3bc6,"Jul 5, 2026 10:11:20 PM",ENUM05,SCTO-DEV-05,+25674744854,"Jul 5, 2026 9:26:38 PM","Jul 5, 2026 9:44:20 PM",17.7,1301093,1301,0.307846 32.445802 0.0 7.0,1,72,1,,-999,2,2,-999,,,,,,,,,1,1,1,1,1,Nia,42,0,1,Aisha,12,0,0,,,,,
uuid:903f49dc-d1e6-429e-914e-c518b8d37ca6,"Jul 19, 2026 2:42:11 AM",ENUM04,SCTO-DEV-04,+25675108603,"Jul 19, 2026 1:08:23 AM","Jul 19, 2026 1:29:11 AM",20.8,1301004,1301,0.311958 32.453451 0.0 9.0,1,49,2,1,1,8,1,1,,0,,,,,,,6,7,0,2,2,Oluwaseun,60,0,0,,,,,,,,,
uuid:ffdbf053-989b-48a0-aba4-78df8893856f,"Jul 14, 2026 5:29:07 AM",ENUM05,SCTO-DEV-05,+25674744854,"Jul 14, 2026 4:38:07 AM","Jul 14, 2026 4:59:07 AM",21.0,1304082,1304,0.300397 32.878170 0.0 9.0,1,19,2,1,3,3,2,3,,1,3,,1,0,6,0,5,7,0,2,3,Chidi,2,0,0,Amina,26,0,0,,,,,
uuid:979708dd-2048-45aa-9df4-9484a1bb769b,"Jul 15, 2026 10:15:15 PM",ENUM05,SCTO-DEV-05,+25674744854,"Jul 15, 2026 8:36:03 PM","Jul 15, 2026 8:47:15 PM",11.2,1304037,1304,0.307909 32.873920 0.0 11.0,1,35,1,1,0,3,0,3,,,,,,,,,4,1,1,1,3,,,,,,,,,,,,,
uuid:369d6528-ffca-4ffc-86b0-b496c860a942,"Jul 10, 2026 12:58:59 PM",ENUM07,SCTO-DEV-07,+25672719583,"Jul 10, 2026 12:21:35 PM","Jul 10, 2026 12:42:59 PM",21.4,1401066,1401,0.429418 32.455099 0.0 12.0,1,52,1,0,1,9,1,2,,0,,,,,,,1,0,0,3,3,Imani,42,0,0,,,,,,,,,
uuid:b4fa87ce-9cf7-46be-9d59-b88f5d1d58dc,"Jul 12, 2026 10:43:02 AM",ENUM06,SCTO-DEV-06,+25673341057,"Jul 12, 2026 9:49:20 AM","Jul 12, 2026 9:53:26 AM",4.1,1301035,1301,0.318376 32.458072 0.0 15.0,1,77,1,1,2,7,0,2,,0,,,,,,,6,0,0,2,3,,,,,,,,,,,,,
uuid:a7dc0928-bf2b-4c1a-b29b-26d1597d8fec,"Jul 8, 2026 10:26:02 AM",ENUM05,SCTO-DEV-05,+25674744854,"Jul 8, 2026 8:46:14 AM","Jul 8, 2026 8:59:02 AM",12.8,1203050,1203,0.193608 32.590370 0.0 5.0,1,82,1,1,2,9,3,2,,1,2,,1,0,12,1,0,7,0,2,3,Kofi,58,0,0,Amina,6,0,1,Nia,58,0,0,
uuid:963ec548-c34e-4be2-abb1-3b9d4c07ee16,"Jul 1, 2026 4:00:27 PM",ENUM05,SCTO-DEV-05,+25674744854,"Jul 1, 2026 2:40:21 PM","Jul 1, 2026 3:00:27 PM",20.1,1204079,1204,0.196535 32.723111 0.0 7.0,0,,,,,,,,,,,,,,,,,,,,,,,,,,,,,,,,,
uuid:383abe29-be90-4dd0-8f3c-8813c713f0df,"Jul 16, 2026 7:40:12 AM",ENUM03,SCTO-DEV-03,+25675614226,"Jul 16, 2026 6:22:00 AM","Jul 16, 2026 6:42:12 AM",20.2,1403096,1403,0.411823 32.734672 0.0 6.0,1,45,1,1,1,8,3,2,,0,,,,,,,0,2,0,2,3,Adaeze,60,0,0,Nia,11,0,0,Femi,1,0,1,
uuid:57ccf806-2886-4298-8abc-b5edf6af164b,"Jul 5, 2026 8:56:29 AM",ENUM05,SCTO-DEV-05,+25674744854,"Jul 5, 2026 7:29:59 AM","Jul 5, 2026 7:54:29 AM",24.5,1402021,1402,0.418669 32.588923 0.0 13.0,1,53,2,1,3,8,0,1,,,,,,,,,6,2,0,1,3,,,,,,,,,,,,,
uuid:56da2d0f-316f-45be-94aa-eb7048e8a964,"Jul 4, 2026 11:21:31 AM",ENUM06,SCTO-DEV-06,+25673341057,"Jul 4, 2026 9:45:37 AM","Jul 4, 2026 9:49:31 AM",3.9,1403007,1403,0.422796 32.723639 0.0 6.0,1,74,1,1,1,6,0,1,,0,,,,,,,1,7,0,1,3,,,,,,,,,,,,,
uuid:8ef1467e-9f8a-44df-a431-66de6eea8c44,"Jul 8, 2026 6:25:44 PM",ENUM05,SCTO-DEV-05,+25674744854,"Jul 8, 2026 5:38:38 PM","Jul 8, 2026 6:05:44 PM",27.1,1302036,1302,0.311353 32.586095 0.0 15.0,1,75,2,1,1,4,2,4,,,,,,,,,0,5,0,1,2,Jelani,57,0,0,Naledi,37,0,0,,,,,
uuid:f7539dfa-5cf1-4d7a-bd29-5fe3de30af0a,"Jul 17, 2026 10:01:31 AM",ENUM08,SCTO-DEV-08,+25672458591,"Jul 17, 2026 9:09:25 AM","Jul 17, 2026 9:21:31 AM",12.1,1204047,1204,0.208522 32.721138 0.0 10.0,1,74,1,0,3,2,1,1,,1,2,,0,0,18,0,2,6,1,2,3,Chidi,38,0,0,,,,,,,,,
uuid:ea06f4a6-2910-499a-b21b-5d1325347b39,"Jul 3, 2026 8:14:24 PM",ENUM06,SCTO-DEV-06,+25673341057,"Jul 3, 2026 7:08:30 PM","Jul 3, 2026 7:11:48 PM",3.3,1402076,1402,0.429539 32.592151 0.0 7.0,1,71,2,1,2,8,1,2,,0,,,,,,,1,3,0,3,1,Nia,48,0,1,,,,,,,,,
uuid:814f0825-0377-42e5-b554-5adf96124b74,"Jul 8, 2026 1:44:02 AM",ENUM03,SCTO-DEV-03,+25675614226,"Jul 8, 2026 12:52:26 AM","Jul 8, 2026 1:04:02 AM",11.6,1204078,1204,0.194642 32.739546 0.0 6.0,1,42,1,1,2,8,0,1,,0,,,,,,,5,5,0,3,3,,,,,,,,,,,,,
uuid:e4a2d105-c7f9-4009-82a4-4fcefddaa1b4,"Jul 3, 2026 2:33:58 PM",ENUM01,SCTO-DEV-01,+25672867825,"Jul 3, 2026 1:28:04 PM","Jul 3, 2026 1:45:58 PM",17.9,1403010,1403,0.421054 32.721122 0.0 4.0,1,40,1,0,3,7,1,4,,1,2,,1,1,99,0,2,0,1,1,1,Amina,42,1,,,,,,,,,,
uuid:cc3ad6f5-d721-4bee-9a53-7ff783091c61,"Jul 19, 2026 9:01:22 PM",ENUM01,SCTO-DEV-01,+25672867825,"Jul 19, 2026 8:05:28 PM","Jul 19, 2026 8:33:22 PM",27.9,1404010,1404,0.421514 32.879653 0.0 10.0,1,64,1,1,1,7,2,2,,0,,,,,,,0,5,0,2,2,Aisha,53,0,0,Thabo,34,0,0,,,,,
uuid:dbdc98d3-b43d-42e6-9dc9-e0506e02da6d,"Jul 3, 2026 11:57:37 PM",ENUM08,SCTO-DEV-08,+25672458591,"Jul 3, 2026 10:42:25 PM","Jul 3, 2026 11:08:37 PM",26.2,1203093,1203,0.196593 32.591029 0.0 7.0,1,27,1,0,3,7,2,2,,1,2,,0,1,18,1,6,2,1,2,3,Imani,38,0,0,Sekai,35,0,0,,,,,
uuid:6602be1a-8910-401f-abe1-7a90e0812092,"Jul 8, 2026 5:37:55 PM",ENUM03,SCTO-DEV-03,+25675614226,"Jul 8, 2026 3:46:31 PM","Jul 8, 2026 4:12:55 PM",26.4,1201061,1201,0.207349 32.443231 0.0 12.0,1,30,2,1,0,4,2,2,,1,1,,0,0,2,0,4,7,0,2,2,Kwame,55,0,0,Baraka,35,0,1,,,,,
uuid:940ff8b1-f249-4a20-a4b2-4f615860590d,"Jul 10, 2026 12:02:36 AM",ENUM07,SCTO-DEV-07,+25672719583,"Jul 9, 2026 10:26:30 PM","Jul 9, 2026 10:45:36 PM",19.1,1403023,1403,0.429003 32.739750 0.0 12.0,1,54,1,0,0,3,1,2,,1,1,,1,1,2,0,0,0,0,3,3,Jelani,6,0,0,,,,,,,,,
uuid:14529d00-31ed-4329-b46b-561cd13cd2b0,"Jul 11, 2026 11:57:08 PM",ENUM07,SCTO-DEV-07,+25672719583,"Jul 11, 2026 10:11:14 PM","Jul 11, 2026 10:31:08 PM",19.9,1203028,1203,0.191700 32.582867 0.0 10.0,1,32,1,1,2,5,1,2,,0,,,,,,,0,6,0,3,2,Amina,37,0,0,,,,,,,,,
uuid:21c61416-55ea-424d-86b8-6120d93e563f,"Jul 8, 2026 2:16:05 PM",ENUM05,SCTO-DEV-05,+25674744854,"Jul 8, 2026 12:52:29 PM","Jul 8, 2026 1:15:05 PM",22.6,1302015,1302,0.301277 32.599767 0.0 14.0,1,60,2,0,2,5,0,3,,,,,,,,,6,6,0,2,2,,,,,,,,,,,,,
uuid:1c661da6-afd1-4525-80bd-acd0a4d8416a,"Jul 11, 2026 2:49:08 PM",ENUM04,SCTO-DEV-04,+25675108603,"Jul 11, 2026 1:48:20 PM","Jul 11, 2026 2:15:08 PM",26.8,1404031,1404,0.429462 32.870430 0.0 6.0,1,46,2,1,1,8,0,3,,1,3,,0,1,12,0,2,2,1,3,2,,,,,,,,,,,,,
uuid:5af7b502-20a8-4555-a052-2c85564253c9,"Jul 16, 2026 12:11:01 PM",ENUM05,SCTO-DEV-05,+25674744854,"Jul 16, 2026 11:41:43 AM","Jul 16, 2026 12:08:01 PM",26.3,1301047,1301,0.316651 32.443285 0.0 7.0,1,19,1,0,3,8,0,1,,0,,,,,,,5,3,1,2,1,,,,,,,,,,,,,
uuid:b9d18150-b796-47b1-beb6-6eb933128752,"Jul 17, 2026 8:06:03 PM",ENUM03,SCTO-DEV-03,+25675614226,"Jul 17, 2026 6:57:03 PM","Jul 17, 2026 7:18:03 PM",21.0,1303014,1303,0.301714 32.732372 0.0 7.0,1,28,1,0,1,8,2,2,,0,,,,,,,1,0,1,3,3,Imani,6,0,0,Sekai,35,0,0,,,,,
uuid:490cb162-9aba-41bf-9d28-85213c795bd4,"Jul 5, 2026 3:31:28 AM",ENUM01,SCTO-DEV-01,+25672867825,"Jul 5, 2026 3:14:16 AM","Jul 5, 2026 3:27:28 AM",13.2,1301049,1301,0.317017 32.455968 0.0 13.0,1,48,2,0,2,4,1,2,,0,,,,,,,4,3,1,3,3,Kojo,32,0,0,,,,,,,,,
uuid:170f70fa-7a8f-43f9-9250-e48cad550008,"Jul 8, 2026 2:00:58 PM",ENUM06,SCTO-DEV-06,+25673341057,"Jul 8, 2026 1:20:46 PM","Jul 8, 2026 1:24:16 PM",3.5,1303030,1303,0.310729 32.725390 0.0 11.0,1,75,1,1,2,8,0,4,,0,,,,,,,0,1,1,2,3,,,,,,,,,,,,,
uuid:4e2a31db-06bd-42e3-bf2d-3dc8283928ed,"Jul 19, 2026 7:14:37 AM",ENUM08,SCTO-DEV-08,+25672458591,"Jul 19, 2026 5:25:55 AM","Jul 19, 2026 5:47:37 AM",21.7,1303093,1303,0.303071 32.730026 0.0 15.0,1,24,1,1,2,7,2,3,,1,3,,1,0,60,0,1,1,1,1,3,Adaeze,16,0,0,Femi,30,0,0,,,,,
uuid:85e61ba8-e405-486d-a834-9422eb5056b8,"Jul 18, 2026 12:22:00 PM",ENUM05,SCTO-DEV-05,+25674744854,"Jul 18, 2026 11:44:18 AM","Jul 18, 2026 12:03:00 PM",18.7,1302030,1302,0.316956 32.582113 0.0 6.0,1,47,2,0,3,5,2,1,,,,,,,,,2,0,1,3,2,Imani,1,0,0,Oluwaseun,16,1,,,,,,
uuid:c6cb5d21-7e8e-4ca2-b8a5-60505404aeed,"Jul 15, 2026 6:51:03 PM",ENUM01,SCTO-DEV-01,+25672867825,"Jul 15, 2026 4:59:09 PM","Jul 15, 2026 5:27:03 PM",27.9,1401010,1401,0.412162 32.456722 0.0 4.0,1,33,2,0,3,3,1,2,,1,3,,1,1,60,1,3,4,0,2,1,Zainab,46,0,0,,,,,,,,,
uuid:ef59bfe5-531e-46e1-9de3-cdc9a0a50fcb,"Jul 19, 2026 5:00:24 AM",ENUM01,SCTO-DEV-01,+25672867825,"Jul 19, 2026 3:27:24 AM","Jul 19, 2026 3:53:24 AM",26.0,1404039,1404,0.425977 32.865649 0.0 10.0,1,73,1,0,2,5,0,1,,1,3,,1,1,4,0,1,0,0,3,1,,,,,,,,,,,,,
uuid:f1aefbf1-d48f-466a-a179-421639584ca1,"Jul 13, 2026 4:31:15 PM",ENUM03,SCTO-DEV-03,+25675614226,"Jul 13, 2026 2:44:45 PM","Jul 13, 2026 3:11:15 PM",26.5,1401001,1401,0.415969 32.452779 0.0 13.0,1,44,1,0,1,2,1,2,,1,2,,0,0,6,1,6,7,1,2,3,Kojo,49,0,0,,,,,,,,,
uuid:2a283d60-669f-4c89-894e-5a84f203d9c2,"Jul 2, 2026 3:36:34 AM",ENUM06,SCTO-DEV-06,+25673341057,"Jul 2, 2026 1:55:28 AM","Jul 2, 2026 1:59:34 AM",4.1,1301074,1301,0.316430 32.450797 0.0 6.0,1,72,2,1,0,4,3,1,,0,,,,,,,6,3,0,1,3,Oluwaseun,54,0,0,Naledi,3,0,0,Baraka,25,0,1,
uuid:d7987967-9e59-4954-8591-c4d0b723ff39,"Jul 8, 2026 2:52:07 PM",ENUM01,SCTO-DEV-01,+25672867825,"Jul 8, 2026 1:57:25 PM","Jul 8, 2026 2:25:07 PM",27.7,1301011,1301,0.317114 32.440434 0.0 15.0,1,54,1,1,0,9,1,1,,1,2,,1,0,2,0,3,0,1,3,2,Thabo,52,0,0,,,,,,,,,
uuid:54892737-7415-4cd9-ae85-701d42039130,"Jul 13, 2026 1:55:56 PM",ENUM06,SCTO-DEV-06,+25673341057,"Jul 13, 2026 1:29:14 PM","Jul 13, 2026 1:32:44 PM",3.5,1304078,1304,0.306873 32.879293 0.0 14.0,1,66,2,1,0,8,2,3,,1,1,,1,0,24,0,7,1,0,1,1,Chidi,19,0,0,Baraka,37,0,0,,,,,
uuid:42d0e975-d4a8-44b4-9657-aa4c3dfbe218,"Jul 4, 2026 2:44:56 AM",ENUM01,SCTO-DEV-01,+25672867825,"Jul 4, 2026 1:22:20 AM","Jul 4, 2026 1:45:56 AM",23.6,1401022,1401,0.413591 32.443644 0.0 10.0,1,24,1,0,2,7,1,2,,1,2,,1,0,4,1,0,7,1,2,2,Amara,0,0,1,,,,,,,,,
uuid:35289707-b8a9-4355-80eb-78f13b60e745,"Jul 14, 2026 12:04:52 PM",ENUM06,SCTO-DEV-06,+25673341057,"Jul 14, 2026 11:33:40 AM","Jul 14, 2026 11:37:16 AM",3.6,1303039,1303,0.304379 32.739258 0.0 8.0,1,72,2,0,1,8,0,2,,1,1,,1,0,24,0,6,4,0,3,3,,,,,,,,,,,,,
uuid:bda1f74e-8728-4d9d-b6f6-c3d180ca73a6,"Jul 20, 2026 5:29:40 PM",ENUM06,SCTO-DEV-06,+25673341057,"Jul 20, 2026 4:20:46 PM","Jul 20, 2026 4:25:16 PM",4.5,1404065,1404,0.426963 32.876877 0.0 14.0,1,57,1,1,0,9,0,2,,1,3,,0,1,18,0,2,2,1,1,2,,,,,,,,,,,,,
uuid:b9db9783-50d5-4c51-8743-6e0beffd9de1,"Jul 4, 2026 12:24:26 PM",ENUM07,SCTO-DEV-07,+25672719583,"Jul 4, 2026 11:25:32 AM","Jul 4, 2026 11:50:26 AM",24.9,1303040,1303,0.317240 32.721531 0.0 12.0,1,72,1,1,1,3,2,3,,1,2,,1,1,36,0,1,3,1,1,2,Femi,18,0,0,Adaeze,35,0,0,,,,,
uuid:c95ccc97-3f0b-4d41-b86b-a7cbe702d558,"Jul 14, 2026 1:18:18 AM",ENUM07,SCTO-DEV-07,+25672719583,"Jul 14, 2026 12:37:42 AM","Jul 14, 2026 12:52:18 AM",14.6,1401018,1401,0.422241 32.442186 0.0 15.0,1,30,2,0,3,7,1,2,,1,3,,1,1,99,0,2,0,0,2,1,Amara,7,1,,,,,,,,,,
uuid:9eedf063-229a-4963-82e6-bb14e079009f,"Jul 2, 2026 7:44:07 PM",ENUM04,SCTO-DEV-04,+25675108603,"Jul 2, 2026 6:37:31 PM","Jul 2, 2026 6:57:07 PM",19.6,1202109,1202,0.195838 32.861737 0.0 14.0,1,57,1,0,3,2,2,2,,1,3,,1,1,36,0,5,4,1,2,1,Baraka,11,0,0,Thabo,60,0,0,,,,,
uuid:33f3805b-bc13-4cf7-a06b-3d6889de2128,"Jul 13, 2026 6:06:27 PM",ENUM01,SCTO-DEV-01,+25672867825,"Jul 13, 2026 4:46:45 PM","Jul 13, 2026 5:10:27 PM",23.7,1301061,1301,0.316417 32.451150 0.0 5.0,1,33,1,0,2,4,0,1,,1,2,,1,1,6,0,7,4,0,2,1,,,,,,,,,,,,,
uuid:f15080fe-af62-43b5-9924-1d9841c0428e,"Jul 9, 2026 2:53:26 PM",ENUM01,SCTO-DEV-01,+25672867825,"Jul 9, 2026 1:15:26 PM","Jul 9, 2026 1:33:26 PM",18.0,1403106,1403,0.412026 32.724476 0.0 12.0,1,59,1,1,2,5,3,3,,0,,,,,,,3,7,0,2,1,Chidi,54,0,0,Kofi,49,0,0,Kojo,6,1,,
uuid:bd0b8978-ed15-4788-b7ab-a49ba8e7372f,"Jul 11, 2026 10:39:26 AM",ENUM05,SCTO-DEV-05,+25674744854,"Jul 11, 2026 9:57:44 AM","Jul 11, 2026 10:20:26 AM",22.7,1301092,1301,0.300713 32.447814 0.0 10.0,0,,,,,,,,,,,,,,,,,,,,,,,,,,,,,,,,,
uuid:4ab37040-95a9-46c3-bbd8-8cf8b39733e2,"Jul 4, 2026 5:17:20 AM",ENUM08,SCTO-DEV-08,+25672458591,"Jul 4, 2026 4:22:14 AM","Jul 4, 2026 4:39:20 AM",17.1,1203077,1203,0.204047 32.599600 0.0 11.0,1,44,2,0,1,2,1,2,,1,1,,1,1,2,0,0,0,0,2,2,Chidi,27,0,0,,,,,,,,,
uuid:fc4b11a2-4268-41ec-8f79-12914dca2530,"Jul 7, 2026 9:10:26 PM",ENUM06,SCTO-DEV-06,+25673341057,"Jul 7, 2026 8:04:38 PM","Jul 7, 2026 8:09:02 PM",4.4,1204084,1204,0.203339 32.739390 0.0 4.0,0,,,,,,,,,,,,,,,,,,,,,,,,,,,,,,,,,
uuid:8302f639-b6c0-47ed-9da0-c0a660e89460,"Jul 10, 2026 7:19:14 PM",ENUM03,SCTO-DEV-03,+25675614226,"Jul 10, 2026 6:52:08 PM","Jul 10, 2026 7:06:14 PM",14.1,1301054,1301,0.309188 32.445095 0.0 13.0,1,26,1,1,1,5,1,4,,1,3,,1,1,18,0,0,0,0,1,2,Adaeze,32,0,1,,,,,,,,,
uuid:e2298620-a47a-48d4-99d0-a78473960efe,"Jul 20, 2026 9:21:45 AM",ENUM04,SCTO-DEV-04,+25675108603,"Jul 20, 2026 8:46:45 AM","Jul 20, 2026 9:04:45 AM",18.0,1301055,1301,0.318393 32.454777 0.0 14.0,1,60,2,1,0,2,1,2,,0,,,,,,,7,4,0,1,3,Baraka,46,0,0,,,,,,,,,
uuid:da1d4b39-86ff-4e65-9380-acdeef652aad,"Jul 6, 2026 10:06:29 PM",ENUM06,SCTO-DEV-06,+25673341057,"Jul 6, 2026 9:01:17 PM","Jul 6, 2026 9:04:41 PM",3.4,1403021,1403,0.414556 32.724742 0.0 10.0,1,44,2,1,0,9,1,1,,1,1,,1,1,12,1,5,4,0,3,3,Amina,3,0,1,,,,,,,,,
uuid:aa46bdea-0acc-4bce-b339-3c9e26e90176,"Jul 5, 2026 11:29:47 PM",ENUM07,SCTO-DEV-07,+25672719583,"Jul 5, 2026 11:03:23 PM","Jul 5, 2026 11:29:47 PM",26.4,1301057,1301,0.313847 32.456329 0.0 7.0,1,56,2,0,3,2,1,3,,1,2,,0,1,24,1,0,6,0,3,2,Oluwaseun,4,0,0,,,,,,,,,
uuid:d8cd868f-9fa0-4361-9584-0b0c89905ce0,"Jul 10, 2026 6:15:35 AM",ENUM03,SCTO-DEV-03,+25675614226,"Jul 10, 2026 5:51:41 AM","Jul 10, 2026 6:07:35 AM",15.9,1404049,1404,0.420517 32.876108 0.0 6.0,1,32,1,1,0,4,0,1,,0,,,,,,,0,1,1,3,3,,,,,,,,,,,,,
uuid:597f81c5-def3-4534-a292-37e839fe75a4,"Jul 13, 2026 3:51:10 AM",ENUM03,SCTO-DEV-03,+25675614226,"Jul 13, 2026 2:42:22 AM","Jul 13, 2026 3:09:10 AM",26.8,1303105,1303,0.314251 32.731528 0.0 15.0,1,34,2,1,2,6,1,3,,1,1,,1,1,99,0,2,4,0,1,3,Nia,10,0,0,,,,,,,,,
uuid:cbf4e4b0-cf84-4aa2-8ffb-36a4fa1c5de0,"Jul 19, 2026 12:55:43 PM",ENUM08,SCTO-DEV-08,+25672458591,"Jul 19, 2026 11:19:31 AM","Jul 19, 2026 11:30:43 AM",11.2,1404059,1404,0.416368 32.862531 0.0 10.0,1,21,1,1,1,3,0,-666,Rainwater ,1,3,,0,1,60,0,1,0,0,2,2,,,,,,,,,,,,,
uuid:0e0ec581-acfe-4220-8b0d-58e9aafa496e,"Jul 16, 2026 3:04:17 PM",ENUM03,SCTO-DEV-03,+25675614226,"Jul 16, 2026 1:30:53 PM","Jul 16, 2026 1:54:17 PM",23.4,1302018,1302,0.310419 32.585066 0.0 14.0,1,57,1,0,0,5,3,1,,1,1,,0,0,18,0,0,0,0,2,2,Oluwaseun,49,1,,Chidi,31,1,,Jelani,21,0,0,
uuid:eccfbe20-0d24-4191-90ad-11a608861b36,"Jul 9, 2026 7:28:09 PM",ENUM02,SCTO-DEV-02,+25671419610,"Jul 9, 2026 6:39:33 PM","Jul 9, 2026 6:52:09 PM",12.6,1204022,1204,0.193613 32.723366 0.0 12.0,1,53,1,1,1,8,3,1,,1,1,,1,1,60,1,1,7,1,3,3,Sekai,53,0,0,Imani,38,0,0,Kofi,41,0,0,
uuid:ab924f0e-aaed-483e-86e7-98aafcdc7151,"Jul 12, 2026 2:05:41 PM",ENUM05,SCTO-DEV-05,+25674744854,"Jul 12, 2026 12:23:29 PM","Jul 12, 2026 12:44:41 PM",21.2,1301036,1301,0.306363 32.444426 0.0 4.0,1,60,1,1,2,9,1,2,,,,,,,,,6,0,0,2,2,Chidi,43,0,0,,,,,,,,,
uuid:1e2af1aa-057f-40dd-a827-1db063ce673a,"Jul 15, 2026 5:55:50 PM",ENUM01,SCTO-DEV-01,+25672867825,"Jul 15, 2026 5:06:38 PM","Jul 15, 2026 5:28:50 PM",22.2,1203023,1203,0.209010 32.592762 0.0 15.0,1,34,1,1,3,4,3,2,,1,2,,0,0,8,0,4,4,0,3,2,Imani,49,1,,Femi,21,0,0,Imani,11,0,0,
uuid:4e1db347-4f11-4351-8820-23d18ec25356,"Jul 3, 2026 7:02:49 AM",ENUM02,SCTO-DEV-02,+25671419610,"Jul 3, 2026 6:49:25 AM","Jul 3, 2026 7:01:49 AM",12.4,1203058,1203,0.193001 32.588571 0.0 5.0,1,38,1,1,3,4,0,1,,0,,,,,,,4,7,0,2,3,,,,,,,,,,,,,
uuid:ce784f10-5135-44ec-827e-d095044f95be,"Jul 7, 2026 6:29:45 PM",ENUM05,SCTO-DEV-05,+25674744854,"Jul 7, 2026 5:58:09 PM","Jul 7, 2026 6:22:45 PM",24.6,1402088,1402,0.425717 32.581349 0.0 8.0,1,37,2,0,2,5,1,3,,,,,,,,,6,4,0,1,2,Aisha,9,0,0,,,,,,,,,
uuid:d6a758e9-6eec-41b3-a8ff-b7425b819f99,"Jul 13, 2026 11:33:30 PM",ENUM06,SCTO-DEV-06,+25673341057,"Jul 13, 2026 11:06:12 PM","Jul 13, 2026 11:10:30 PM",4.3,1301044,1301,0.305436 32.453166 0.0 8.0,1,70,1,1,0,5,3,1,,1,-666,Plastic drum,0,0,48,0,3,0,0,2,3,Amara,20,0,0,Adaeze,36,0,0,Chidi,6,0,0,
uuid:55ce2b84-03bd-40bc-82d0-416a164cccf9,"Jul 12, 2026 3:21:54 PM",ENUM08,SCTO-DEV-08,+25672458591,"Jul 12, 2026 1:48:30 PM","Jul 12, 2026 2:06:54 PM",18.4,1401004,1401,0.415368 32.457034 0.0 5.0,1,54,2,1,3,8,1,2,,1,2,,1,1,8,0,5,1,1,1,3,Adaeze,31,0,0,,,,,,,,,
uuid:889d04e9-611e-490d-b697-ac3afc0af10a,"Jul 19, 2026 3:36:58 PM",ENUM05,SCTO-DEV-05,+25674744854,"Jul 19, 2026 3:06:04 PM","Jul 19, 2026 3:30:58 PM",24.9,1201014,1201,0.193352 32.447975 0.0 8.0,1,79,1,0,3,9,1,2,,,,,,,,,4,0,0,2,1,Adaeze,39,0,0,,,,,,,,,
uuid:7ba4dc10-f714-48f2-a746-ac3a37260099,"Jul 8, 2026 4:18:52 AM",ENUM06,SCTO-DEV-06,+25673341057,"Jul 8, 2026 3:05:52 AM","Jul 8, 2026 3:10:16 AM",4.4,1303060,1303,0.304960 32.739447 0.0 8.0,1,56,1,0,2,3,2,1,,1,2,,1,1,48,1,5,6,1,2,3,Imani,56,0,1,Kojo,10,0,1,,,,,
uuid:6c10a2fb-7ecb-48d1-a201-833ac2a8ad46,"Jul 10, 2026 9:39:23 AM",ENUM03,SCTO-DEV-03,+25675614226,"Jul 10, 2026 8:24:05 AM","Jul 10, 2026 8:36:23 AM",12.3,1204062,1204,0.206840 32.735869 0.0 6.0,1,56,1,0,1,4,1,1,,0,,,,,,,0,0,0,2,2,Aisha,3,0,1,,,,,,,,,
uuid:aca50e57-07c7-47bc-bb73-ee6b121a8a07,"Jul 18, 2026 9:43:32 PM",ENUM07,SCTO-DEV-07,+25672719583,"Jul 18, 2026 8:53:20 PM","Jul 18, 2026 9:06:32 PM",13.2,1402048,1402,0.423170 32.582236 0.0 6.0,1,74,1,1,0,5,0,1,,1,1,,1,1,2,1,2,3,0,2,2,,,,,,,,,,,,,
uuid:62f2195c-6b43-4eb2-8cb2-57eb1d14b7e2,"Jul 19, 2026 12:29:33 PM",ENUM01,SCTO-DEV-01,+25672867825,"Jul 19, 2026 11:51:27 AM","Jul 19, 2026 12:05:33 PM",14.1,1202024,1202,0.195187 32.878045 0.0 10.0,1,75,1,1,0,6,0,1,,1,1,,1,1,2,1,0,7,0,2,3,,,,,,,,,,,,,
uuid:bddf942d-ebcb-44e1-8918-333ef749d55c,"Jul 20, 2026 12:20:00 PM",ENUM05,SCTO-DEV-05,+25674744854,"Jul 20, 2026 11:24:48 AM","Jul 20, 2026 11:52:00 AM",27.2,1203117,1203,0.190076 32.596381 0.0 4.0,1,68,1,0,2,7,0,3,,,,,,,,,0,3,0,2,1,,,,,,,,,,,,,
uuid:035891d6-e368-44ab-9681-b1689808b89a,"Jul 5, 2026 11:56:56 AM",ENUM08,SCTO-DEV-08,+25672458591,"Jul 5, 2026 10:17:56 AM","Jul 5, 2026 10:41:56 AM",24.0,1303046,1303,0.313762 32.736359 0.0 11.0,1,42,2,1,3,7,3,-666,Rainwater ,0,,,,,,,0,0,1,3,3,Aisha,40,0,0,Zuri,22,0,0,Amara,39,0,0,
uuid:df7b2a38-3ed9-43ea-8eea-f7d8cbef6e6c,"Jul 2, 2026 2:10:43 PM",ENUM04,SCTO-DEV-04,+25675108603,"Jul 2, 2026 12:34:07 PM","Jul 2, 2026 12:53:43 PM",19.6,1204049,1204,0.200873 32.721483 0.0 12.0,1,29,2,1,2,6,1,1,,1,2,,0,1,6,0,0,0,0,2,2,Zuri,47,0,0,,,,,,,,,
uuid:b237e421-71a3-461b-819e-336f7c9ba1c4,"Jul 17, 2026 5:56:30 PM",ENUM08,SCTO-DEV-08,+25672458591,"Jul 17, 2026 4:19:30 PM","Jul 17, 2026 4:33:30 PM",14.0,1202086,1202,0.204309 32.878169 0.0 5.0,1,71,1,0,2,9,3,1,,1,1,,0,1,2,1,4,3,0,2,2,Kofi,57,0,1,Kwame,22,0,0,Zainab,25,0,0,
uuid:518900f1-532a-4f31-a3c5-9870add9ad0c,"Jul 11, 2026 8:27:41 PM",ENUM03,SCTO-DEV-03,+25675614226,"Jul 11, 2026 7:54:29 PM","Jul 11, 2026 8:16:41 PM",22.2,1403052,1403,0.425672 32.727649 0.0 10.0,1,63,2,1,1,2,1,3,,1,3,,0,0,250,0,1,7,1,1,2,Femi,34,0,0,,,,,,,,,
uuid:c490f1aa-2ca0-448e-9f72-84816dd006c0,"Jul 10, 2026 7:16:50 AM",ENUM08,SCTO-DEV-08,+25672458591,"Jul 10, 2026 6:32:44 AM","Jul 10, 2026 6:50:50 AM",18.1,1201034,1201,0.208892 32.453766 0.0 9.0,1,79,2,0,2,5,3,-666,Rainwater ,0,,,,,,,3,7,0,2,1,Baraka,31,0,0,Nia,32,0,0,Naledi,39,0,0,
uuid:91052f7c-e759-465e-8f9c-b6cd9bd3d6af,"Jul 1, 2026 12:49:29 PM",ENUM03,SCTO-DEV-03,+25675614226,"Jul 1, 2026 12:23:35 PM","Jul 1, 2026 12:49:29 PM",25.9,1302083,1302,0.309164 32.598791 0.0 9.0,1,24,2,1,0,7,2,2,,1,2,,1,0,24,0,1,4,0,2,1,Zainab,2,0,0,Tendai,2,1,,,,,,
uuid:38cdc5e4-8b7e-4463-aa46-efba6171d0ae,"Jul 13, 2026 11:18:21 AM",ENUM06,SCTO-DEV-06,+25673341057,"Jul 13, 2026 10:23:39 AM","Jul 13, 2026 10:27:57 AM",4.3,1303080,1303,0.313375 32.720523 0.0 5.0,0,,,,,,,,,,,,,,,,,,,,,,,,,,,,,,,,,
uuid:1f434ff0-2a34-42e5-86e8-f268a04ed884,"Jul 15, 2026 3:30:16 AM",ENUM05,SCTO-DEV-05,+25674744854,"Jul 15, 2026 2:01:28 AM","Jul 15, 2026 2:22:16 AM",20.8,1203114,1203,0.198571 32.582847 0.0 13.0,1,64,1,1,1,7,0,1,,1,1,,1,1,18,1,4,1,0,1,3,,,,,,,,,,,,,
uuid:2769efff-4b8d-4da2-901e-6c7eab5d5255,"Jul 4, 2026 2:39:01 AM",ENUM02,SCTO-DEV-02,+25671419610,"Jul 4, 2026 12:56:31 AM","Jul 4, 2026 1:23:01 AM",26.5,1402038,1402,0.419685 32.580938 0.0 12.0,1,61,1,0,0,3,2,1,,1,1,,1,1,12,1,0,0,0,3,2,Zainab,6,0,0,Nia,2,1,,,,,,
uuid:c73df777-f9e9-48cb-9aae-f7f8c0bd3fc3,"Jul 6, 2026 4:01:21 AM",ENUM02,SCTO-DEV-02,+25671419610,"Jul 6, 2026 3:05:15 AM","Jul 6, 2026 3:18:21 AM",13.1,1301090,1301,0.307328 32.459201 0.0 11.0,1,57,1,1,3,4,2,1,,1,-666,Plastic drum,1,0,99,0,4,3,0,3,2,Jelani,57,0,0,Kojo,31,0,0,,,,,
uuid:9059ae29-bb6b-49f5-b8f9-e8c5302e4736,"Jul 4, 2026 10:52:35 PM",ENUM02,SCTO-DEV-02,+25671419610,"Jul 4, 2026 10:11:23 PM","Jul 4, 2026 10:27:35 PM",16.2,1403061,1403,0.421431 32.735038 0.0 10.0,1,70,2,0,3,2,1,2,,1,1,,1,1,2,0,7,0,0,3,2,Sekai,21,0,0,,,,,,,,,
uuid:37125546-6476-4d84-8099-72171dd0a8a8,"Jul 11, 2026 10:17:27 AM",ENUM08,SCTO-DEV-08,+25672458591,"Jul 11, 2026 9:12:21 AM","Jul 11, 2026 9:24:27 AM",12.1,1302002,1302,0.307790 32.595396 0.0 15.0,1,21,2,0,0,7,1,1,,0,,,,,,,6,3,0,2,1,Thabo,14,0,0,,,,,,,,,
uuid:9a8991b7-d074-4830-85ac-546a104568e3,"Jul 17, 2026 12:20:56 PM",ENUM03,SCTO-DEV-03,+25675614226,"Jul 17, 2026 11:05:32 AM","Jul 17, 2026 11:19:56 AM",14.4,1201020,1201,0.209194 32.459659 0.0 5.0,1,72,2,0,1,7,2,3,,1,3,,1,0,4,1,0,0,1,2,2,Baraka,3,0,0,Jelani,47,1,,,,,,
uuid:85af7fca-bade-4d7f-95cb-7a6928346d9e,"Jul 17, 2026 6:16:53 AM",ENUM02,SCTO-DEV-02,+25671419610,"Jul 17, 2026 5:01:23 AM","Jul 17, 2026 5:16:53 AM",15.5,1204080,1204,0.201113 32.735997 0.0 8.0,1,35,1,1,0,5,0,1,,1,-666,Plastic drum,1,0,1,0,0,3,0,2,3,,,,,,,,,,,,,
uuid:24df25f4-cd17-4882-ba7e-5245f998bb1d,"Jul 20, 2026 3:11:28 PM",ENUM07,SCTO-DEV-07,+25672719583,"Jul 20, 2026 2:38:22 PM","Jul 20, 2026 2:49:28 PM",11.1,1204089,1204,0.192262 32.731428 0.0 4.0,1,77,2,0,0,4,3,4,,1,3,,1,1,36,0,0,6,0,3,3,Baraka,56,0,0,Thabo,19,0,0,Amina,13,0,0,
uuid:19655857-af03-40c9-a27f-7ac188fcf0bc,"Jul 10, 2026 10:23:34 PM",ENUM03,SCTO-DEV-03,+25675614226,"Jul 10, 2026 8:58:40 PM","Jul 10, 2026 9:25:34 PM",26.9,1202063,1202,0.197521 32.877189 0.0 14.0,1,42,2,1,3,9,3,2,,0,,,,,,,0,3,1,3,3,Chidi,1,0,0,Amara,4,0,0,Chidi,33,0,1,
uuid:13556874-5418-42ad-a2a3-21136a5869e2,"Jul 3, 2026 12:11:59 AM",ENUM04,SCTO-DEV-04,+25675108603,"Jul 2, 2026 10:56:35 PM","Jul 2, 2026 11:18:59 PM",22.4,1201082,1201,0.190721 32.451515 0.0 12.0,1,63,1,1,0,7,1,3,,1,1,,1,0,4,1,2,0,0,3,2,Baraka,45,0,0,,,,,,,,,
uuid:2dc9dbe5-4114-4255-8f03-3ae876b97587,"Jul 17, 2026 3:46:18 PM",ENUM08,SCTO-DEV-08,+25672458591,"Jul 17, 2026 2:47:30 PM","Jul 17, 2026 3:01:18 PM",13.8,1202071,1202,0.204995 32.867431 0.0 9.0,1,47,2,0,1,3,0,4,,0,,,,,,,0,4,1,3,1,,,,,,,,,,,,,
uuid:05c39314-b60f-480b-a6b2-b1f5ab747e7f,"Jul 6, 2026 9:46:32 PM",ENUM07,SCTO-DEV-07,+25672719583,"Jul 6, 2026 8:47:20 PM","Jul 6, 2026 9:02:32 PM",15.2,1401006,1401,0.413102 32.443770 0.0 15.0,1,33,1,0,0,5,0,1,,1,2,,1,1,99,1,2,3,0,2,3,,,,,,,,,,,,,
uuid:d178db14-e3d0-4c72-a16b-620e658c81a8,"Jul 3, 2026 5:41:36 AM",ENUM08,SCTO-DEV-08,+25672458591,"Jul 3, 2026 5:02:18 AM","Jul 3, 2026 5:25:36 AM",23.3,1302092,1302,0.301112 32.589453 0.0 7.0,1,28,1,0,2,5,0,3,,0,,,,,,,1,0,0,2,3,,,,,,,,,,,,,
uuid:4d0d82ed-02d6-476e-815e-cdd469462196,"Jul 13, 2026 11:46:31 PM",ENUM07,SCTO-DEV-07,+25672719583,"Jul 13, 2026 10:41:19 PM","Jul 13, 2026 11:03:31 PM",22.2,1304072,1304,0.315503 32.872435 0.0 14.0,1,73,2,0,3,4,2,4,,1,-666,Plastic drum,1,0,99,1,2,5,1,2,2,Zuri,26,0,1,Aisha,13,0,0,,,,,
uuid:ae0bced5-f415-4123-a06b-14d5b3dae974,"Jul 10, 2026 8:20:28 PM",ENUM07,SCTO-DEV-07,+25672719583,"Jul 10, 2026 6:55:34 PM","Jul 10, 2026 7:15:28 PM",19.9,1201098,1201,0.191405 32.447171 0.0 11.0,1,33,2,0,3,8,0,1,,1,,,,,,,5,2,0,3,2,,,,,,,,,,,,,
uuid:c32f62fa-256a-4c30-93dd-ef675c23e055,"Jul 13, 2026 4:31:00 AM",ENUM05,SCTO-DEV-05,+25674744854,"Jul 13, 2026 3:09:48 AM","Jul 13, 2026 3:27:00 AM",17.2,1404080,1404,0.411954 32.868176 0.0 4.0,1,38,2,1,1,8,0,1,,,,,,,,,5,4,0,3,2,,,,,,,,,,,,,
uuid:db19922b-690c-4a95-8971-50eda954de82,"Jul 2, 2026 5:14:02 AM",ENUM04,SCTO-DEV-04,+25675108603,"Jul 2, 2026 4:34:02 AM","Jul 2, 2026 4:50:02 AM",16.0,1404051,1404,0.418629 32.866746 0.0 12.0,1,20,1,0,2,3,0,3,,1,1,,1,0,18,0,0,1,1,2,1,,,,,,,,,,,,,
uuid:eff0eaf4-75ca-4395-b501-fd0f88338f5b,"Jul 16, 2026 3:54:13 PM",ENUM02,SCTO-DEV-02,+25671419610,"Jul 16, 2026 2:29:25 PM","Jul 16, 2026 2:54:13 PM",24.8,1404047,1404,0.414368 32.874163 0.0 6.0,1,49,2,1,2,5,1,1,,1,2,,1,0,8,0,2,3,0,3,3,Tendai,45,0,0,,,,,,,,,
uuid:bd371ca8-e046-418b-829b-928876f9340a,"Jul 18, 2026 10:47:01 AM",ENUM06,SCTO-DEV-06,+25673341057,"Jul 18, 2026 10:05:13 AM","Jul 18, 2026 10:08:55 AM",3.7,1301065,1301,0.307666 32.443240 0.0 6.0,1,61,2,0,3,4,3,1,,1,1,,1,1,8,1,2,6,0,3,1,Aisha,60,0,0,Femi,30,0,1,Jelani,8,0,0,
uuid:dc6e380a-6a51-440b-9599-e8e4311995ca,"Jul 4, 2026 7:25:09 AM",ENUM02,SCTO-DEV-02,+25671419610,"Jul 4, 2026 5:54:57 AM","Jul 4, 2026 6:17:09 AM",22.2,1401089,1401,0.413641 32.442782 0.0 6.0,0,,,,,,,,,,,,,,,,,,,,,,,,,,,,,,,,,
uuid:e676009e-4948-4128-96fd-c8f6fbc34b11,"Jul 12, 2026 1:24:14 AM",ENUM03,SCTO-DEV-03,+25675614226,"Jul 11, 2026 11:48:02 PM","Jul 12, 2026 12:05:14 AM",17.2,1403035,1403,0.429041 32.727474 0.0 14.0,1,71,2,0,0,2,2,1,,0,,,,,,,0,6,1,3,3,Zuri,14,0,0,Zuri,22,0,0,,,,,
uuid:46ad79bb-6107-44b5-95b8-809a8fd226ca,"Jul 16, 2026 8:15:28 PM",ENUM04,SCTO-DEV-04,+25675108603,"Jul 16, 2026 7:17:58 PM","Jul 16, 2026 7:29:28 PM",11.5,1201053,1201,0.192705 32.452166 0.0 9.0,1,39,1,0,2,9,2,1,,0,,,,,,,3,6,0,3,2,Kojo,27,1,,Sekai,22,0,0,,,,,
uuid:bea067fe-1f60-4378-b9b8-606be9102ba3,"Jul 19, 2026 8:43:21 PM",ENUM08,SCTO-DEV-08,+25672458591,"Jul 19, 2026 6:57:03 PM","Jul 19, 2026 7:16:21 PM",19.3,1203130,1203,0.196933 32.580901 0.0 14.0,1,57,2,0,0,5,1,1,,1,1,,1,1,36,0,0,4,0,2,1,Adaeze,8,0,1,,,,,,,,,
uuid:d1889ee0-2c28-40d0-871a-4e1b5d088068,"Jul 1, 2026 8:52:00 PM",ENUM03,SCTO-DEV-03,+25675614226,"Jul 1, 2026 7:06:42 PM","Jul 1, 2026 7:27:00 PM",20.3,1404073,1404,0.410993 32.866084 0.0 15.0,1,67,1,0,0,2,1,1,,1,1,,0,1,60,1,0,4,0,1,3,Adaeze,54,0,0,,,,,,,,,
uuid:8533ba17-2863-4b8b-acee-3fcf262829c1,"Jul 4, 2026 7:13:38 AM",ENUM08,SCTO-DEV-08,+25672458591,"Jul 4, 2026 6:42:56 AM","Jul 4, 2026 7:03:38 AM",20.7,1404066,1404,0.425169 32.878648 0.0 14.0,1,69,2,0,3,5,1,1,,1,1,,0,0,24,1,4,3,0,3,2,Kofi,49,0,0,,,,,,,,,
uuid:23c6d63b-79ea-4f21-b703-4268afcb72e8,"Jul 19, 2026 10:39:49 PM",ENUM05,SCTO-DEV-05,+25674744854,"Jul 19, 2026 10:12:25 PM","Jul 19, 2026 10:33:49 PM",21.4,1402072,1402,0.419738 32.598932 0.0 15.0,1,49,2,1,2,5,1,2,,,,,,,,,2,6,0,2,3,Zuri,52,0,0,,,,,,,,,
uuid:bf1c651c-b76d-43a4-a77a-490022402f0a,"Jul 6, 2026 10:46:02 PM",ENUM02,SCTO-DEV-02,+25671419610,"Jul 6, 2026 9:21:02 PM","Jul 6, 2026 9:42:02 PM",21.0,1202067,1202,0.190903 32.870633 0.0 9.0,1,19,1,1,0,8,0,2,,1,1,,1,1,6,0,2,4,1,2,3,,,,,,,,,,,,,
uuid:b3efff61-fda3-4f05-b31d-3cffb9310c5e,"Jul 11, 2026 10:39:59 PM",ENUM02,SCTO-DEV-02,+25671419610,"Jul 11, 2026 10:07:17 PM","Jul 11, 2026 10:31:59 PM",24.7,1302076,1302,0.316673 32.594011 0.0 6.0,1,60,1,0,3,8,3,4,,1,3,,1,1,1,1,3,0,0,3,3,Aisha,46,0,0,Baraka,6,0,0,Kofi,38,0,0,
uuid:b399b692-c1c0-4f28-80ff-86b9a1a797ff,"Jul 17, 2026 2:47:22 PM",ENUM07,SCTO-DEV-07,+25672719583,"Jul 17, 2026 1:07:10 PM","Jul 17, 2026 1:29:22 PM",22.2,1402033,1402,0.427811 32.582786 0.0 15.0,1,56,1,0,2,5,2,2,,1,3,,0,0,6,0,4,1,0,1,3,Femi,30,0,0,Sekai,34,0,0,,,,,
uuid:bba02c3c-617d-446c-81c0-f6f47e09d8bd,"Jul 19, 2026 7:56:21 PM",ENUM07,SCTO-DEV-07,+25672719583,"Jul 19, 2026 6:48:57 PM","Jul 19, 2026 7:09:21 PM",20.4,1304020,1304,0.301531 32.862104 0.0 9.0,1,71,2,1,2,5,1,2,,1,3,,1,1,99,0,0,0,1,2,3,Sekai,31,0,1,,,,,,,,,
uuid:2c31d30e-a4b7-438b-9c9d-7991ea36b260,"Jul 17, 2026 11:42:18 PM",ENUM05,SCTO-DEV-05,+25674744854,"Jul 17, 2026 10:23:48 PM","Jul 17, 2026 10:45:18 PM",21.5,1303044,1303,0.318205 32.724753 0.0 11.0,1,51,2,0,3,4,1,4,,,,,,,,,6,2,1,1,3,Sekai,26,0,0,,,,,,,,,
uuid:bd72c9cb-4252-4371-b0c3-fcf1c33bd62f,"Jul 18, 2026 5:14:50 AM",ENUM06,SCTO-DEV-06,+25673341057,"Jul 18, 2026 4:37:44 AM","Jul 18, 2026 4:42:14 AM",4.5,1401007,1401,0.415998 32.443678 0.0 12.0,1,79,1,1,2,4,2,4,,1,-666,Plastic drum,1,1,6,1,1,0,0,3,2,Aisha,3,0,0,Jelani,2,0,0,,,,,
uuid:1fa57c4a-2b96-487c-b630-6fb74878f2a4,"Jul 2, 2026 12:22:08 AM",ENUM08,SCTO-DEV-08,+25672458591,"Jul 1, 2026 11:46:02 PM","Jul 2, 2026 12:05:08 AM",19.1,1303088,1303,0.302420 32.733137 0.0 15.0,1,56,1,1,2,4,2,2,,0,,,,,,,7,0,0,1,1,Baraka,51,0,0,Baraka,11,0,0,,,,,
uuid:3c06ecc9-ab94-4014-ba7e-9fab9cdd02b2,"Jul 13, 2026 4:41:28 PM",ENUM03,SCTO-DEV-03,+25675614226,"Jul 13, 2026 3:14:04 PM","Jul 13, 2026 3:40:28 PM",26.4,1303057,1303,0.317984 32.736074 0.0 8.0,1,61,2,1,0,4,0,3,,1,1,,1,0,36,1,7,7,1,1,3,,,,,,,,,,,,,
uuid:9bc153c2-6909-401b-84d4-365012c201c1,"Jul 6, 2026 5:30:47 AM",ENUM04,SCTO-DEV-04,+25675108603,"Jul 6, 2026 4:12:11 AM","Jul 6, 2026 4:35:47 AM",23.6,1301028,1301,0.316277 32.456173 0.0 7.0,1,30,1,1,1,2,2,4,,1,2,,1,1,4,0,7,5,0,3,3,Thabo,32,0,0,Kojo,54,0,1,,,,,
uuid:a58aa3e7-1a9f-451d-ab7d-369b2600de9e,"Jul 17, 2026 10:49:52 AM",ENUM06,SCTO-DEV-06,+25673341057,"Jul 17, 2026 9:38:22 AM","Jul 17, 2026 9:42:16 AM",3.9,1304006,1304,0.302973 32.876529 0.0 13.0,1,25,1,1,3,9,3,1,,1,1,,0,1,6,0,1,6,1,2,2,Zuri,54,0,0,Thabo,47,0,1,Adaeze,2,0,1,
uuid:084c3770-f3dd-48c4-8189-fe8cc6f0aff8,"Jul 4, 2026 11:56:49 PM",ENUM05,SCTO-DEV-05,+25674744854,"Jul 4, 2026 10:11:55 PM","Jul 4, 2026 10:34:49 PM",22.9,1402039,1402,0.426048 32.585670 0.0 5.0,1,23,2,1,3,8,2,4,,,,,,,,,5,0,0,3,2,Kojo,54,0,0,Naledi,59,0,0,,,,,
uuid:30e15faa-cec3-4484-9ea9-f0d293d094fe,"Jul 6, 2026 11:33:29 AM",ENUM08,SCTO-DEV-08,+25672458591,"Jul 6, 2026 11:19:35 AM","Jul 6, 2026 11:31:29 AM",11.9,1303032,1303,0.319053 32.733673 0.0 8.0,1,51,1,1,1,3,1,1,,0,,,,,,,2,2,1,1,3,Kofi,5,0,0,,,,,,,,,
uuid:9ce5eed2-3311-438a-956d-c4c762336e6e,"Jul 20, 2026 12:44:41 PM",ENUM08,SCTO-DEV-08,+25672458591,"Jul 20, 2026 12:11:23 PM","Jul 20, 2026 12:31:41 PM",20.3,1402080,1402,0.424365 32.582818 0.0 5.0,1,55,2,0,2,9,1,1,,1,1,,1,1,99,0,0,3,0,3,3,Zuri,29,0,0,,,,,,,,,
uuid:d22c660a-3ca6-4739-be47-7ff3c9518f0f,"Jul 17, 2026 11:25:06 AM",ENUM07,SCTO-DEV-07,+25672719583,"Jul 17, 2026 9:37:36 AM","Jul 17, 2026 10:02:06 AM",24.5,1303005,1303,0.319616 32.729907 0.0 4.0,1,35,2,1,3,3,1,2,,0,,,,,,,2,4,1,2,1,Nia,39,0,0,,,,,,,,,
uuid:407dca7a-189b-4706-b7c4-2ab4263f7e17,"Jul 6, 2026 6:35:30 AM",ENUM01,SCTO-DEV-01,+25672867825,"Jul 6, 2026 5:46:30 AM","Jul 6, 2026 6:06:30 AM",20.0,1204055,1204,0.204708 32.737690 0.0 9.0,1,48,2,0,3,2,1,1,,0,,,,,,,0,7,0,3,3,Kojo,44,0,0,,,,,,,,,
uuid:eb89616c-b57e-4a4f-877e-a400a9c36109,"Jul 13, 2026 5:16:21 PM",ENUM05,SCTO-DEV-05,+25674744854,"Jul 13, 2026 4:00:57 PM","Jul 13, 2026 4:19:21 PM",18.4,1301062,1301,0.318891 32.440781 0.0 6.0,1,34,1,0,2,6,1,1,,,,,,,,,0,7,1,2,2,Naledi,55,1,,,,,,,,,,
uuid:a553c70e-f5a0-4a48-afdb-e54c15419bb3,"Jul 6, 2026 12:17:39 PM",ENUM07,SCTO-DEV-07,+25672719583,"Jul 6, 2026 11:32:09 AM","Jul 6, 2026 11:53:39 AM",21.5,1404035,1404,0.417649 32.863580 0.0 15.0,1,20,1,0,2,5,0,1,,1,2,,1,0,48,1,4,4,0,1,2,,,,,,,,,,,,,
uuid:9e226861-5174-4eff-a870-153ba50f62c5,"Jul 1, 2026 3:35:17 PM",ENUM05,SCTO-DEV-05,+25674744854,"Jul 1, 2026 3:18:35 PM","Jul 1, 2026 3:30:17 PM",11.7,1201093,1201,0.207990 32.453312 0.0 7.0,1,36,2,0,3,9,3,1,,,,,,,,,,0,,-999,2,Adaeze,54,0,0,Zuri,21,0,0,Aisha,21,0,0,
uuid:202a1ae3-df89-4e41-9ee1-a6b146069bd3,"Jul 19, 2026 10:02:17 PM",ENUM01,SCTO-DEV-01,+25672867825,"Jul 19, 2026 8:53:53 PM","Jul 19, 2026 9:10:17 PM",16.4,1204016,1204,0.209224 32.726067 0.0 15.0,1,54,1,1,0,4,0,3,,1,1,,1,1,6,1,0,0,0,3,1,,,,,,,,,,,,,
uuid:7de44867-2b12-4435-ace1-c6aa5c126571,"Jul 11, 2026 4:59:09 PM",ENUM05,SCTO-DEV-05,+25674744854,"Jul 11, 2026 3:06:21 PM","Jul 11, 2026 3:30:09 PM",23.8,1201016,1201,0.208922 32.450849 0.0 7.0,1,29,2,1,2,2,0,1,,,,,,,,,5,0,1,2,2,,,,,,,,,,,,,
uuid:aabc7197-97dd-454a-b97b-b31af1b6e214,"Jul 12, 2026 5:22:26 AM",ENUM08,SCTO-DEV-08,+25672458591,"Jul 12, 2026 4:27:56 AM","Jul 12, 2026 4:48:26 AM",20.5,1401080,1401,0.418753 32.441600 0.0 15.0,1,19,2,1,1,5,1,2,,0,,,,,,,5,7,0,3,3,Adaeze,11,0,0,,,,,,,,,
uuid:045218d5-dae5-46f8-b581-5833f26a43d5,"Jul 19, 2026 11:06:14 PM",ENUM02,SCTO-DEV-02,+25671419610,"Jul 19, 2026 9:28:08 PM","Jul 19, 2026 9:41:14 PM",13.1,1301064,1301,0.314205 32.449861 0.0 7.0,1,29,1,0,1,2,2,1,,1,1,,1,1,36,0,5,3,1,1,2,Femi,25,0,0,Oluwaseun,54,1,,,,,,
uuid:5ee7267d-4b69-48c2-808e-11ae7310e0b8,"Jul 4, 2026 12:20:52 AM",ENUM07,SCTO-DEV-07,+25672719583,"Jul 3, 2026 10:36:16 PM","Jul 3, 2026 10:58:52 PM",22.6,1401030,1401,0.414979 32.442222 0.0 5.0,1,25,1,0,1,3,1,1,,0,,,,,,,4,2,0,3,1,Imani,31,0,0,,,,,,,,,
uuid:97ba3732-1f72-4981-b838-cbc34fba5871,"Jul 9, 2026 8:37:51 AM",ENUM07,SCTO-DEV-07,+25672719583,"Jul 9, 2026 7:19:39 AM","Jul 9, 2026 7:41:51 AM",22.2,1204046,1204,0.204629 32.732704 0.0 6.0,1,37,1,1,3,6,1,1,,1,-666,Plastic drum,1,0,18,0,6,2,0,1,3,Zuri,10,0,0,,,,,,,,,
uuid:1fd7f0bd-3041-424f-8916-3b9454d648e8,"Jul 12, 2026 4:26:20 AM",ENUM07,SCTO-DEV-07,+25672719583,"Jul 12, 2026 2:55:26 AM","Jul 12, 2026 3:17:20 AM",21.9,1204023,1204,0.202487 32.732364 0.0 11.0,1,63,2,1,2,3,0,1,,0,,,,,,,5,0,0,3,3,,,,,,,,,,,,,
uuid:82935e0c-1ad8-4169-93d5-e0c17ba9f21a,"Jul 8, 2026 1:02:48 AM",ENUM06,SCTO-DEV-06,+25673341057,"Jul 8, 2026 12:04:42 AM","Jul 8, 2026 12:09:12 AM",4.5,1204104,1204,0.195787 32.721295 0.0 15.0,0,,,,,,,,,,,,,,,,,,,,,,,,,,,,,,,,,
uuid:9869fb30-9ea2-44fe-9f5e-e9145ade0c56,"Jul 18, 2026 4:02:11 AM",ENUM08,SCTO-DEV-08,+25672458591,"Jul 18, 2026 3:33:05 AM","Jul 18, 2026 3:55:11 AM",22.1,1303069,1303,0.318685 32.723029 0.0 4.0,1,23,2,1,3,8,2,1,,1,2,,1,1,12,0,4,0,1,3,3,Amina,0,1,,Sekai,13,0,1,,,,,
uuid:e4b8cbb6-3d76-45f9-b8bd-8511d3e574f0,"Jul 11, 2026 9:01:56 AM",ENUM08,SCTO-DEV-08,+25672458591,"Jul 11, 2026 7:44:02 AM","Jul 11, 2026 7:55:56 AM",11.9,1201004,1201,0.197236 32.455129 0.0 14.0,1,75,1,1,2,4,3,1,,1,1,,0,0,6,0,1,0,0,3,1,Tendai,29,0,0,Naledi,31,0,0,Imani,26,0,0,
uuid:dae80726-da37-4d6f-9d1c-be9890484b90,"Jul 6, 2026 4:56:52 PM",ENUM01,SCTO-DEV-01,+25672867825,"Jul 6, 2026 4:08:46 PM","Jul 6, 2026 4:34:52 PM",26.1,1403039,1403,0.425357 32.727383 0.0 9.0,1,19,2,1,1,4,1,1,,1,1,,1,1,4,1,1,6,1,1,2,Chidi,25,0,0,,,,,,,,,
uuid:79f1fee3-918a-47c9-a065-e0c9fa187933,"Jul 12, 2026 11:55:56 AM",ENUM07,SCTO-DEV-07,+25672719583,"Jul 12, 2026 11:15:20 AM","Jul 12, 2026 11:41:56 AM",26.6,1203027,1203,0.206377 32.598468 0.0 11.0,1,63,2,0,1,9,3,2,,0,,,,,,,1,5,1,1,3,Naledi,44,0,1,Naledi,5,0,0,Tendai,4,1,,
uuid:d778d628-d67a-4dc3-a2d7-d8382160b702,"Jul 19, 2026 7:18:51 PM",ENUM01,SCTO-DEV-01,+25672867825,"Jul 19, 2026 6:51:21 PM","Jul 19, 2026 7:08:51 PM",17.5,1304021,1304,0.315177 32.878431 0.0 13.0,1,38,1,0,3,9,1,1,,1,2,,1,0,6,1,0,0,0,2,2,Adaeze,60,0,0,,,,,,,,,
uuid:7eb6be52-65b3-4391-b18d-abe0bd16bae7,"Jul 20, 2026 12:22:20 AM",ENUM02,SCTO-DEV-02,+25671419610,"Jul 19, 2026 11:31:32 PM","Jul 19, 2026 11:47:20 PM",15.8,1201030,1201,0.208095 32.452805 0.0 9.0,1,72,2,0,0,2,0,3,,1,2,,1,0,2,0,6,3,0,2,2,,,,,,,,,,,,,
uuid:0b864530-4dcf-4ea9-9b8f-4f4211188467,"Jul 19, 2026 10:31:25 AM",ENUM02,SCTO-DEV-02,+25671419610,"Jul 19, 2026 10:05:43 AM","Jul 19, 2026 10:28:25 AM",22.7,1303018,1303,0.309185 32.726634 0.0 5.0,0,,,,,,,,,,,,,,,,,,,,,,,,,,,,,,,,,
uuid:454df818-ce25-452f-9964-a4f3bd7f4919,"Jul 11, 2026 6:38:13 AM",ENUM01,SCTO-DEV-01,+25672867825,"Jul 11, 2026 6:13:37 AM","Jul 11, 2026 6:28:13 AM",14.6,1204090,1204,0.200525 32.739681 0.0 8.0,1,34,2,0,0,5,2,1,,1,3,,1,1,6,0,0,7,0,3,1,Adaeze,17,1,,Baraka,9,0,0,,,,,
uuid:ca082ac7-d03b-49b4-816d-d59194c031d6,"Jul 17, 2026 5:02:22 AM",ENUM03,SCTO-DEV-03,+25675614226,"Jul 17, 2026 4:00:40 AM","Jul 17, 2026 4:20:22 AM",19.7,1402056,1402,0.410029 32.598790 0.0 4.0,1,33,2,1,1,8,2,1,,0,,,,,,,0,3,0,2,1,Zuri,29,0,0,Chidi,38,0,0,,,,,
uuid:8f6b2326-c987-4abb-8a6a-090135345d0b,"Jul 9, 2026 3:15:37 PM",ENUM03,SCTO-DEV-03,+25675614226,"Jul 9, 2026 2:57:43 PM","Jul 9, 2026 3:13:37 PM",15.9,1203074,1203,0.200710 32.598165 0.0 13.0,1,61,2,1,2,4,2,2,,1,3,,1,1,24,1,6,0,0,1,3,Oluwaseun,49,0,0,Imani,11,0,0,,,,,
uuid:1d80256b-67ca-4225-87b3-99045ef36f9f,"Jul 12, 2026 9:03:43 PM",ENUM05,SCTO-DEV-05,+25674744854,"Jul 12, 2026 7:28:55 PM","Jul 12, 2026 7:56:43 PM",27.8,1202015,1202,0.209733 32.861322 0.0 13.0,1,67,1,1,3,6,1,2,,,,,,,,,5,0,1,3,2,Kofi,52,0,0,,,,,,,,,
uuid:f1e917a5-f6da-446e-ae4b-3a623ad5a3d5,"Jul 20, 2026 4:52:27 PM",ENUM04,SCTO-DEV-04,+25675108603,"Jul 20, 2026 3:33:45 PM","Jul 20, 2026 3:48:27 PM",14.7,1302038,1302,0.308802 32.585479 0.0 5.0,1,50,1,0,3,9,3,4,,0,,,,,,,1,7,0,3,1,Amina,24,1,,Kofi,40,0,0,Sekai,59,0,0,
uuid:ec4f6608-9633-4e01-930d-adc29e26f57f,"Jul 5, 2026 3:34:49 PM",ENUM07,SCTO-DEV-07,+25672719583,"Jul 5, 2026 3:09:55 PM","Jul 5, 2026 3:25:49 PM",15.9,1203026,1203,0.192187 32.585519 0.0 15.0,1,37,2,1,1,2,1,-666,Rainwater ,1,1,,1,1,60,1,0,0,0,1,2,Nia,26,0,0,,,,,,,,,
uuid:2582765c-908f-45c4-ac29-8c191dc4152f,"Jul 2, 2026 12:09:53 PM",ENUM01,SCTO-DEV-01,+25672867825,"Jul 2, 2026 10:54:47 AM","Jul 2, 2026 11:21:53 AM",27.1,1302046,1302,0.310556 32.592241 0.0 8.0,0,,,,,,,,,,,,,,,,,,,,,,,,,,,,,,,,,
uuid:01cb61de-3a87-4b47-a067-f7b7edfd8eb7,"Jul 20, 2026 2:01:07 AM",ENUM05,SCTO-DEV-05,+25674744854,"Jul 20, 2026 12:14:07 AM","Jul 20, 2026 12:37:07 AM",23.0,1303106,1303,0.307315 32.738992 0.0 5.0,1,20,2,0,3,5,2,1,,,,,,,,,6,1,0,3,1,Baraka,34,0,0,Kofi,47,0,0,,,,,
uuid:c66f3bfc-41e5-449e-ace6-7fd713605b2b,"Jul 7, 2026 5:31:24 AM",ENUM02,SCTO-DEV-02,+25671419610,"Jul 7, 2026 4:32:06 AM","Jul 7, 2026 4:44:24 AM",12.3,1204042,1204,0.191299 32.731438 0.0 7.0,1,30,1,1,0,7,3,2,,1,2,,0,1,12,0,0,0,0,3,2,Zuri,11,1,,Zuri,0,0,0,Aisha,3,0,0,
uuid:8cd825d5-9478-4d26-a84c-d4d8827399a2,"Jul 6, 2026 8:49:00 PM",ENUM02,SCTO-DEV-02,+25671419610,"Jul 6, 2026 7:46:36 PM","Jul 6, 2026 8:11:00 PM",24.4,1301070,1301,0.316756 32.453353 0.0 10.0,1,26,2,1,3,9,1,3,,1,3,,0,1,8,0,7,7,0,3,3,Oluwaseun,59,0,0,,,,,,,,,
uuid:56776bb9-6af3-4c1c-a2f8-e021f47efcdd,"Jul 7, 2026 11:26:57 AM",ENUM03,SCTO-DEV-03,+25675614226,"Jul 7, 2026 10:29:33 AM","Jul 7, 2026 10:40:57 AM",11.4,1403102,1403,0.414827 32.729903 0.0 13.0,1,19,2,0,2,5,2,1,,0,,,,,,,0,6,1,2,1,Thabo,33,1,,Baraka,34,0,0,,,,,
uuid:12953c4b-e3da-4c4a-b39a-ed9fb6a0bb14,"Jul 2, 2026 6:41:20 PM",ENUM07,SCTO-DEV-07,+25672719583,"Jul 2, 2026 5:00:08 PM","Jul 2, 2026 5:27:20 PM",27.2,1303055,1303,0.310129 32.735846 0.0 11.0,1,75,2,0,1,4,1,1,,1,3,,1,1,12,0,2,2,0,2,1,Kwame,11,0,0,,,,,,,,,
uuid:067b1693-efbd-438a-8f20-49f59478d6bc,"Jul 12, 2026 1:02:06 PM",ENUM06,SCTO-DEV-06,+25673341057,"Jul 12, 2026 12:25:48 PM","Jul 12, 2026 12:29:36 PM",3.8,1202080,1202,0.207617 32.862429 0.0 6.0,1,62,1,0,1,7,2,1,,1,3,,1,0,1,1,0,7,0,3,3,Baraka,38,0,0,Naledi,30,0,0,,,,,
uuid:e647e4e3-e79a-4f44-af71-43eb116de01d,"Jul 18, 2026 10:28:31 AM",ENUM05,SCTO-DEV-05,+25674744854,"Jul 18, 2026 9:30:37 AM","Jul 18, 2026 9:42:31 AM",11.9,1304054,1304,0.308980 32.866711 0.0 5.0,1,65,2,1,1,4,2,1,,,,,,,,,4,5,0,2,1,Tendai,60,1,,Tendai,29,0,0,,,,,
uuid:f3155168-4ed9-414b-8488-2faae373496e,"Jul 12, 2026 5:13:25 PM",ENUM04,SCTO-DEV-04,+25675108603,"Jul 12, 2026 4:51:55 PM","Jul 12, 2026 5:09:25 PM",17.5,1303047,1303,0.313906 32.725406 0.0 10.0,1,61,2,0,3,7,0,1,,1,1,,1,1,24,0,0,4,1,2,3,,,,,,,,,,,,,
uuid:286c4a50-6c06-4b8c-876f-8408b97d8d3e,"Jul 16, 2026 7:01:54 PM",ENUM05,SCTO-DEV-05,+25674744854,"Jul 16, 2026 6:38:00 PM","Jul 16, 2026 6:54:54 PM",16.9,1202068,1202,0.193402 32.866324 0.0 10.0,1,76,2,1,1,2,1,2,,,,,,,,,0,2,0,2,3,Zuri,34,0,1,,,,,,,,,
uuid:b2916045-768e-460f-bc05-1eef65753382,"Jul 13, 2026 4:16:51 PM",ENUM07,SCTO-DEV-07,+25672719583,"Jul 13, 2026 2:55:03 PM","Jul 13, 2026 3:11:51 PM",16.8,1402083,1402,0.421036 32.590721 0.0 14.0,1,72,1,1,2,9,0,1,,1,-666,Plastic drum,0,0,48,1,0,4,1,1,3,,,,,,,,,,,,,
uuid:89d05d15-5aa7-4adc-a9d2-58bb9d85c807,"Jul 3, 2026 9:19:08 PM",ENUM01,SCTO-DEV-01,+25672867825,"Jul 3, 2026 7:55:56 PM","Jul 3, 2026 8:15:08 PM",19.2,1302042,1302,0.304034 32.582956 0.0 14.0,1,54,2,1,3,2,1,3,,1,2,,0,1,12,1,3,7,1,1,2,Sekai,58,0,0,,,,,,,,,
uuid:4069ef8e-522d-4189-9e1d-427184e3e47b,"Jul 12, 2026 4:33:01 PM",ENUM05,SCTO-DEV-05,+25674744854,"Jul 12, 2026 3:43:07 PM","Jul 12, 2026 4:10:01 PM",26.9,1203125,1203,0.208183 32.588126 0.0 5.0,1,62,1,1,1,6,0,3,,,,,,,,,7,1,0,3,1,,,,,,,,,,,,,
uuid:44fef0d8-b539-4d11-84c7-5983ca1a1532,"Jul 17, 2026 7:35:47 AM",ENUM06,SCTO-DEV-06,+25673341057,"Jul 17, 2026 6:04:23 AM","Jul 17, 2026 6:07:35 AM",3.2,1202083,1202,0.190052 32.870157 0.0 7.0,1,68,1,1,1,5,2,2,,1,1,,1,0,48,0,7,1,0,2,3,Naledi,59,0,0,Nia,12,0,0,,,,,
uuid:28db8230-37a7-40f4-8902-029cff6a9393,"Jul 15, 2026 9:34:40 AM",ENUM04,SCTO-DEV-04,+25675108603,"Jul 15, 2026 8:12:10 AM","Jul 15, 2026 8:36:40 AM",24.5,1403097,1403,0.422985 32.725863 0.0 5.0,1,72,2,1,2,8,2,4,,1,2,,1,1,12,0,0,7,1,2,1,Adaeze,31,0,0,Chidi,39,0,0,,,,,
uuid:e8c1bd35-8313-41eb-a091-502cda3501f5,"Jul 16, 2026 7:21:19 PM",ENUM06,SCTO-DEV-06,+25673341057,"Jul 16, 2026 6:35:37 PM","Jul 16, 2026 6:39:31 PM",3.9,1304033,1304,0.303872 32.862174 0.0 7.0,1,46,2,0,2,9,0,1,,1,2,,1,1,18,0,6,4,1,1,1,,,,,,,,,,,,,
uuid:25db0a71-522a-4421-ba8b-31ed3ca22c42,"Jul 20, 2026 4:05:28 AM",ENUM07,SCTO-DEV-07,+25672719583,"Jul 20, 2026 3:04:46 AM","Jul 20, 2026 3:29:28 AM",24.7,1201068,1201,0.193515 32.444982 0.0 12.0,1,41,2,1,2,7,0,1,,1,3,,1,1,36,0,7,6,0,2,1,,,,,,,,,,,,,
uuid:a538a4b3-8046-4eb8-b8ce-a519e2430598,"Jul 2, 2026 2:08:06 AM",ENUM08,SCTO-DEV-08,+25672458591,"Jul 2, 2026 1:29:12 AM","Jul 2, 2026 1:45:06 AM",15.9,1203004,1203,0.205379 32.595317 0.0 15.0,1,72,2,0,3,8,1,2,,1,2,,1,1,4,0,1,0,0,1,2,Kwame,29,0,0,,,,,,,,,
uuid:ff376ae2-228b-43a3-a7d0-38299cdab57e,"Jul 6, 2026 3:57:44 AM",ENUM08,SCTO-DEV-08,+25672458591,"Jul 6, 2026 3:19:08 AM","Jul 6, 2026 3:31:44 AM",12.6,1403014,1403,0.413417 32.725836 0.0 5.0,1,79,1,0,3,9,1,2,,1,2,,1,0,12,1,0,2,1,1,2,Naledi,48,0,1,,,,,,,,,
uuid:793377d5-61e0-4ce4-9a17-94cbfab3ca3e,"Jul 2, 2026 11:37:48 AM",ENUM08,SCTO-DEV-08,+25672458591,"Jul 2, 2026 10:03:06 AM","Jul 2, 2026 10:14:48 AM",11.7,1304007,1304,0.306481 32.874075 0.0 12.0,1,54,2,1,3,8,1,2,,0,,,,,,,3,2,0,2,3,Oluwaseun,31,0,0,,,,,,,,,
uuid:9972b7a7-fa64-4888-a290-e5a0ede0721e,"Jul 20, 2026 1:28:49 AM",ENUM02,SCTO-DEV-02,+25671419610,"Jul 20, 2026 12:25:55 AM","Jul 20, 2026 12:46:49 AM",20.9,1404003,1404,0.412668 32.867046 0.0 9.0,1,41,2,0,1,4,0,3,,1,1,,1,1,1,0,1,2,0,2,3,,,,,,,,,,,,,
uuid:23ec5df8-1972-4a26-b42b-76893287c7af,"Jul 7, 2026 8:05:14 AM",ENUM05,SCTO-DEV-05,+25674744854,"Jul 7, 2026 6:38:56 AM","Jul 7, 2026 7:02:14 AM",23.3,1302011,1302,0.311876 32.583911 0.0 5.0,1,36,2,1,3,7,2,1,,,,,,,,,2,2,0,2,2,Kwame,20,0,0,Thabo,20,0,0,,,,,
uuid:c93fee2a-a7cf-4dd1-919d-115a6a96a1a7,"Jul 15, 2026 7:14:59 AM",ENUM05,SCTO-DEV-05,+25674744854,"Jul 15, 2026 6:41:17 AM","Jul 15, 2026 6:52:59 AM",11.7,1403003,1403,0.419410 32.733030 0.0 8.0,1,42,2,0,0,9,1,1,,1,3,,1,0,8,0,2,5,1,3,3,Tendai,49,0,0,,,,,,,,,
uuid:29b8c572-6d33-4425-8332-ed5e26383aaa,"Jul 14, 2026 6:50:40 AM",ENUM03,SCTO-DEV-03,+25675614226,"Jul 14, 2026 4:10:40 AM","Jul 14, 2026 6:45:40 AM",155.0,1201095,1201,0.202653 32.452379 0.0 10.0,1,73,1,0,1,7,1,2,,0,,,,,,,0,3,0,2,3,Zuri,32,0,0,,,,,,,,,
uuid:b24c61c3-10fe-4a3a-bdca-eaec4b542ac6,"Jul 11, 2026 12:56:21 PM",ENUM02,SCTO-DEV-02,+25671419610,"Jul 11, 2026 11:33:03 AM","Jul 11, 2026 11:52:21 AM",19.3,1202050,1202,0.191118 32.868117 0.0 9.0,1,72,2,0,0,8,0,1,,1,2,,0,1,1,0,0,5,1,2,2,,,,,,,,,,,,,
uuid:b7aef668-de7a-4d1c-947f-8e2e692ec511,"Jul 20, 2026 12:42:36 AM",ENUM05,SCTO-DEV-05,+25674744854,"Jul 19, 2026 11:23:42 PM","Jul 19, 2026 11:42:36 PM",18.9,1203032,1203,0.198438 32.582329 0.0 6.0,1,75,2,0,0,9,1,1,,,,,,,,,2,2,0,2,2,Kwame,2,0,0,,,,,,,,,
uuid:58596eb9-8998-40d6-a5d1-810208cb64ba,"Jul 9, 2026 3:50:22 PM",ENUM01,SCTO-DEV-01,+25672867825,"Jul 9, 2026 2:45:34 PM","Jul 9, 2026 2:59:22 PM",13.8,1302067,1302,0.304819 32.593163 0.0 5.0,1,70,1,0,3,4,0,1,,1,2,,1,1,8,0,0,3,0,2,1,,,,,,,,,,,,,
uuid:da7d9ef7-d1e3-4f27-a5ae-4726b59c16b5,"Jul 11, 2026 7:46:29 PM",ENUM03,SCTO-DEV-03,+25675614226,"Jul 11, 2026 5:57:05 PM","Jul 11, 2026 6:22:29 PM",25.4,1301051,1301,0.302791 32.444287 0.0 4.0,1,77,1,1,0,8,0,1,,1,1,,0,0,2,0,7,3,0,3,3,,,,,,,,,,,,,
uuid:ac887998-0206-4688-891a-253c874ee0b5,"Jul 9, 2026 3:03:05 PM",ENUM04,SCTO-DEV-04,+25675108603,"Jul 9, 2026 2:23:53 PM","Jul 9, 2026 2:48:05 PM",24.2,1304099,1304,0.302820 32.867788 0.0 11.0,1,42,1,1,1,2,0,3,,1,2,,1,0,2,0,0,1,1,3,3,,,,,,,,,,,,,
uuid:f29fb627-37b1-4267-bea3-12a3b32a7fd9,"Jul 14, 2026 4:45:36 PM",ENUM08,SCTO-DEV-08,+25672458591,"Jul 14, 2026 4:08:06 PM","Jul 14, 2026 4:21:36 PM",13.5,1202002,1202,0.208437 32.870165 0.0 6.0,1,27,2,0,2,6,2,1,,1,2,,0,1,4,0,2,1,0,3,1,Aisha,44,0,0,Adaeze,2,0,0,,,,,
uuid:67f6e373-a39a-469e-8b18-d28f781ba0d6,"Jul 18, 2026 7:58:23 PM",ENUM05,SCTO-DEV-05,+25674744854,"Jul 18, 2026 7:00:59 PM","Jul 18, 2026 7:24:23 PM",23.4,1404053,1404,0.428325 32.862105 0.0 12.0,1,63,2,0,3,2,1,3,,,,,,,,,0,3,0,3,2,Baraka,59,0,0,,,,,,,,,
uuid:1e72a833-5fcf-4bce-9be7-33c1d3475430,"Jul 4, 2026 10:56:11 AM",ENUM08,SCTO-DEV-08,+25672458591,"Jul 4, 2026 10:01:35 AM","Jul 4, 2026 10:14:11 AM",12.6,1403013,1403,0.412451 32.738846 0.0 4.0,1,40,2,0,3,2,1,1,,1,3,,1,1,4,1,4,0,1,2,2,Kofi,5,0,1,,,,,,,,,
uuid:a9476f94-f02e-425f-9bc9-6b054ceac773,"Jul 15, 2026 11:31:09 PM",ENUM06,SCTO-DEV-06,+25673341057,"Jul 15, 2026 9:43:45 PM","Jul 15, 2026 9:47:27 PM",3.7,1404088,1404,0.419074 32.873270 0.0 5.0,1,45,2,0,1,2,0,3,,0,,,,,,,3,5,0,3,2,,,,,,,,,,,,,
uuid:e8ab2f50-c40c-455d-b64e-4cacd562cf87,"Jul 20, 2026 5:23:22 AM",ENUM05,SCTO-DEV-05,+25674744854,"Jul 20, 2026 4:17:10 AM","Jul 20, 2026 4:36:22 AM",19.2,1401092,1401,0.428263 32.446252 0.0 15.0,1,74,1,,0,9,0,2,,,,,,,,,,7,,2,-888,,,,,,,,,,,,,
uuid:75fcf5c1-372b-4230-ae04-358f28433489,"Jul 18, 2026 6:39:28 PM",ENUM06,SCTO-DEV-06,+25673341057,"Jul 18, 2026 4:53:28 PM","Jul 18, 2026 4:57:16 PM",3.8,1303012,1303,0.315415 32.720104 0.0 12.0,1,39,2,0,3,5,2,1,,1,1,,0,0,6,0,5,7,0,3,1,Chidi,59,0,0,Femi,50,0,0,,,,,
uuid:62f017ab-c740-4b3c-9fcc-04d0f1f52bc4,"Jul 18, 2026 3:45:06 PM",ENUM05,SCTO-DEV-05,+25674744854,"Jul 18, 2026 1:57:30 PM","Jul 18, 2026 2:25:06 PM",27.6,1203005,1203,0.191541 32.589104 0.0 9.0,1,26,2,1,2,4,1,1,,,,,,,,,0,0,0,1,3,Kofi,35,0,0,,,,,,,,,
uuid:da91466d-eb36-45f0-8eb2-07f8cfb245e4,"Jul 20, 2026 2:54:31 PM",ENUM05,SCTO-DEV-05,+25674744854,"Jul 20, 2026 1:17:49 PM","Jul 20, 2026 1:32:31 PM",14.7,1401076,1401,0.412738 32.448199 0.0 7.0,1,26,2,0,0,2,1,2,,,,,,,,,2,2,0,1,3,Adaeze,56,0,1,,,,,,,,,
uuid:55531c2c-34b2-4830-9c82-eee241d06fcd,"Jul 6, 2026 5:00:36 PM",ENUM01,SCTO-DEV-01,+25672867825,"Jul 6, 2026 3:50:48 PM","Jul 6, 2026 4:08:36 PM",17.8,1304089,1304,0.317193 32.879640 0.0 9.0,1,70,1,1,3,8,3,1,,0,,,,,,,3,0,0,3,2,Kojo,8,0,0,Aisha,54,0,0,Kojo,10,0,0,
uuid:a83b797f-2915-48a0-8990-5c9036433f83,"Jul 8, 2026 12:22:20 AM",ENUM08,SCTO-DEV-08,+25672458591,"Jul 7, 2026 11:12:38 PM","Jul 7, 2026 11:29:20 PM",16.7,1202045,1202,0.191535 32.865103 0.0 4.0,1,56,1,0,0,7,2,3,,1,2,,1,1,99,1,4,0,1,2,3,Kofi,60,0,0,Zainab,56,0,0,,,,,
uuid:56407245-4b5b-4849-932e-6513778caac8,"Jul 6, 2026 3:02:25 AM",ENUM07,SCTO-DEV-07,+25672719583,"Jul 6, 2026 1:22:49 AM","Jul 6, 2026 1:45:25 AM",22.6,1303058,1303,0.315404 32.734346 0.0 13.0,1,72,2,1,2,8,0,1,,0,,,,,,,1,2,0,3,1,,,,,,,,,,,,,
uuid:87549152-16b6-4686-ba31-b97e66b9e720,"Jul 1, 2026 9:10:00 AM",ENUM08,SCTO-DEV-08,+25672458591,"Jul 1, 2026 8:12:54 AM","Jul 1, 2026 8:26:00 AM",13.1,1404026,1404,0.411351 32.860894 0.0 11.0,1,58,2,0,3,9,2,3,,1,1,,1,0,60,0,6,1,0,2,2,Baraka,57,0,0,Sekai,47,0,1,,,,,
uuid:2c6fb906-b6f5-4bde-a91d-72a316f328fb,"Jul 9, 2026 9:20:04 AM",ENUM05,SCTO-DEV-05,+25674744854,"Jul 9, 2026 8:06:40 AM","Jul 9, 2026 8:24:04 AM",17.4,1203091,1203,0.204678 32.596757 0.0 11.0,1,20,1,0,2,5,2,2,,,,,,,,,1,1,0,2,2,Zuri,8,1,,Amina,10,0,0,,,,,
uuid:81a1312c-db65-4d93-8198-81d5a1edde40,"Jul 1, 2026 10:11:57 AM",ENUM06,SCTO-DEV-06,+25673341057,"Jul 1, 2026 9:32:45 AM","Jul 1, 2026 9:36:57 AM",4.2,1303082,1303,0.305854 32.729869 0.0 12.0,1,19,2,0,3,9,3,1,,1,2,,1,1,1,1,4,3,1,2,2,Naledi,49,0,0,Naledi,44,1,,Amina,44,0,0,
uuid:67f8df33-75d0-48ac-8b36-500b52efaf66,"Jul 6, 2026 8:40:07 PM",ENUM05,SCTO-DEV-05,+25674744854,"Jul 6, 2026 7:59:13 PM","Jul 6, 2026 8:19:07 PM",19.9,1201024,1201,0.205100 32.455505 0.0 5.0,1,57,2,0,3,7,3,1,,1,2,,1,1,99,0,3,4,0,1,2,Imani,43,0,0,Naledi,26,0,0,Naledi,22,0,0,
uuid:bd725c29-0e6d-4ec4-87f6-1d44e913a522,"Jul 12, 2026 2:45:23 AM",ENUM05,SCTO-DEV-05,+25674744854,"Jul 12, 2026 1:56:35 AM","Jul 12, 2026 2:16:23 AM",19.8,1203035,1203,0.201679 32.589305 0.0 13.0,1,62,2,0,3,8,1,3,,,,,,,,,7,1,0,2,3,Imani,59,0,1,,,,,,,,,
uuid:778a1d79-20d0-4438-9d20-13354d9721c0,"Jul 3, 2026 12:16:03 PM",ENUM01,SCTO-DEV-01,+25672867825,"Jul 3, 2026 11:44:21 AM","Jul 3, 2026 11:59:03 AM",14.7,1403020,1403,0.427745 32.738065 0.0 14.0,1,19,1,1,3,6,1,2,,1,3,,1,0,60,0,7,2,0,3,3,Amara,39,0,0,,,,,,,,,
uuid:a6f57b7f-73ed-4d67-87ba-fb1165a33dc1,"Jul 14, 2026 9:45:58 PM",ENUM02,SCTO-DEV-02,+25671419610,"Jul 14, 2026 8:13:40 PM","Jul 14, 2026 8:37:58 PM",24.3,1203048,1203,0.193164 32.590270 0.0 5.0,1,78,1,1,3,6,1,4,,0,,,,,,,0,1,1,2,2,Adaeze,56,1,,,,,,,,,,
uuid:96595a77-9d4d-4349-8065-e436acd32127,"Jul 12, 2026 11:30:16 AM",ENUM05,SCTO-DEV-05,+25674744854,"Jul 12, 2026 10:04:04 AM","Jul 12, 2026 10:16:16 AM",12.2,1401053,1401,0.426190 32.455943 0.0 4.0,1,30,2,1,1,4,1,4,,1,3,,1,0,8,0,3,5,0,1,2,Thabo,20,0,0,,,,,,,,,
uuid:2cdaf864-8bca-483d-a2b5-a45c3a132a5c,"Jul 18, 2026 8:38:16 PM",ENUM08,SCTO-DEV-08,+25672458591,"Jul 18, 2026 7:12:46 PM","Jul 18, 2026 7:37:16 PM",24.5,1303031,1303,0.316293 32.722263 0.0 10.0,1,54,1,1,2,4,0,1,,1,2,,1,1,60,0,6,4,1,2,2,,,,,,,,,,,,,
uuid:90f968c9-3df9-4df1-b18a-c0c164c31846,"Jul 6, 2026 5:44:46 PM",ENUM04,SCTO-DEV-04,+25675108603,"Jul 6, 2026 3:56:46 PM","Jul 6, 2026 4:18:46 PM",22.0,1204010,1204,0.194135 32.733032 0.0 12.0,1,21,1,0,1,4,2,1,,1,3,,1,0,60,1,6,6,0,3,3,Zainab,52,0,0,Amara,32,0,0,,,,,
uuid:9eff4108-4cc9-492e-8ede-5d3757143673,"Jul 8, 2026 6:32:31 AM",ENUM06,SCTO-DEV-06,+25673341057,"Jul 8, 2026 6:02:55 AM","Jul 8, 2026 6:06:25 AM",3.5,1304017,1304,0.305320 32.874304 0.0 10.0,1,65,1,1,3,5,0,1,,0,,,,,,,6,7,0,2,1,,,,,,,,,,,,,
uuid:176f9478-39ef-4843-b17a-4d207efd8432,"Jul 4, 2026 3:02:02 PM",ENUM04,SCTO-DEV-04,+25675108603,"Jul 4, 2026 2:13:38 PM","Jul 4, 2026 2:33:02 PM",19.4,1202091,1202,0.194342 32.865157 0.0 6.0,1,64,2,1,1,9,0,3,,0,,,,,,,0,4,1,2,3,,,,,,,,,,,,,
uuid:0f7b9972-7755-468b-934e-dbc02c50481f,"Jul 11, 2026 12:52:34 PM",ENUM04,SCTO-DEV-04,+25675108603,"Jul 11, 2026 12:26:40 PM","Jul 11, 2026 12:38:34 PM",11.9,1403079,1403,0.416691 32.735772 0.0 13.0,1,33,1,0,0,3,0,1,,0,,,,,,,0,0,0,3,3,,,,,,,,,,,,,
uuid:ad2f3140-8bf3-4b06-a0ef-1b97e78ebeb3,"Jul 9, 2026 11:23:22 AM",ENUM06,SCTO-DEV-06,+25673341057,"Jul 9, 2026 10:56:40 AM","Jul 9, 2026 11:00:16 AM",3.6,1401093,1401,0.419290 32.442865 0.0 8.0,1,21,2,1,3,2,1,1,,1,2,,1,0,8,0,2,0,0,1,2,Imani,48,0,1,,,,,,,,,
uuid:b7cff28d-1495-4670-9620-ed26e1fdcdeb,"Jul 3, 2026 5:55:46 AM",ENUM05,SCTO-DEV-05,+25674744854,"Jul 3, 2026 5:32:52 AM","Jul 3, 2026 5:52:46 AM",19.9,1302086,1302,0.303305 32.597090 0.0 14.0,1,41,2,1,0,4,3,2,,1,2,,1,0,48,1,3,5,0,3,2,Chidi,44,0,0,Sekai,56,1,,Naledi,2,0,0,
uuid:ea6d5688-4d37-45dd-bf11-4b4a839a50e3,"Jul 6, 2026 8:38:49 AM",ENUM01,SCTO-DEV-01,+25672867825,"Jul 6, 2026 8:14:55 AM","Jul 6, 2026 8:38:49 AM",23.9,1302062,1302,0.301219 32.580363 0.0 12.0,1,67,1,0,3,9,0,1,,1,2,,1,0,2,1,0,5,1,1,1,,,,,,,,,,,,,
uuid:5e0dd63c-967f-4556-b5a2-eba04aa57776,"Jul 3, 2026 8:17:46 PM",ENUM05,SCTO-DEV-05,+25674744854,"Jul 3, 2026 7:33:16 PM","Jul 3, 2026 7:47:46 PM",14.5,1404008,1404,0.418396 32.879224 0.0 6.0,1,54,1,1,1,8,2,1,,0,,,,,,,0,0,1,1,3,Amina,3,0,0,Baraka,18,0,0,,,,,
uuid:dbe5c912-2804-4dc7-95aa-39a434bd7285,"Jul 2, 2026 9:31:13 AM",ENUM03,SCTO-DEV-03,+25675614226,"Jul 2, 2026 7:54:25 AM","Jul 2, 2026 8:11:13 AM",16.8,1403049,1403,0.412901 32.726833 0.0 14.0,1,39,1,1,3,3,2,4,,0,,,,,,,3,3,0,3,2,Chidi,47,0,0,Nia,31,1,,,,,,
uuid:427b2c76-30be-4859-89ee-8c40a397b182,"Jul 20, 2026 3:58:10 AM",ENUM08,SCTO-DEV-08,+25672458591,"Jul 20, 2026 3:08:34 AM","Jul 20, 2026 3:31:10 AM",22.6,1203106,1203,0.204538 32.587204 0.0 4.0,1,26,2,1,3,8,3,1,,1,1,,1,1,24,1,7,0,0,3,2,Naledi,17,0,0,Naledi,59,0,0,Kojo,52,0,0,
uuid:d85f4e00-505f-4fc6-b58b-217e86acaedf,"Jul 16, 2026 6:04:57 AM",ENUM03,SCTO-DEV-03,+25675614226,"Jul 16, 2026 5:39:57 AM","Jul 16, 2026 5:57:57 AM",18.0,1403099,1403,0.427048 32.735969 0.0 14.0,1,53,2,0,2,9,0,2,,1,1,,0,1,36,1,7,1,0,3,1,,,,,,,,,,,,,
uuid:c2c39bdd-0e75-42a8-b169-ed34456b67d2,"Jul 4, 2026 4:04:29 AM",ENUM04,SCTO-DEV-04,+25675108603,"Jul 4, 2026 3:27:47 AM","Jul 4, 2026 3:41:29 AM",13.7,1202096,1202,0.194582 32.872042 0.0 8.0,1,24,2,1,2,9,0,1,,1,3,,1,0,6,0,3,1,0,1,3,,,,,,,,,,,,,
uuid:f4924f53-cc6a-439c-a932-cde1ae0be4bf,"Jul 11, 2026 9:55:30 PM",ENUM02,SCTO-DEV-02,+25671419610,"Jul 11, 2026 8:56:54 PM","Jul 11, 2026 9:09:30 PM",12.6,1304068,1304,0.310319 32.867785 0.0 12.0,1,73,1,1,3,8,1,2,,0,,,,,,,0,0,0,2,3,Nia,55,1,,,,,,,,,,
uuid:fbc0303a-3b30-4ace-b374-287fedc3f59c,"Jul 18, 2026 11:54:00 PM",ENUM07,SCTO-DEV-07,+25672719583,"Jul 18, 2026 11:21:12 PM","Jul 18, 2026 11:36:00 PM",14.8,1203061,1203,0.206119 32.581801 0.0 15.0,1,77,2,1,0,5,0,1,,1,2,,1,0,6,1,2,0,1,3,2,,,,,,,,,,,,,
uuid:04762b91-858c-47be-9e14-8ea0d674eea6,"Jul 5, 2026 12:14:54 PM",ENUM06,SCTO-DEV-06,+25673341057,"Jul 5, 2026 10:35:48 AM","Jul 5, 2026 10:39:48 AM",4.0,1401056,1401,0.416105 32.453625 0.0 9.0,1,36,2,1,3,3,3,1,,1,1,,1,1,1,0,4,2,0,3,2,Imani,30,0,0,Aisha,22,0,0,Zainab,46,0,0,
uuid:efe0259a-3c4e-4415-8c66-8a263f4362ca,"Jul 15, 2026 11:35:35 AM",ENUM06,SCTO-DEV-06,+25673341057,"Jul 15, 2026 10:20:11 AM","Jul 15, 2026 10:24:53 AM",4.7,1201001,1201,0.192549 32.446165 0.0 4.0,1,64,1,1,0,7,2,4,,1,2,,1,0,4,0,6,6,1,2,3,Adaeze,51,0,0,Baraka,17,0,0,,,,,
uuid:70e3882a-b770-4e0a-959a-81b38d584c1e,"Jul 2, 2026 11:44:45 AM",ENUM03,SCTO-DEV-03,+25675614226,"Jul 2, 2026 11:09:45 AM","Jul 2, 2026 11:28:45 AM",19.0,1204044,1204,0.194839 32.732179 0.0 9.0,1,54,2,1,3,4,2,3,,1,2,,1,0,4,1,2,5,0,3,2,Femi,56,0,0,Zainab,22,0,0,,,,,
uuid:50a40d67-dfe6-40b0-bf11-43682f9f6e94,"Jul 8, 2026 4:36:44 AM",ENUM02,SCTO-DEV-02,+25671419610,"Jul 8, 2026 3:41:56 AM","Jul 8, 2026 4:02:44 AM",20.8,1303076,1303,0.306301 32.729714 0.0 13.0,1,45,1,1,3,6,2,2,,1,2,,1,1,48,0,6,6,1,3,2,Aisha,9,0,0,Adaeze,18,0,1,,,,,
uuid:ec736026-839b-40e4-99d6-3eb505591252,"Jul 13, 2026 1:26:40 PM",ENUM01,SCTO-DEV-01,+25672867825,"Jul 13, 2026 11:42:46 AM","Jul 13, 2026 11:59:40 AM",16.9,1401015,1401,0.425518 32.449144 0.0 5.0,1,77,2,1,0,5,1,1,,1,3,,1,1,8,0,4,2,0,3,2,Oluwaseun,23,0,0,,,,,,,,,
uuid:5676beca-36c4-4819-806a-c116bbfbf871,"Jul 5, 2026 8:17:45 AM",ENUM02,SCTO-DEV-02,+25671419610,"Jul 5, 2026 6:47:21 AM","Jul 5, 2026 7:00:45 AM",13.4,1203054,1203,0.201255 32.588762 0.0 9.0,1,74,1,0,0,8,1,1,,1,2,,1,1,60,0,2,7,0,1,3,Chidi,5,0,0,,,,,,,,,
uuid:d089b9a6-4816-4f20-8c04-22f7e8334ebf,"Jul 9, 2026 5:18:18 PM",ENUM02,SCTO-DEV-02,+25671419610,"Jul 9, 2026 4:43:36 PM","Jul 9, 2026 5:06:18 PM",22.7,1304029,1304,0.313117 32.868089 0.0 4.0,1,39,2,1,3,9,0,2,,1,2,,1,1,99,0,4,6,0,3,2,,,,,,,,,,,,,
uuid:ba0351f9-ba24-44df-9dae-11f441032f01,"Jul 20, 2026 8:03:46 AM",ENUM04,SCTO-DEV-04,+25675108603,"Jul 20, 2026 7:23:16 AM","Jul 20, 2026 7:47:46 AM",24.5,1201067,1201,0.195609 32.452619 0.0 6.0,1,56,1,0,3,4,1,1,,1,1,,1,1,48,1,0,0,0,1,2,Femi,27,0,0,,,,,,,,,
uuid:125c10e9-f8fb-4c0e-8d09-b315eae8ea90,"Jul 17, 2026 8:50:22 AM",ENUM08,SCTO-DEV-08,+25672458591,"Jul 17, 2026 7:23:10 AM","Jul 17, 2026 7:35:22 AM",12.2,1301068,1301,0.310505 32.457789 0.0 4.0,1,80,2,0,0,7,2,2,,1,2,,0,1,18,0,4,0,0,3,3,Femi,50,0,0,Naledi,11,0,0,,,,,
uuid:8ac199e1-8969-4fd2-8386-aae76504aad2,"Jul 15, 2026 5:39:09 PM",ENUM02,SCTO-DEV-02,+25671419610,"Jul 15, 2026 4:22:51 PM","Jul 15, 2026 4:36:09 PM",13.3,1401042,1401,0.421072 32.451032 0.0 9.0,1,34,1,0,1,6,1,1,,1,1,,0,0,4,0,6,7,1,1,1,Zainab,23,1,,,,,,,,,,
uuid:47368ee5-75b0-434a-8c35-b43159a1471f,"Jul 18, 2026 1:45:52 AM",ENUM07,SCTO-DEV-07,+25672719583,"Jul 18, 2026 12:51:16 AM","Jul 18, 2026 1:11:52 AM",20.6,1404056,1404,0.419988 32.875921 0.0 10.0,1,53,2,1,2,5,1,2,,0,,,,,,,0,2,0,2,3,Zuri,27,0,0,,,,,,,,,
uuid:8fc9d05b-02a4-4f8f-967f-b30425640997,"Jul 20, 2026 6:03:03 PM",ENUM08,SCTO-DEV-08,+25672458591,"Jul 20, 2026 5:46:21 PM","Jul 20, 2026 5:58:03 PM",11.7,1201092,1201,0.190498 32.445447 0.0 10.0,1,31,2,1,1,9,0,1,,1,2,,1,0,8,0,0,2,0,2,2,,,,,,,,,,,,,
uuid:4af9dd0c-2d13-4a75-ac5d-27426d8ba39c,"Jul 18, 2026 11:31:26 AM",ENUM05,SCTO-DEV-05,+25674744854,"Jul 18, 2026 11:16:32 AM","Jul 18, 2026 11:31:26 AM",14.9,1303096,1303,0.307977 32.726876 0.0 6.0,1,43,2,0,3,7,2,2,,,,,,,,,1,7,1,1,2,Kwame,34,0,0,Baraka,6,1,,,,,,
uuid:9966a3c1-d222-476d-93f4-025473eb99f9,"Jul 9, 2026 10:26:48 PM",ENUM05,SCTO-DEV-05,+25674744854,"Jul 9, 2026 9:24:30 PM","Jul 9, 2026 9:42:48 PM",18.3,1303099,1303,0.313377 32.735912 0.0 10.0,0,,,,,,,,,,,,,,,,,,,,,,,,,,,,,,,,,
uuid:e8e0c18d-a74c-4a0b-8261-277e54322dc9,"Jul 9, 2026 9:10:51 AM",ENUM06,SCTO-DEV-06,+25673341057,"Jul 9, 2026 8:42:15 AM","Jul 9, 2026 8:45:57 AM",3.7,1303079,1303,0.305350 32.735281 0.0 10.0,1,39,2,1,0,8,1,1,,1,-666,Plastic drum,1,1,48,0,0,6,0,1,1,Femi,27,0,0,,,,,,,,,
uuid:33ce4b51-0430-40b0-95ab-c6a4dd53be7e,"Jul 8, 2026 9:08:44 PM",ENUM07,SCTO-DEV-07,+25672719583,"Jul 8, 2026 8:26:08 PM","Jul 8, 2026 8:49:44 PM",23.6,1301032,1301,0.300730 32.453780 0.0 13.0,1,71,1,0,1,9,1,1,,1,1,,1,1,99,0,0,0,0,3,2,Chidi,33,0,0,,,,,,,,,
uuid:7c8042b9-7a3c-4ead-b62c-8fa2da0db6ba,"Jul 15, 2026 10:10:56 AM",ENUM03,SCTO-DEV-03,+25675614226,"Jul 15, 2026 8:37:44 AM","Jul 15, 2026 9:04:56 AM",27.2,1302048,1302,0.304861 32.582985 0.0 14.0,1,31,1,0,3,2,1,1,,0,,,,,,,0,3,0,1,1,Zainab,32,0,0,,,,,,,,,
uuid:4ea1e6f1-1e41-46b3-bccc-de55255a17e2,"Jul 13, 2026 7:04:39 PM",ENUM03,SCTO-DEV-03,+25675614226,"Jul 13, 2026 5:15:09 PM","Jul 13, 2026 5:36:39 PM",21.5,1303100,1303,0.303893 32.721996 0.0 13.0,1,67,1,1,2,4,1,1,,1,1,,1,1,6,0,0,2,0,2,1,Tendai,11,0,0,,,,,,,,,
uuid:94eb558a-0046-4df7-8d2d-6061c20fe349,"Jul 6, 2026 5:07:49 PM",ENUM07,SCTO-DEV-07,+25672719583,"Jul 6, 2026 4:45:19 PM","Jul 6, 2026 5:01:49 PM",16.5,1204058,1204,0.203894 32.731871 0.0 15.0,1,20,1,0,2,3,0,1,,1,1,,1,0,12,0,7,4,0,2,3,,,,,,,,,,,,,
uuid:e90070eb-59ec-4a50-806a-ac7b7388bc0a,"Jul 7, 2026 5:57:47 AM",ENUM04,SCTO-DEV-04,+25675108603,"Jul 7, 2026 5:22:05 AM","Jul 7, 2026 5:48:47 AM",26.7,1402060,1402,0.417446 32.585266 0.0 15.0,1,44,1,0,0,2,0,1,,0,,,,,,,2,1,0,1,1,,,,,,,,,,,,,
uuid:84fe07b5-c43d-4c91-9e4f-5a8dda00d2d5,"Jul 7, 2026 6:42:07 PM",ENUM07,SCTO-DEV-07,+25672719583,"Jul 7, 2026 5:43:25 PM","Jul 7, 2026 5:55:07 PM",11.7,1301060,1301,0.319267 32.440749 0.0 14.0,1,19,1,0,1,2,1,2,,1,1,,0,0,8,0,4,3,0,2,2,Aisha,59,1,,,,,,,,,,
uuid:58c40f44-1a7b-4812-ac34-a616cd9f8ca5,"Jul 7, 2026 7:01:24 PM",ENUM03,SCTO-DEV-03,+25675614226,"Jul 7, 2026 5:24:24 PM","Jul 7, 2026 5:44:24 PM",20.0,1401002,1401,0.418463 32.444236 0.0 12.0,1,44,2,0,2,9,3,2,,1,1,,1,0,48,1,0,4,1,1,1,Zuri,32,0,0,Aisha,34,0,0,Amina,36,0,0,
uuid:c594f944-0dc6-4f13-84e6-af996b418caa,"Jul 3, 2026 10:25:26 PM",ENUM02,SCTO-DEV-02,+25671419610,"Jul 3, 2026 8:56:32 PM","Jul 3, 2026 9:09:26 PM",12.9,1204020,1204,0.205984 32.724411 0.0 7.0,1,73,2,0,2,3,3,2,,1,3,,0,0,48,1,0,1,0,3,3,Chidi,28,0,0,Naledi,6,0,0,Femi,49,0,0,
uuid:45f8a02b-16a8-461c-b406-33005b28459a,"Jul 16, 2026 7:44:35 AM",ENUM02,SCTO-DEV-02,+25671419610,"Jul 16, 2026 7:04:59 AM","Jul 16, 2026 7:31:35 AM",26.6,1301076,1301,0.300458 32.459434 0.0 15.0,1,67,2,1,0,2,2,4,,0,,,,,,,5,4,1,3,1,Tendai,25,0,0,Zainab,59,0,0,,,,,
uuid:02cf4872-aac6-43d0-b25e-d4f09790310a,"Jul 16, 2026 11:03:54 AM",ENUM06,SCTO-DEV-06,+25673341057,"Jul 16, 2026 10:38:48 AM","Jul 16, 2026 10:43:24 AM",4.6,1303111,1303,0.313821 32.722938 0.0 6.0,1,34,1,0,3,7,3,-666,Rainwater ,0,,,,,,,1,1,0,3,1,Nia,12,0,0,Kojo,41,1,,Tendai,6,0,0,
uuid:196d887a-108e-42c2-8a03-09acfda783f3,"Jul 18, 2026 6:57:52 AM",ENUM07,SCTO-DEV-07,+25672719583,"Jul 18, 2026 6:11:52 AM","Jul 18, 2026 6:28:52 AM",17.0,1203102,1203,0.199558 32.582549 0.0 6.0,1,70,2,1,1,7,1,1,,1,2,,1,1,2,0,0,6,0,1,2,Naledi,29,0,0,,,,,,,,,
uuid:5270b98e-88aa-4027-99be-fdd135dffc96,"Jul 11, 2026 9:31:07 AM",ENUM06,SCTO-DEV-06,+25673341057,"Jul 11, 2026 8:13:19 AM","Jul 11, 2026 8:16:55 AM",3.6,1403076,1403,0.411676 32.725721 0.0 6.0,1,58,1,1,0,2,2,1,,0,,,,,,,5,0,0,2,2,Baraka,44,0,0,Imani,27,0,0,,,,,
uuid:ef626618-3299-44a6-b531-d24ee9255f3d,"Jul 18, 2026 5:42:58 AM",ENUM06,SCTO-DEV-06,+25673341057,"Jul 18, 2026 5:01:16 AM","Jul 18, 2026 5:04:34 AM",3.3,1202057,1202,0.191789 32.861098 0.0 5.0,1,71,2,1,3,3,0,4,,1,2,,0,0,60,0,0,5,1,3,2,,,,,,,,,,,,,
uuid:beb34458-7792-4b46-8308-3fee8d624bbc,"Jul 1, 2026 2:30:55 PM",ENUM02,SCTO-DEV-02,+25671419610,"Jul 1, 2026 1:27:43 PM","Jul 1, 2026 1:51:55 PM",24.2,1204068,1204,0.196690 32.733950 0.0 14.0,1,68,1,0,1,7,1,4,,1,3,,1,1,8,0,3,0,1,2,2,Aisha,1,0,0,,,,,,,,,
uuid:7bb50bed-e6a5-4ac4-a981-e1ae522774ec,"Jul 10, 2026 4:36:18 PM",ENUM06,SCTO-DEV-06,+25673341057,"Jul 10, 2026 3:08:06 PM","Jul 10, 2026 3:12:12 PM",4.1,1201032,1201,0.201267 32.457187 0.0 6.0,0,,,,,,,,,,,,,,,,,,,,,,,,,,,,,,,,,
uuid:5357f833-4e19-4ec6-93d6-68e6e2ad8764,"Jul 18, 2026 7:31:35 AM",ENUM01,SCTO-DEV-01,+25672867825,"Jul 18, 2026 6:27:05 AM","Jul 18, 2026 6:52:35 AM",25.5,1301081,1301,0.309939 32.448092 0.0 9.0,1,44,2,1,0,3,0,1,,1,1,,1,1,4,0,5,3,1,3,3,,,,,,,,,,,,,
uuid:fd24bd0e-66e3-44d4-af10-163fd2d36ca2,"Jul 2, 2026 11:31:52 AM",ENUM06,SCTO-DEV-06,+25673341057,"Jul 2, 2026 10:56:58 AM","Jul 2, 2026 11:00:46 AM",3.8,1303049,1303,0.314142 32.723175 0.0 13.0,1,25,2,1,2,9,0,1,,1,3,,1,1,4,0,0,0,1,2,2,,,,,,,,,,,,,
uuid:f6fc26b7-5ec4-4f6e-924d-bd4efe0b1ff6,"Jul 17, 2026 11:04:40 AM",ENUM08,SCTO-DEV-08,+25672458591,"Jul 17, 2026 10:08:52 AM","Jul 17, 2026 10:30:40 AM",21.8,1402042,1402,0.410863 32.587093 0.0 15.0,1,34,2,1,3,3,1,1,,0,,,,,,,4,0,1,1,2,Kojo,14,0,0,,,,,,,,,
uuid:cf1051f0-70d6-4af4-b622-2d1549d6b20c,"Jul 2, 2026 2:02:33 PM",ENUM02,SCTO-DEV-02,+25671419610,"Jul 2, 2026 12:59:03 PM","Jul 2, 2026 1:17:33 PM",18.5,1202101,1202,0.192167 32.863798 0.0 6.0,1,28,2,1,1,2,2,1,,1,2,,1,1,1,0,1,1,0,2,1,Nia,17,0,0,Aisha,27,0,0,,,,,
uuid:0763806c-20a9-41f6-ad99-843ec2f09724,"Jul 14, 2026 6:16:27 AM",ENUM06,SCTO-DEV-06,+25673341057,"Jul 14, 2026 5:26:09 AM","Jul 14, 2026 5:30:33 AM",4.4,1404102,1404,0.422412 32.879155 0.0 5.0,1,25,2,0,3,4,3,1,,1,2,,1,0,36,0,1,3,1,1,3,Aisha,56,0,0,Imani,22,0,0,Naledi,59,0,0,
uuid:036aa139-4cec-428b-a67f-4ada68e895ae,"Jul 19, 2026 2:35:17 PM",ENUM03,SCTO-DEV-03,+25675614226,"Jul 19, 2026 1:05:53 PM","Jul 19, 2026 1:17:17 PM",11.4,1401035,1401,0.419129 32.451519 0.0 10.0,1,70,2,1,2,7,2,2,,1,1,,0,1,36,1,2,1,0,2,3,Chidi,59,0,0,Zainab,12,0,0,,,,,
uuid:bb1d8281-c3b2-43e8-8fbe-8c3aac524743,"Jul 15, 2026 1:51:37 PM",ENUM07,SCTO-DEV-07,+25672719583,"Jul 15, 2026 1:09:01 PM","Jul 15, 2026 1:32:37 PM",23.6,1302004,1302,0.317708 32.593098 0.0 11.0,1,71,2,1,2,5,1,-666,Rainwater ,0,,,,,,,0,4,0,1,3,Femi,17,0,1,,,,,,,,,
uuid:825287e2-6bd8-4e54-b35d-6c23ce0da1b3,"Jul 13, 2026 11:28:07 AM",ENUM07,SCTO-DEV-07,+25672719583,"Jul 13, 2026 10:23:49 AM","Jul 13, 2026 10:38:07 AM",14.3,1301025,1301,0.314514 32.459477 0.0 15.0,1,31,2,0,0,4,0,3,,1,3,,1,1,60,0,6,0,0,1,1,,,,,,,,,,,,,
uuid:2e206a48-ad2e-437f-89ed-216088b03b15,"Jul 4, 2026 6:40:39 PM",ENUM08,SCTO-DEV-08,+25672458591,"Jul 4, 2026 5:35:09 PM","Jul 4, 2026 5:56:39 PM",21.5,1402068,1402,0.416769 32.596454 0.0 13.0,1,42,2,0,3,3,0,1,,1,1,,0,1,18,0,6,0,0,3,2,,,,,,,,,,,,,
uuid:80240ae9-c39d-4643-937a-b3f4146128e6,"Jul 7, 2026 12:25:03 PM",ENUM08,SCTO-DEV-08,+25672458591,"Jul 7, 2026 10:40:57 AM","Jul 7, 2026 10:58:03 AM",17.1,1201031,1201,0.196881 32.459472 0.0 7.0,1,54,2,1,2,9,2,2,,0,,,,,,,0,3,0,2,2,Oluwaseun,49,0,0,Zuri,21,0,0,,,,,
uuid:67de3e1f-446c-48ac-88c2-2cbcf3de1139,"Jul 14, 2026 1:05:09 AM",ENUM07,SCTO-DEV-07,+25672719583,"Jul 14, 2026 12:15:39 AM","Jul 14, 2026 12:41:09 AM",25.5,1404072,1404,0.415751 32.865320 0.0 4.0,1,65,1,1,2,4,3,1,,0,,,,,,,0,3,1,2,3,Zuri,37,1,,Imani,15,0,0,Sekai,1,0,0,
uuid:7df297a5-366c-4078-b94c-41e3cb1abed0,"Jul 11, 2026 11:17:24 AM",ENUM06,SCTO-DEV-06,+25673341057,"Jul 11, 2026 10:41:36 AM","Jul 11, 2026 10:46:18 AM",4.7,1403087,1403,0.420235 32.735805 0.0 6.0,1,40,2,1,2,7,1,-666,Rainwater ,1,1,,1,1,60,0,6,5,1,2,2,Jelani,11,0,0,,,,,,,,,
uuid:ab251962-f4a0-40b9-ba9b-6dfa5554c578,"Jul 16, 2026 3:06:39 AM",ENUM05,SCTO-DEV-05,+25674744854,"Jul 16, 2026 2:39:21 AM","Jul 16, 2026 3:04:39 AM",25.3,1401061,1401,0.419373 32.456888 0.0 6.0,1,24,1,1,3,9,1,2,,,,,,,,,6,5,0,2,2,Aisha,0,0,0,,,,,,,,,
uuid:5fac149f-b91c-4754-abb3-6e434b80d7c6,"Jul 16, 2026 8:26:00 PM",ENUM02,SCTO-DEV-02,+25671419610,"Jul 16, 2026 6:38:42 PM","Jul 16, 2026 6:56:00 PM",17.3,1302071,1302,0.301225 32.586399 0.0 12.0,1,66,2,0,0,5,0,2,,0,,,,,,,7,0,0,1,3,,,,,,,,,,,,,
uuid:8cb490b2-91eb-4759-af7d-ca0e46a5e711,"Jul 7, 2026 11:05:40 PM",ENUM03,SCTO-DEV-03,+25675614226,"Jul 7, 2026 10:47:52 PM","Jul 7, 2026 10:59:40 PM",11.8,1201003,1201,0.201067 32.453948 0.0 6.0,1,81,1,1,2,9,1,1,,0,,,,,,,0,6,1,3,2,Amina,40,0,0,,,,,,,,,
uuid:88d6376b-ddd7-4448-9fe4-b1fd7298904f,"Jul 14, 2026 5:20:04 PM",ENUM05,SCTO-DEV-05,+25674744854,"Jul 14, 2026 4:39:04 PM","Jul 14, 2026 4:52:04 PM",13.0,1404030,1404,0.410912 32.864764 0.0 4.0,1,37,2,1,2,2,2,1,,,,,,,,,3,0,1,2,3,Zuri,60,0,0,Naledi,26,0,0,,,,,
uuid:a94d38d6-5cbc-45f2-b576-31cd4614052c,"Jul 20, 2026 10:14:19 AM",ENUM02,SCTO-DEV-02,+25671419610,"Jul 20, 2026 9:01:43 AM","Jul 20, 2026 9:21:19 AM",19.6,1204012,1204,0.200862 32.728068 0.0 9.0,1,47,1,0,2,7,1,-666,Rainwater ,1,2,,1,0,60,1,4,2,0,2,2,Kofi,43,0,0,,,,,,,,,
uuid:b37a499a-dcb4-4299-a316-59582589e294,"Jul 11, 2026 4:49:31 AM",ENUM01,SCTO-DEV-01,+25672867825,"Jul 11, 2026 3:13:31 AM","Jul 11, 2026 3:26:31 AM",13.0,1404019,1404,0.423346 32.869167 0.0 14.0,1,38,1,1,0,4,1,1,,0,,,,,,,4,0,0,3,2,Kwame,52,0,0,,,,,,,,,
uuid:c1d489fa-faed-4050-b662-fee6d446a08c,"Jul 12, 2026 8:48:47 PM",ENUM02,SCTO-DEV-02,+25671419610,"Jul 12, 2026 8:23:05 PM","Jul 12, 2026 8:42:47 PM",19.7,1203118,1203,0.208961 32.599920 0.0 6.0,1,33,2,1,3,6,0,1,,0,,,,,,,3,3,1,1,1,,,,,,,,,,,,,
uuid:422c7529-ed9e-4c91-aac2-a06215501c3d,"Jul 11, 2026 4:15:18 PM",ENUM03,SCTO-DEV-03,+25675614226,"Jul 11, 2026 3:32:54 PM","Jul 11, 2026 3:48:18 PM",15.4,1304090,1304,0.311974 32.863951 0.0 4.0,1,57,2,0,1,2,2,1,,0,,,,,,,0,1,0,3,3,Imani,41,0,0,Nia,33,0,0,,,,,
uuid:a00a5366-801a-495c-b24d-c602dab61f1b,"Jul 13, 2026 9:56:19 AM",ENUM01,SCTO-DEV-01,+25672867825,"Jul 13, 2026 8:50:49 AM","Jul 13, 2026 9:05:19 AM",14.5,1204038,1204,0.202506 32.738180 0.0 8.0,1,60,1,1,2,2,2,1,,0,,,,,,,7,0,0,2,2,Chidi,6,1,,Baraka,5,0,1,,,,,
uuid:5693af12-8cb1-49e7-be8e-17f2510e81a7,"Jul 18, 2026 5:43:34 AM",ENUM07,SCTO-DEV-07,+25672719583,"Jul 18, 2026 4:41:28 AM","Jul 18, 2026 5:00:34 AM",19.1,1303043,1303,0.303660 32.726224 0.0 6.0,1,74,2,0,0,4,1,1,,1,2,,1,1,2,0,0,4,0,3,3,Chidi,0,0,0,,,,,,,,,
uuid:cf3e0b0b-c907-4157-9f09-e4901d3a77b6,"Jul 16, 2026 10:24:35 PM",ENUM05,SCTO-DEV-05,+25674744854,"Jul 16, 2026 8:56:17 PM","Jul 16, 2026 9:23:35 PM",27.3,1403009,1403,0.414898 32.736147 0.0 10.0,1,57,2,1,0,4,1,2,,,,,,,,,1,2,0,2,3,Baraka,29,0,0,,,,,,,,,
uuid:763cc340-c756-4590-8ebc-dd2e68aa2ced,"Jul 18, 2026 3:25:40 PM",ENUM04,SCTO-DEV-04,+25675108603,"Jul 18, 2026 2:41:28 PM","Jul 18, 2026 3:08:40 PM",27.2,1403028,1403,0.419416 32.725583 0.0 6.0,1,40,1,1,1,6,0,3,,1,3,,1,1,24,0,0,0,0,3,2,,,,,,,,,,,,,
uuid:e132d69c-63f4-4195-a9c6-455d857b821a,"Jul 10, 2026 12:20:02 PM",ENUM02,SCTO-DEV-02,+25671419610,"Jul 10, 2026 11:30:44 AM","Jul 10, 2026 11:43:02 AM",12.3,1304001,1304,0.316588 32.872370 0.0 9.0,1,43,1,1,1,6,3,4,,0,,,,,,,1,3,0,3,3,Imani,44,0,0,Jelani,40,0,0,Chidi,29,0,0,
uuid:65447f0b-e399-4288-8c7f-33b58810763c,"Jul 13, 2026 4:56:56 PM",ENUM03,SCTO-DEV-03,+25675614226,"Jul 13, 2026 3:17:20 PM","Jul 13, 2026 3:34:56 PM",17.6,1203034,1203,0.205023 32.587485 0.0 12.0,1,78,1,0,2,9,2,2,,1,2,,0,0,1,1,6,3,1,3,2,Femi,36,0,0,Imani,35,1,,,,,,
uuid:d47a325d-0394-412e-807f-3e89ff73581e,"Jul 13, 2026 6:45:21 PM",ENUM01,SCTO-DEV-01,+25672867825,"Jul 13, 2026 6:14:57 PM","Jul 13, 2026 6:30:21 PM",15.4,1303084,1303,0.310223 32.735671 0.0 11.0,1,69,1,1,0,8,1,1,,0,,,,,,,0,5,1,2,3,Zuri,27,0,0,,,,,,,,,
uuid:0c91a35a-229c-4a65-9ffa-f00298d803ea,"Jul 18, 2026 4:45:31 PM",ENUM03,SCTO-DEV-03,+25675614226,"Jul 18, 2026 3:39:19 PM","Jul 18, 2026 3:57:31 PM",18.2,1403011,1403,0.411479 32.739814 0.0 11.0,1,70,2,1,2,3,0,1,,1,1,,1,0,60,0,1,5,0,2,3,,,,,,,,,,,,,
uuid:f88ff2ac-0a55-42c2-b9d1-7508b952d149,"Jul 10, 2026 2:16:34 AM",ENUM03,SCTO-DEV-03,+25675614226,"Jul 10, 2026 12:44:34 AM","Jul 10, 2026 1:06:34 AM",22.0,1203113,1203,0.202519 32.580253 0.0 11.0,1,47,2,1,2,3,1,1,,1,2,,0,0,18,1,6,2,1,1,3,Oluwaseun,31,0,0,,,,,,,,,
uuid:2b68d2fc-2fd5-425c-8fdf-51bb514a9754,"Jul 5, 2026 2:43:00 AM",ENUM04,SCTO-DEV-04,+25675108603,"Jul 5, 2026 2:12:36 AM","Jul 5, 2026 2:29:00 AM",16.4,1404084,1404,0.418899 32.871745 0.0 4.0,1,58,2,0,0,7,1,2,,1,1,,0,1,2,1,6,3,1,3,3,Oluwaseun,48,0,0,,,,,,,,,
uuid:8b632589-7804-4c66-9f37-e51422bc3f1c,"Jul 19, 2026 2:32:11 AM",ENUM03,SCTO-DEV-03,+25675614226,"Jul 19, 2026 1:06:11 AM","Jul 19, 2026 1:30:11 AM",24.0,1301086,1301,0.304258 32.454633 0.0 14.0,1,62,1,1,3,9,3,2,,0,,,,,,,5,3,1,2,1,Naledi,21,0,0,Tendai,10,1,,Kojo,53,1,,
uuid:47a3d625-11df-4cea-9553-ca88e47304ac,"Jul 15, 2026 5:18:28 AM",ENUM04,SCTO-DEV-04,+25675108603,"Jul 15, 2026 4:37:22 AM","Jul 15, 2026 4:57:28 AM",20.1,1401005,1401,0.416562 32.450407 0.0 5.0,1,45,2,1,3,2,1,2,,1,1,,1,0,99,1,0,0,1,3,2,Zuri,34,0,0,,,,,,,,,
uuid:37e810c5-6987-434c-8b15-596bb6d275a3,"Jul 5, 2026 7:00:47 PM",ENUM07,SCTO-DEV-07,+25672719583,"Jul 5, 2026 6:09:17 PM","Jul 5, 2026 6:25:47 PM",16.5,1304067,1304,0.316767 32.874973 0.0 14.0,1,40,2,0,2,8,0,3,,1,2,,1,0,48,0,1,0,0,3,1,,,,,,,,,,,,,
uuid:a9f97113-7b42-41d2-83d5-22edb06d3ba7,"Jul 12, 2026 4:29:14 PM",ENUM06,SCTO-DEV-06,+25673341057,"Jul 12, 2026 3:58:02 PM","Jul 12, 2026 4:01:38 PM",3.6,1303045,1303,0.315252 32.729734 0.0 13.0,1,23,1,1,0,2,0,4,,1,3,,1,0,6,0,7,1,1,2,3,,,,,,,,,,,,,
uuid:94a89fcf-f64a-4bce-82d7-da7f17313bd3,"Jul 2, 2026 5:03:39 AM",ENUM03,SCTO-DEV-03,+25675614226,"Jul 2, 2026 4:43:27 AM","Jul 2, 2026 4:58:39 AM",15.2,1204059,1204,0.196035 32.731334 0.0 8.0,1,67,1,1,1,2,2,1,,0,,,,,,,1,0,1,2,2,Femi,55,0,0,Femi,12,0,0,,,,,
uuid:4917ce0d-e9ab-4fbe-b4e1-842a52d397db,"Jul 10, 2026 6:22:08 AM",ENUM05,SCTO-DEV-05,+25674744854,"Jul 10, 2026 5:31:50 AM","Jul 10, 2026 5:57:08 AM",25.3,1403113,1403,0.419063 32.722609 0.0 11.0,1,,1,,-999,8,1,1,,,,,,,,,,2,1,3,-888,Jelani,40,0,1,,,,,,,,,
uuid:c5b8921e-03d0-461d-b554-c302a5355b7f,"Jul 20, 2026 6:03:48 PM",ENUM03,SCTO-DEV-03,+25675614226,"Jul 20, 2026 4:47:12 PM","Jul 20, 2026 5:07:48 PM",20.6,1402014,1402,0.416774 32.582246 0.0 11.0,1,24,1,1,2,2,1,3,,1,1,,1,0,48,0,5,5,1,3,1,Zuri,32,0,0,,,,,,,,,
uuid:f962e884-f62e-4a58-b3ac-b5f1ffe4c6f9,"Jul 18, 2026 1:46:48 PM",ENUM02,SCTO-DEV-02,+25671419610,"Jul 18, 2026 1:05:00 PM","Jul 18, 2026 1:18:48 PM",13.8,1301066,1301,0.319287 32.453133 0.0 11.0,1,59,2,1,0,2,1,2,,1,1,,0,1,6,0,5,5,1,3,2,Jelani,47,0,0,,,,,,,,,
uuid:12c13313-18cd-43b0-84d6-f090d9bafd06,"Jul 20, 2026 5:59:53 AM",ENUM06,SCTO-DEV-06,+25673341057,"Jul 20, 2026 5:14:53 AM","Jul 20, 2026 5:18:23 AM",3.5,1202066,1202,0.193295 32.872863 0.0 13.0,1,35,1,0,2,3,2,4,,1,2,,0,0,24,0,0,7,1,3,1,Tendai,39,0,0,Nia,15,0,0,,,,,
uuid:b29722dd-1f79-443f-9bcf-bdf2d9c547bb,"Jul 12, 2026 7:37:21 PM",ENUM06,SCTO-DEV-06,+25673341057,"Jul 12, 2026 6:58:33 PM","Jul 12, 2026 7:02:21 PM",3.8,1204005,1204,0.202125 32.730310 0.0 9.0,1,59,1,0,2,7,1,2,,1,2,,1,1,12,0,7,3,0,2,2,Amara,38,0,0,,,,,,,,,
uuid:7827717d-598e-4f1f-ad72-279b43439f1b,"Jul 8, 2026 7:14:19 PM",ENUM01,SCTO-DEV-01,+25672867825,"Jul 8, 2026 6:01:19 PM","Jul 8, 2026 6:17:19 PM",16.0,1202073,1202,0.198819 32.861759 0.0 15.0,1,31,1,0,2,6,2,1,,1,3,,1,1,8,0,6,0,0,1,2,Tendai,9,0,0,Jelani,17,0,1,,,,,
uuid:da262338-4671-417a-83e7-0a9f67865792,"Jul 16, 2026 9:57:21 PM",ENUM05,SCTO-DEV-05,+25674744854,"Jul 16, 2026 9:33:33 PM","Jul 16, 2026 9:53:21 PM",19.8,1202027,1202,0.208708 32.877850 0.0 11.0,1,26,2,1,3,7,1,1,,,,,,,,,0,3,1,3,2,Naledi,49,0,0,,,,,,,,,
uuid:c26d46f8-42e2-445f-ba4e-fe0917b0a01a,"Jul 5, 2026 7:37:56 PM",ENUM06,SCTO-DEV-06,+25673341057,"Jul 5, 2026 6:10:26 PM","Jul 5, 2026 6:14:26 PM",4.0,1304010,1304,0.309477 32.863276 0.0 7.0,1,23,2,1,2,8,0,2,,1,1,,1,0,24,0,2,1,0,3,2,,,,,,,,,,,,,
uuid:ebf71166-55fa-42d6-b2bf-3ab4a8990ecd,"Jul 11, 2026 9:33:39 AM",ENUM04,SCTO-DEV-04,+25675108603,"Jul 11, 2026 8:58:09 AM","Jul 11, 2026 9:13:39 AM",15.5,1203064,1203,0.194079 32.591055 0.0 9.0,1,22,1,0,3,3,2,1,,1,2,,1,1,12,0,0,0,1,2,3,Naledi,39,1,,Sekai,24,0,0,,,,,
uuid:51f83b02-1dbf-43cf-83e3-eead1dba3791,"Jul 3, 2026 8:02:10 PM",ENUM04,SCTO-DEV-04,+25675108603,"Jul 3, 2026 6:37:04 PM","Jul 3, 2026 6:54:10 PM",17.1,1204102,1204,0.205350 32.737744 0.0 7.0,1,56,1,0,0,4,0,3,,0,,,,,,,0,0,0,1,2,,,,,,,,,,,,,
uuid:aa403dab-dfdf-447e-9cb4-6e86be3e17ac,"Jul 18, 2026 12:30:48 AM",ENUM03,SCTO-DEV-03,+25675614226,"Jul 17, 2026 11:28:42 PM","Jul 17, 2026 11:49:48 PM",21.1,1301016,1301,0.315991 32.443973 0.0 10.0,1,66,1,0,3,5,0,1,,1,2,,1,1,24,1,5,0,0,2,3,,,,,,,,,,,,,
uuid:e26a6929-b7a0-4faf-aa9d-bc451f5ad003,"Jul 13, 2026 9:39:13 AM",ENUM04,SCTO-DEV-04,+25675108603,"Jul 13, 2026 8:54:43 AM","Jul 13, 2026 9:21:13 AM",26.5,1303006,1303,0.304644 32.732758 0.0 11.0,1,51,1,0,2,4,0,4,,0,,,,,,,0,7,0,2,3,,,,,,,,,,,,,
uuid:86906cbf-2296-4ded-a8d1-53a2eab6a113,"Jul 13, 2026 8:07:59 PM",ENUM04,SCTO-DEV-04,+25675108603,"Jul 13, 2026 7:22:47 PM","Jul 13, 2026 7:41:59 PM",19.2,1203086,1203,0.199192 32.583798 0.0 15.0,1,42,2,0,2,9,1,2,,0,,,,,,,2,0,0,2,1,Baraka,20,0,0,,,,,,,,,
uuid:2c4c0b3c-b192-44ab-8231-2053b4eba53a,"Jul 3, 2026 2:52:20 AM",ENUM03,SCTO-DEV-03,+25675614226,"Jul 3, 2026 1:32:02 AM","Jul 3, 2026 1:45:20 AM",13.3,1201027,1201,0.208372 32.458085 0.0 9.0,1,35,2,1,2,3,1,3,,1,2,,1,0,2,0,1,2,0,2,1,Kwame,48,0,1,,,,,,,,,
uuid:d07a8ce8-7950-439e-9cbd-cd3aca77d46f,"Jul 15, 2026 10:47:36 PM",ENUM04,SCTO-DEV-04,+25675108603,"Jul 15, 2026 10:18:12 PM","Jul 15, 2026 10:36:36 PM",18.4,1302101,1302,0.315113 32.581209 0.0 13.0,1,47,1,0,3,2,1,1,,0,,,,,,,1,7,0,2,3,Tendai,43,0,1,,,,,,,,,
uuid:b95f056e-2142-46ff-b229-6fb19a727bbb,"Jul 16, 2026 2:26:25 AM",ENUM08,SCTO-DEV-08,+25672458591,"Jul 16, 2026 12:49:31 AM","Jul 16, 2026 1:01:25 AM",11.9,1404062,1404,0.423882 32.875947 0.0 12.0,0,,,,,,,,,,,,,,,,,,,,,,,,,,,,,,,,,
uuid:2ef8422d-fb05-48b3-a55e-72a4de02fa37,"Jul 11, 2026 9:14:07 PM",ENUM07,SCTO-DEV-07,+25672719583,"Jul 11, 2026 8:23:07 PM","Jul 11, 2026 8:39:07 PM",16.0,1204098,1204,0.192978 32.736323 0.0 8.0,1,54,1,0,3,5,2,3,,0,,,,,,,3,2,1,2,2,Zainab,5,0,0,Sekai,52,0,0,,,,,
uuid:8c443b80-5225-4056-ae17-84d61168737a,"Jul 19, 2026 8:32:26 AM",ENUM04,SCTO-DEV-04,+25675108603,"Jul 19, 2026 6:53:02 AM","Jul 19, 2026 7:07:26 AM",14.4,1401036,1401,0.410657 32.452528 0.0 9.0,1,27,2,1,0,9,1,1,,1,3,,1,0,6,1,5,0,0,3,3,Aisha,46,0,1,,,,,,,,,
uuid:d3421d4e-2699-4d23-99fb-224d72b2faa8,"Jul 7, 2026 1:37:09 AM",ENUM05,SCTO-DEV-05,+25674744854,"Jul 7, 2026 12:42:39 AM","Jul 7, 2026 1:06:09 AM",23.5,1203036,1203,0.202395 32.581198 0.0 9.0,1,82,2,1,1,8,0,1,,,,,,,,,3,7,0,3,3,,,,,,,,,,,,,
uuid:9445e49a-603d-4eb0-a86e-75ce096267b5,"Jul 10, 2026 3:42:17 AM",ENUM02,SCTO-DEV-02,+25671419610,"Jul 10, 2026 2:03:11 AM","Jul 10, 2026 2:25:17 AM",22.1,1401032,1401,0.414607 32.455726 0.0 7.0,1,35,1,0,1,6,2,1,,1,2,,1,1,24,0,5,6,0,3,3,Imani,48,0,0,Tendai,8,0,0,,,,,
uuid:91daf20c-bd05-46bc-80e0-35d38f750b3a,"Jul 9, 2026 5:12:03 PM",ENUM05,SCTO-DEV-05,+25674744854,"Jul 9, 2026 3:28:27 PM","Jul 9, 2026 3:53:03 PM",24.6,1201075,1201,0.206644 32.443619 0.0 11.0,1,73,2,0,3,7,1,1,,,,,,,,,7,7,1,1,1,Aisha,26,0,0,,,,,,,,,
uuid:dbf130c0-5382-4cb1-a706-bdcee0b749fa,"Jul 14, 2026 12:08:28 PM",ENUM08,SCTO-DEV-08,+25672458591,"Jul 14, 2026 11:50:46 AM","Jul 14, 2026 12:05:28 PM",14.7,1303086,1303,0.307445 32.729888 0.0 11.0,1,31,1,0,2,2,0,1,,1,3,,0,1,18,0,1,5,0,3,2,,,,,,,,,,,,,
uuid:9e17a79a-a061-41c0-ab71-ce656ad2c10f,"Jul 8, 2026 10:51:57 AM",ENUM05,SCTO-DEV-05,+25674744854,"Jul 8, 2026 9:42:03 AM","Jul 8, 2026 10:09:57 AM",27.9,1301095,1301,0.309561 32.445776 0.0 5.0,1,57,1,0,3,5,1,4,,1,2,,1,0,8,0,4,0,1,3,3,Jelani,56,0,0,,,,,,,,,
uuid:95a7e6f7-ffd2-41d2-b9ba-094aa7f3bca0,"Jul 5, 2026 9:57:16 PM",ENUM06,SCTO-DEV-06,+25673341057,"Jul 5, 2026 9:26:52 PM","Jul 5, 2026 9:30:46 PM",3.9,1204109,1204,0.202345 32.727066 0.0 13.0,1,42,2,0,1,7,2,2,,0,,,,,,,7,4,0,3,2,Nia,44,0,0,Amara,10,0,0,,,,,
uuid:158b9535-e639-4812-930c-9daedbcd7478,"Jul 15, 2026 3:33:08 AM",ENUM06,SCTO-DEV-06,+25673341057,"Jul 15, 2026 3:11:08 AM","Jul 15, 2026 3:14:32 AM",3.4,1403111,1403,0.412628 32.724194 0.0 9.0,1,78,2,1,3,7,1,2,,1,1,,0,0,36,1,2,0,0,1,2,Amara,10,0,0,,,,,,,,,
uuid:a32aa63e-d9b5-46ff-beab-b98e557f9a09,"Jul 10, 2026 9:53:53 PM",ENUM08,SCTO-DEV-08,+25672458591,"Jul 10, 2026 9:10:53 PM","Jul 10, 2026 9:32:53 PM",22.0,1303072,1303,0.309072 32.723324 0.0 14.0,1,57,2,1,3,6,2,2,,0,1,,1,0,6,0,0,5,0,2,1,Amara,10,1,,Amara,42,0,1,,,,,
uuid:cc4599e6-824b-4dec-8e1e-74a7979d746d,"Jul 19, 2026 6:19:47 AM",ENUM02,SCTO-DEV-02,+25671419610,"Jul 19, 2026 4:36:23 AM","Jul 19, 2026 5:01:47 AM",25.4,1403019,1403,0.429980 32.728281 0.0 9.0,1,63,1,1,1,6,1,1,,1,2,,0,1,12,0,5,4,1,3,3,Nia,59,0,0,,,,,,,,,
uuid:ddbaeea8-43eb-4d58-9b02-6babc300ea47,"Jul 19, 2026 5:08:56 PM",ENUM07,SCTO-DEV-07,+25672719583,"Jul 19, 2026 3:34:56 PM","Jul 19, 2026 3:51:56 PM",17.0,1202102,1202,0.190196 32.877070 0.0 15.0,1,22,2,1,3,5,1,4,,1,1,,1,0,24,0,5,3,0,3,2,Chidi,13,0,0,,,,,,,,,
uuid:8887028c-ca13-4644-ba68-e1b811d5f4fc,"Jul 16, 2026 8:08:10 PM",ENUM02,SCTO-DEV-02,+25671419610,"Jul 16, 2026 7:04:34 PM","Jul 16, 2026 7:31:10 PM",26.6,1301003,1301,0.307351 32.444417 0.0 6.0,1,80,1,0,2,8,2,4,,0,,,,,,,6,6,0,2,2,Zuri,33,0,0,Zuri,58,0,1,,,,,
uuid:7565ffdc-e6b6-4a06-8644-08c017c0ec49,"Jul 17, 2026 7:37:23 PM",ENUM05,SCTO-DEV-05,+25674744854,"Jul 17, 2026 5:49:35 PM","Jul 17, 2026 6:13:23 PM",23.8,1202003,1202,0.203617 32.862736 0.0 5.0,1,24,2,0,0,7,2,1,,,,,,,,,1,3,1,3,1,Thabo,51,0,0,Tendai,29,0,1,,,,,
uuid:525abf43-b771-48c0-8303-b8819f0ca7e4,"Jul 17, 2026 4:58:56 AM",ENUM01,SCTO-DEV-01,+25672867825,"Jul 17, 2026 3:45:56 AM","Jul 17, 2026 3:58:56 AM",13.0,1304059,1304,0.303240 32.877564 0.0 4.0,1,22,1,1,3,7,3,1,,1,3,,1,0,4,0,7,2,1,3,2,Femi,52,0,0,Kofi,24,0,0,Tendai,20,0,0,
uuid:91e6b842-278a-475b-aaaa-e8aef6571001,"Jul 10, 2026 2:35:20 PM",ENUM05,SCTO-DEV-05,+25674744854,"Jul 10, 2026 1:14:56 PM","Jul 10, 2026 1:34:20 PM",19.4,1301059,1301,0.308854 32.447578 0.0 6.0,1,69,1,0,1,5,2,1,,,,,,,,,1,4,0,2,2,Tendai,3,0,0,Thabo,14,0,0,,,,,
uuid:618f2823-d11e-4c1a-adb9-5f4642d280fe,"Jul 20, 2026 2:24:13 AM",ENUM05,SCTO-DEV-05,+25674744854,"Jul 20, 2026 12:35:37 AM","Jul 20, 2026 12:58:13 AM",22.6,1304070,1304,0.313691 32.876487 0.0 11.0,1,61,1,1,0,3,0,2,,,,,,,,,6,0,0,2,1,,,,,,,,,,,,,
uuid:482f69e2-f47e-4715-b51d-4cd4273d8a6d,"Jul 1, 2026 8:45:55 PM",ENUM06,SCTO-DEV-06,+25673341057,"Jul 1, 2026 8:18:55 PM","Jul 1, 2026 8:23:25 PM",4.5,1404091,1404,0.421877 32.867483 0.0 13.0,1,72,2,0,0,2,0,1,,1,3,,1,1,60,0,0,4,1,3,2,,,,,,,,,,,,,
uuid:872faa0d-31c4-4e82-9efb-abc6f70b0ae7,"Jul 9, 2026 12:45:14 AM",ENUM07,SCTO-DEV-07,+25672719583,"Jul 9, 2026 12:14:56 AM","Jul 9, 2026 12:34:14 AM",19.3,1203116,1203,0.193360 32.582358 0.0 10.0,1,25,1,1,0,4,3,3,,0,,,,,,,6,4,0,3,3,Nia,22,0,0,Thabo,37,0,1,Adaeze,50,0,1,
uuid:5459a649-2153-4b81-9f08-8db3d7bda1df,"Jul 2, 2026 3:25:19 PM",ENUM01,SCTO-DEV-01,+25672867825,"Jul 2, 2026 1:34:25 PM","Jul 2, 2026 1:56:19 PM",21.9,1401039,1401,0.414510 32.440848 0.0 7.0,1,48,1,1,2,7,1,2,,1,2,,1,1,99,0,3,0,0,3,2,Amara,22,0,0,,,,,,,,,
uuid:e53abf85-fae3-45d8-a9e9-a971f8231a4a,"Jul 12, 2026 6:00:15 AM",ENUM02,SCTO-DEV-02,+25671419610,"Jul 12, 2026 5:03:33 AM","Jul 12, 2026 5:27:15 AM",23.7,1403016,1403,0.417219 32.731207 0.0 8.0,1,63,1,0,0,7,3,-666,Rainwater ,1,2,,1,1,8,0,4,3,0,1,3,Kwame,29,0,1,Chidi,40,0,0,Jelani,36,0,0,
uuid:784d39cb-9913-429d-9ae2-925bfbb21341,"Jul 2, 2026 1:45:08 AM",ENUM04,SCTO-DEV-04,+25675108603,"Jul 2, 2026 12:42:26 AM","Jul 2, 2026 1:10:08 AM",27.7,1402059,1402,0.424934 32.584252 0.0 14.0,1,20,2,1,3,9,3,4,,0,,,,,,,6,0,1,1,2,Tendai,13,0,0,Zainab,0,0,0,Sekai,13,0,0,
uuid:a7e5875e-0486-4b17-9748-05512980e829,"Jul 1, 2026 9:13:39 PM",ENUM04,SCTO-DEV-04,+25675108603,"Jul 1, 2026 8:28:09 PM","Jul 1, 2026 8:47:39 PM",19.5,1201059,1201,0.199480 32.447591 0.0 11.0,1,40,1,1,2,8,2,-666,Rainwater ,0,,,,,,,0,6,0,3,3,Naledi,7,0,0,Aisha,37,0,0,,,,,
uuid:e65a38ca-17db-4f3d-8ed3-911420dac141,"Jul 11, 2026 12:22:00 AM",ENUM02,SCTO-DEV-02,+25671419610,"Jul 10, 2026 11:03:18 PM","Jul 10, 2026 11:19:00 PM",15.7,1301078,1301,0.312390 32.453171 0.0 15.0,1,27,1,0,3,8,0,2,,1,1,,1,1,60,0,2,1,0,3,2,,,,,,,,,,,,,
uuid:b0f75f68-9df2-4b4a-ba94-8bd5a5aa50b3,"Jul 13, 2026 4:51:46 AM",ENUM02,SCTO-DEV-02,+25671419610,"Jul 13, 2026 3:50:22 AM","Jul 13, 2026 4:10:46 AM",20.4,1204085,1204,0.196875 32.732452 0.0 13.0,1,26,2,1,1,8,1,3,,0,,,,,,,7,0,0,2,3,Kojo,13,0,1,,,,,,,,,
uuid:0469b8ea-4786-490b-951d-7bf3eac9118d,"Jul 17, 2026 1:31:41 AM",ENUM06,SCTO-DEV-06,+25673341057,"Jul 17, 2026 1:06:53 AM","Jul 17, 2026 1:10:05 AM",3.2,1302054,1302,0.300727 32.598415 0.0 11.0,1,41,1,1,2,4,1,2,,0,,,,,,,0,0,1,1,2,Tendai,49,0,0,,,,,,,,,
uuid:590ea876-f2a9-40ce-a75c-43398a827d8a,"Jul 18, 2026 1:29:12 AM",ENUM04,SCTO-DEV-04,+25675108603,"Jul 18, 2026 12:23:24 AM","Jul 18, 2026 12:39:12 AM",15.8,1304046,1304,0.317043 32.873300 0.0 15.0,1,79,2,0,2,6,2,3,,1,3,,0,0,60,0,0,0,1,3,2,Tendai,9,1,,Sekai,8,0,1,,,,,
uuid:bdb85de6-2066-4d6a-99fc-d88d55c3368d,"Jul 19, 2026 2:02:58 AM",ENUM07,SCTO-DEV-07,+25672719583,"Jul 19, 2026 1:28:22 AM","Jul 19, 2026 1:46:58 AM",18.6,1402023,1402,0.426621 32.585899 0.0 5.0,1,34,2,0,3,6,0,1,,1,3,,0,0,99,0,5,1,0,3,2,,,,,,,,,,,,,
uuid:cdf1f1ae-1b48-4e61-886d-777b04b8e835,"Jul 6, 2026 6:46:28 AM",ENUM03,SCTO-DEV-03,+25675614226,"Jul 6, 2026 6:10:16 AM","Jul 6, 2026 6:33:28 AM",23.2,1403054,1403,0.414653 32.729502 0.0 10.0,1,19,2,1,1,2,2,1,,1,2,,0,0,4,0,7,5,0,3,2,Adaeze,20,0,0,Kwame,17,1,,,,,,
uuid:02372363-b3bc-4a09-9fb7-a6579b7aec31,"Jul 12, 2026 6:04:36 PM",ENUM07,SCTO-DEV-07,+25672719583,"Jul 12, 2026 4:39:30 PM","Jul 12, 2026 4:55:36 PM",16.1,1404099,1404,0.424016 32.877914 0.0 11.0,0,,,,,,,,,,,,,,,,,,,,,,,,,,,,,,,,,
uuid:970e5cf1-ff3b-4417-b20c-c866b45adedf,"Jul 8, 2026 5:16:51 AM",ENUM03,SCTO-DEV-03,+25675614226,"Jul 8, 2026 4:07:09 AM","Jul 8, 2026 4:22:51 AM",15.7,1301043,1301,0.315381 32.449465 0.0 12.0,1,27,2,0,2,5,1,2,,1,2,,1,1,6,0,0,5,0,3,1,Kojo,32,0,1,,,,,,,,,
uuid:20b96c43-ab48-4bc7-9a5a-1fe104dd9535,"Jul 9, 2026 9:29:10 AM",ENUM05,SCTO-DEV-05,+25674744854,"Jul 9, 2026 7:46:58 AM","Jul 9, 2026 8:13:10 AM",26.2,1201081,1201,0.209665 32.450948 0.0 8.0,1,72,2,0,0,8,1,1,,,,,,,,,3,1,1,3,2,Sekai,16,0,0,,,,,,,,,
uuid:576e686d-7e36-4acd-a1cb-6ae42f4f1c7a,"Jul 20, 2026 7:25:55 AM",ENUM08,SCTO-DEV-08,+25672458591,"Jul 20, 2026 6:18:31 AM","Jul 20, 2026 6:39:55 AM",21.4,1403058,1403,0.410613 32.736057 0.0 10.0,1,42,2,0,0,9,3,1,,1,1,,0,1,99,0,1,6,0,2,1,Chidi,24,1,,Zuri,35,0,0,Amina,23,0,0,
uuid:331e9be9-4c3b-4548-8ed8-46c2d37b1c67,"Jul 18, 2026 7:44:44 AM",ENUM08,SCTO-DEV-08,+25672458591,"Jul 18, 2026 6:24:14 AM","Jul 18, 2026 6:51:44 AM",27.5,1403105,1403,0.418295 32.721079 0.0 13.0,1,64,1,0,0,2,1,3,,1,1,,1,1,12,0,3,5,1,2,2,Baraka,14,0,0,,,,,,,,,
uuid:c41e2b64-2d35-4944-9017-175f1ed3b898,"Jul 17, 2026 3:37:47 PM",ENUM08,SCTO-DEV-08,+25672458591,"Jul 17, 2026 2:36:41 PM","Jul 17, 2026 2:49:47 PM",13.1,1403026,1403,0.426549 32.727159 0.0 6.0,1,20,1,0,2,5,1,1,,1,1,,0,1,2,0,4,6,1,1,1,Kofi,17,0,0,,,,,,,,,
uuid:80c27daa-d752-4f55-afad-0b24dc4b920a,"Jul 15, 2026 7:32:40 PM",ENUM03,SCTO-DEV-03,+25675614226,"Jul 15, 2026 6:55:16 PM","Jul 15, 2026 7:12:40 PM",17.4,1402004,1402,0.413617 32.593857 0.0 13.0,1,40,2,1,3,7,2,1,,1,1,,1,1,36,1,7,5,0,3,2,Amina,28,0,0,Femi,32,0,0,,,,,
uuid:d7a74122-c810-4080-b3e1-dab93c664950,"Jul 15, 2026 1:24:03 PM",ENUM08,SCTO-DEV-08,+25672458591,"Jul 15, 2026 1:12:21 PM","Jul 15, 2026 1:24:03 PM",11.7,1202098,1202,0.203314 32.877789 0.0 12.0,1,76,1,1,1,6,1,4,,1,3,,1,1,18,1,6,6,0,2,2,Kwame,32,0,0,,,,,,,,,
uuid:cb998e92-2fba-4d8e-8c7a-2f2bf5175666,"Jul 20, 2026 10:57:58 AM",ENUM06,SCTO-DEV-06,+25673341057,"Jul 20, 2026 9:10:58 AM","Jul 20, 2026 9:14:40 AM",3.7,1402034,1402,0.425572 32.599062 0.0 12.0,1,42,1,1,0,6,2,4,,0,,,,,,,0,3,0,1,2,Imani,40,0,0,Chidi,35,0,0,,,,,
uuid:d212d6d3-7edc-4c0f-92d5-a8673b5dcf0f,"Jul 19, 2026 6:55:43 PM",ENUM05,SCTO-DEV-05,+25674744854,"Jul 19, 2026 5:30:13 PM","Jul 19, 2026 5:42:43 PM",12.5,1201096,1201,0.204290 32.458827 0.0 8.0,1,37,2,0,3,7,1,2,,,,,,,,,0,0,1,3,3,Adaeze,12,1,,,,,,,,,,
uuid:d24cfb13-3a00-467b-89c4-58e3be95f811,"Jul 1, 2026 12:00:46 PM",ENUM05,SCTO-DEV-05,+25674744854,"Jul 1, 2026 10:38:04 AM","Jul 1, 2026 10:59:46 AM",21.7,1201084,1201,0.204631 32.454840 0.0 9.0,1,34,1,1,3,3,0,3,,,,,,,,,7,0,0,2,3,,,,,,,,,,,,,
uuid:6dbd8dd4-a03e-4fb8-847f-5a0ab9c5f37d,"Jul 7, 2026 10:58:52 PM",ENUM05,SCTO-DEV-05,+25674744854,"Jul 7, 2026 9:08:10 PM","Jul 7, 2026 9:30:52 PM",22.7,1403022,1403,0.417250 32.730688 0.0 9.0,1,37,1,1,2,7,2,1,,,,,,,,,0,0,0,1,2,Kojo,39,0,0,Kojo,45,0,0,,,,,
uuid:23b47e9d-be41-45fa-82b9-c1fa3cc61d97,"Jul 9, 2026 8:09:38 AM",ENUM01,SCTO-DEV-01,+25672867825,"Jul 9, 2026 7:36:50 AM","Jul 9, 2026 8:03:38 AM",26.8,1303075,1303,0.307867 32.720831 0.0 10.0,1,49,2,1,2,2,0,2,,1,2,,1,0,48,0,0,6,0,2,1,,,,,,,,,,,,,
uuid:e2633103-ff1f-410d-8658-8612f2b2fb16,"Jul 1, 2026 1:26:16 PM",ENUM06,SCTO-DEV-06,+25673341057,"Jul 1, 2026 11:42:28 AM","Jul 1, 2026 11:46:28 AM",4.0,1301021,1301,0.313566 32.441146 0.0 12.0,1,25,2,0,1,5,2,1,,1,1,,1,0,24,0,1,3,0,2,2,Chidi,6,0,0,Kofi,31,0,1,,,,,
uuid:315fde34-4a2e-4324-9bcb-4c1b7f66ef49,"Jul 6, 2026 3:51:39 AM",ENUM03,SCTO-DEV-03,+25675614226,"Jul 6, 2026 2:41:45 AM","Jul 6, 2026 2:58:39 AM",16.9,1301026,1301,0.309633 32.450710 0.0 6.0,1,74,2,0,0,5,0,2,,1,1,,0,0,99,0,5,0,0,1,2,,,,,,,,,,,,,
uuid:8ccaac59-a544-4004-8652-c62549b62521,"Jul 9, 2026 5:19:32 AM",ENUM07,SCTO-DEV-07,+25672719583,"Jul 9, 2026 4:17:02 AM","Jul 9, 2026 4:28:32 AM",11.5,1201074,1201,0.192067 32.443076 0.0 6.0,1,49,1,0,3,6,1,2,,1,3,,0,1,12,0,1,1,1,2,2,Adaeze,0,0,0,,,,,,,,,
uuid:e039135c-28f3-404e-bdc1-ac9f9754f686,"Jul 8, 2026 10:42:09 PM",ENUM02,SCTO-DEV-02,+25671419610,"Jul 8, 2026 9:22:45 PM","Jul 8, 2026 9:48:09 PM",25.4,1302025,1302,0.315403 32.593959 0.0 7.0,1,75,2,1,2,4,1,1,,0,,,,,,,0,6,0,3,2,Femi,48,0,0,,,,,,,,,
uuid:22222633-ea25-4eec-b5e9-819ee32b72b9,"Jul 9, 2026 10:20:22 PM",ENUM04,SCTO-DEV-04,+25675108603,"Jul 9, 2026 8:46:16 PM","Jul 9, 2026 9:01:22 PM",15.1,1202055,1202,0.191207 32.860142 0.0 9.0,1,60,2,1,2,6,1,1,,1,3,,0,1,24,0,1,5,1,3,3,Jelani,2,0,0,,,,,,,,,
uuid:a1508323-3bfd-4c93-812a-76fe687a46be,"Jul 7, 2026 11:56:00 AM",ENUM01,SCTO-DEV-01,+25672867825,"Jul 7, 2026 11:09:06 AM","Jul 7, 2026 11:33:00 AM",23.9,1201094,1201,0.208207 32.449612 0.0 12.0,1,72,1,1,0,4,0,1,,1,3,,1,1,3,1,2,2,0,2,2,,,,,,,,,,,,,
uuid:16efef4b-56e7-4781-b6be-7a59a19f20d2,"Jul 12, 2026 1:37:23 AM",ENUM01,SCTO-DEV-01,+25672867825,"Jul 12, 2026 12:31:29 AM","Jul 12, 2026 12:53:23 AM",21.9,1304071,1304,0.317009 32.874810 0.0 15.0,1,29,2,1,0,6,1,1,,0,,,,,,,0,0,0,2,2,Kojo,31,0,1,,,,,,,,,
uuid:9e90279f-9658-43f2-9eec-43e08c2244c3,"Jul 15, 2026 12:01:50 PM",ENUM01,SCTO-DEV-01,+25672867825,"Jul 15, 2026 10:49:14 AM","Jul 15, 2026 11:04:50 AM",15.6,1404060,1404,0.425957 32.869489 0.0 6.0,1,67,1,1,1,8,2,1,,1,3,,1,1,24,0,1,3,0,2,3,Oluwaseun,52,0,0,Oluwaseun,7,0,1,,,,,
uuid:fdf88a61-ef8e-4cd5-8ced-a670a53219f6,"Jul 14, 2026 11:44:01 PM",ENUM04,SCTO-DEV-04,+25675108603,"Jul 14, 2026 9:55:07 PM","Jul 14, 2026 10:16:01 PM",20.9,1302069,1302,0.313994 32.588154 0.0 14.0,1,62,1,1,2,5,3,3,,0,,,,,,,2,3,1,3,3,Sekai,55,0,0,Aisha,47,0,0,Nia,17,0,0,
uuid:cc60fa00-966e-44e7-badc-5242b25295ca,"Jul 11, 2026 2:25:01 PM",ENUM07,SCTO-DEV-07,+25672719583,"Jul 11, 2026 1:43:49 PM","Jul 11, 2026 2:01:01 PM",17.2,1203021,1203,0.196415 32.591878 0.0 4.0,1,58,1,0,3,4,1,4,,1,3,,1,0,2,1,0,7,0,1,1,Amara,21,0,1,,,,,,,,,
uuid:9fa3d12a-f73b-415a-a530-1ea35505346f,"Jul 10, 2026 6:45:48 AM",ENUM05,SCTO-DEV-05,+25674744854,"Jul 10, 2026 5:10:06 AM","Jul 10, 2026 5:37:48 AM",27.7,1201055,1201,0.194185 32.459437 0.0 8.0,1,27,2,0,0,3,2,4,,,,,,,,,5,6,1,2,2,Nia,40,0,0,Kojo,38,1,,,,,,
uuid:fc6c02bb-1a39-4531-98be-8711f1668e46,"Jul 15, 2026 8:44:47 PM",ENUM07,SCTO-DEV-07,+25672719583,"Jul 15, 2026 8:25:17 PM","Jul 15, 2026 8:36:47 PM",11.5,1203055,1203,0.201234 32.594089 0.0 6.0,1,24,2,0,3,6,1,3,,0,,,,,,,1,3,1,3,1,Zainab,31,0,0,,,,,,,,,
uuid:73b504b4-f04c-4b82-8eef-593ec4b784e2,"Jul 4, 2026 4:20:06 AM",ENUM03,SCTO-DEV-03,+25675614226,"Jul 4, 2026 3:28:48 AM","Jul 4, 2026 3:55:06 AM",26.3,1403018,1403,0.410071 32.735308 0.0 4.0,1,77,2,0,0,9,0,2,,1,2,,1,0,6,0,0,4,0,3,3,,,,,,,,,,,,,
uuid:40e94ec7-81ae-4eaf-9f2b-6b387785e36f,"Jul 4, 2026 1:49:34 AM",ENUM02,SCTO-DEV-02,+25671419610,"Jul 4, 2026 1:15:22 AM","Jul 4, 2026 1:29:34 AM",14.2,1304095,1304,0.308065 32.877090 0.0 13.0,1,44,2,0,0,9,0,-666,Rainwater ,0,,,,,,,0,0,0,2,2,,,,,,,,,,,,,
uuid:8d1ef46f-74cf-45f7-a8fe-f391e9fdbf48,"Jul 3, 2026 12:02:59 PM",ENUM06,SCTO-DEV-06,+25673341057,"Jul 3, 2026 10:39:53 AM","Jul 3, 2026 10:44:17 AM",4.4,1302045,1302,0.305502 32.582999 0.0 10.0,1,34,1,0,1,6,1,-666,Rainwater ,1,1,,1,1,48,0,0,5,0,3,3,Adaeze,38,0,0,,,,,,,,,
uuid:2f0fc967-357e-4cb6-81a5-23fb9cf92f85,"Jul 5, 2026 6:48:57 PM",ENUM03,SCTO-DEV-03,+25675614226,"Jul 5, 2026 6:19:21 PM","Jul 5, 2026 6:37:57 PM",18.6,1301072,1301,0.309114 32.447794 0.0 6.0,1,65,2,0,0,6,1,1,,1,1,,1,0,8,1,0,7,0,2,1,Chidi,16,1,,,,,,,,,,
uuid:2330ab92-7e0f-4010-a7b0-08a58e6e9621,"Jul 11, 2026 12:15:58 AM",ENUM07,SCTO-DEV-07,+25672719583,"Jul 10, 2026 10:34:46 PM","Jul 10, 2026 11:01:58 PM",27.2,1404085,1404,0.429298 32.867242 0.0 6.0,1,26,2,1,1,8,3,1,,1,3,,0,1,99,1,6,2,0,1,2,Kojo,16,0,0,Jelani,40,0,1,Zuri,54,0,1,
uuid:e180528e-d17f-494c-af83-3718489d4f3b,"Jul 2, 2026 9:44:03 AM",ENUM02,SCTO-DEV-02,+25671419610,"Jul 2, 2026 9:00:45 AM","Jul 2, 2026 9:13:03 AM",12.3,1303085,1303,0.316602 32.733301 0.0 11.0,1,41,1,1,2,3,0,1,,1,2,,1,1,6,0,3,2,1,3,2,,,,,,,,,,,,,
uuid:e5b4c1b4-7b95-4043-bdc8-12297142294e,"Jul 1, 2026 10:04:56 AM",ENUM07,SCTO-DEV-07,+25672719583,"Jul 1, 2026 8:28:20 AM","Jul 1, 2026 8:46:56 AM",18.6,1404079,1404,0.425535 32.860448 0.0 11.0,0,,,,,,,,,,,,,,,,,,,,,,,,,,,,,,,,,
uuid:9b9edb22-e9c9-4e5e-b490-64e0bfd011c8,"Jul 14, 2026 5:51:24 PM",ENUM05,SCTO-DEV-05,+25674744854,"Jul 14, 2026 4:32:06 PM","Jul 14, 2026 4:50:24 PM",18.3,1201090,1201,0.191636 32.448369 0.0 8.0,1,38,2,1,2,6,2,-666,Rainwater ,,,,,,,,7,3,0,3,3,Nia,29,0,0,Kwame,14,0,1,,,,,
uuid:27662bff-eeee-4453-9909-a6f5fd8bb3dd,"Jul 13, 2026 9:05:23 AM",ENUM01,SCTO-DEV-01,+25672867825,"Jul 13, 2026 7:30:53 AM","Jul 13, 2026 7:49:23 AM",18.5,1301048,1301,0.305630 32.443246 0.0 15.0,1,76,1,0,3,4,1,1,,1,1,,0,0,24,0,7,7,0,1,3,Imani,1,0,0,,,,,,,,,
uuid:b8411310-f896-44ce-bd02-b834be52ec37,"Jul 8, 2026 8:49:48 AM",ENUM02,SCTO-DEV-02,+25671419610,"Jul 8, 2026 8:20:48 AM","Jul 8, 2026 8:39:48 AM",19.0,1304016,1304,0.318144 32.869552 0.0 6.0,1,35,2,1,3,6,1,2,,0,,,,,,,3,3,0,2,2,Imani,22,0,1,,,,,,,,,
uuid:4e1b0583-8f40-4e86-a270-d42d2eee1d23,"Jul 1, 2026 9:36:22 AM",ENUM08,SCTO-DEV-08,+25672458591,"Jul 1, 2026 8:20:58 AM","Jul 1, 2026 8:41:22 AM",20.4,1403062,1403,0.429417 32.721578 0.0 13.0,1,46,1,0,2,6,0,2,,1,1,,1,0,36,0,6,1,1,1,3,,,,,,,,,,,,,
uuid:75ee3bd8-072a-4920-90ad-c96f6b8804c8,"Jul 17, 2026 4:20:27 PM",ENUM03,SCTO-DEV-03,+25675614226,"Jul 17, 2026 3:38:51 PM","Jul 17, 2026 3:50:27 PM",11.6,1402012,1402,0.423100 32.599513 0.0 5.0,1,54,2,0,3,8,1,2,,0,,,,,,,0,0,1,1,1,Oluwaseun,22,0,0,,,,,,,,,
uuid:789c50f8-04ff-4478-9df0-eb71c9f40340,"Jul 13, 2026 3:25:17 PM",ENUM01,SCTO-DEV-01,+25672867825,"Jul 13, 2026 2:49:53 PM","Jul 13, 2026 3:02:17 PM",12.4,1204001,1204,0.191370 32.721359 0.0 7.0,1,70,1,1,0,3,1,2,,1,3,,1,0,6,1,0,4,0,1,1,Amara,29,0,0,,,,,,,,,
uuid:bcf05e9c-42b4-49df-abad-f0cce62e24ea,"Jul 3, 2026 1:32:15 PM",ENUM02,SCTO-DEV-02,+25671419610,"Jul 3, 2026 1:19:51 PM","Jul 3, 2026 1:31:15 PM",11.4,1202029,1202,0.202578 32.871866 0.0 4.0,1,29,2,1,1,9,2,3,,1,3,,1,1,6,0,6,2,1,3,3,Naledi,40,1,,Amina,55,1,,,,,,
uuid:f6f6101f-1b90-43e9-9a23-f791616e6146,"Jul 3, 2026 3:04:41 PM",ENUM05,SCTO-DEV-05,+25674744854,"Jul 3, 2026 2:51:41 PM","Jul 3, 2026 3:04:41 PM",13.0,1204092,1204,0.196357 32.720363 0.0 13.0,1,71,2,1,1,3,1,1,,,,,,,,,3,0,0,2,1,Sekai,40,0,0,,,,,,,,,
uuid:68267ba7-d13e-4cba-a560-2ee5a54c08c2,"Jul 11, 2026 11:34:08 AM",ENUM04,SCTO-DEV-04,+25675108603,"Jul 11, 2026 10:33:32 AM","Jul 11, 2026 11:01:08 AM",27.6,1203109,1203,0.208740 32.595859 0.0 13.0,1,54,2,0,0,4,0,2,,0,,,,,,,3,7,1,2,2,,,,,,,,,,,,,
uuid:b44fa9b5-8033-4a78-91b8-331650e3b4dd,"Jul 10, 2026 11:45:05 PM",ENUM03,SCTO-DEV-03,+25675614226,"Jul 10, 2026 10:22:29 PM","Jul 10, 2026 10:37:05 PM",14.6,1302039,1302,0.300147 32.592554 0.0 13.0,1,55,2,0,3,4,2,3,,1,1,,0,1,60,1,0,4,0,2,2,Chidi,7,1,,Tendai,47,0,0,,,,,
uuid:9ca041b2-3350-49cc-b111-c7c128bf305f,"Jul 2, 2026 12:14:32 PM",ENUM07,SCTO-DEV-07,+25672719583,"Jul 2, 2026 11:20:02 AM","Jul 2, 2026 11:46:32 AM",26.5,1302085,1302,0.304225 32.593535 0.0 15.0,1,64,1,0,3,3,1,3,,0,,,,,,,7,3,0,3,1,Amina,0,0,0,,,,,,,,,
uuid:8b39590a-4ec0-4110-acd1-890000f07801,"Jul 20, 2026 3:14:51 PM",ENUM08,SCTO-DEV-08,+25672458591,"Jul 20, 2026 2:09:39 PM","Jul 20, 2026 2:28:51 PM",19.2,1303116,1303,0.316601 32.733335 0.0 5.0,1,78,2,0,0,6,1,2,,0,,,,,,,3,6,0,1,3,Sekai,41,0,0,,,,,,,,,
uuid:bc69514c-3406-4fce-ae46-2bcf67acf70d,"Jul 9, 2026 9:05:49 AM",ENUM05,SCTO-DEV-05,+25674744854,"Jul 9, 2026 8:15:43 AM","Jul 9, 2026 8:34:49 AM",19.1,1204028,1204,0.191118 32.733841 0.0 14.0,0,,,,,,,,,,,,,,,,,,,,,,,,,,,,,,,,,
uuid:ee17a812-a6f0-41b1-9c37-2c23d725078a,"Jul 7, 2026 4:20:03 PM",ENUM08,SCTO-DEV-08,+25672458591,"Jul 7, 2026 3:40:21 PM","Jul 7, 2026 4:03:03 PM",22.7,1203081,1203,0.199351 32.595793 0.0 9.0,1,43,2,0,1,5,1,2,,1,1,,1,0,36,0,3,1,0,2,1,Chidi,50,0,0,,,,,,,,,
uuid:554726ef-906c-4eda-acef-764e3d4a3ef0,"Jul 6, 2026 9:50:46 PM",ENUM08,SCTO-DEV-08,+25672458591,"Jul 6, 2026 8:42:34 PM","Jul 6, 2026 9:05:46 PM",23.2,1403090,1403,0.425250 32.725812 0.0 9.0,1,38,1,1,3,4,0,2,,0,,,,,,,3,0,0,1,3,,,,,,,,,,,,,
uuid:fef38df4-a29d-4575-9272-842dd62a4286,"Jul 4, 2026 10:50:50 PM",ENUM07,SCTO-DEV-07,+25672719583,"Jul 4, 2026 10:07:32 PM","Jul 4, 2026 10:28:50 PM",21.3,1202010,1202,0.199517 32.872295 0.0 4.0,1,34,1,0,1,2,2,3,,1,2,,1,1,36,0,7,3,0,3,1,Amina,6,0,0,Baraka,58,0,0,,,,,
uuid:7d6ee149-c697-4a58-8fa5-98c334768f22,"Jul 4, 2026 4:38:51 PM",ENUM01,SCTO-DEV-01,+25672867825,"Jul 4, 2026 4:23:21 PM","Jul 4, 2026 4:38:51 PM",15.5,1304100,1304,0.306046 32.875755 0.0 5.0,1,22,1,0,3,3,2,1,,1,3,,1,0,24,0,4,3,0,3,3,Sekai,8,0,0,Baraka,21,0,0,,,,,
uuid:869e301d-333f-4816-9c2f-17f3c6d9632b,"Jul 6, 2026 12:56:53 PM",ENUM01,SCTO-DEV-01,+25672867825,"Jul 6, 2026 11:11:47 AM","Jul 6, 2026 11:30:53 AM",19.1,1403100,1403,0.411461 32.738578 0.0 11.0,1,65,2,0,1,9,1,1,,1,1,,0,0,4,0,5,5,0,2,1,Femi,37,0,0,,,,,,,,,
uuid:8d5fef03-e2b9-400e-ae15-c4c5dbd7b48d,"Jul 5, 2026 3:34:01 AM",ENUM07,SCTO-DEV-07,+25672719583,"Jul 5, 2026 2:13:01 AM","Jul 5, 2026 2:38:01 AM",25.0,1202046,1202,0.208439 32.876767 0.0 10.0,1,74,1,1,2,3,1,3,,1,2,,1,0,18,0,0,7,0,3,3,Tendai,3,0,0,,,,,,,,,
uuid:827ac0dd-56d1-4a53-9e52-7176177ff54c,"Jul 9, 2026 4:10:13 AM",ENUM08,SCTO-DEV-08,+25672458591,"Jul 9, 2026 4:06:19 AM","Jul 9, 2026 4:08:13 AM",1.9,1203129,1203,0.207038 32.591780 0.0 14.0,1,41,2,0,2,4,0,2,,1,3,,1,0,48,1,0,0,0,3,2,,,,,,,,,,,,,
